"measure","dax"
"meas.adj_dur_confidence","```
			
			
			VAR _conf =  ROUND([meas.ssr_history_adj_dur_conf]*100,0)           // get the avg of ci time allocation confidence
			
			var _status_ = 
			    IF(
			    _conf >= 0 && _conf <= 49, ""Limited"",
			        IF(
			            _conf >=50 && _conf <= 74, ""Fair"",
			            IF(
			                _conf >=75 && _conf <= 84, ""Good"",
			                IF(
			                    _conf >=85 && _conf <= 94, ""Great"",
			                    ""Excellent""
			                )
			            )
			        )
			)
			
			
			
			RETURN 
			IF(
			    _conf <>0,
			    _status_ & "" ("" & _conf & "")""  // Convert _conf to integer text format
			)
			```
		displayFolder: _opps_detail
		lineageTag: fb0ed675-10ef-49f1-bad0-809ded7cb87f

	/// Description: Returns the categorical status number derived from adjusted duration confidence scoring."
"meas.all_stkhlds_title","""All Stakeholder - "" & [meas.all_stkhlds_count]
		displayFolder: _opps_detail
		lineageTag: 78757da0-c460-47ed-ba7c-ab3e66cb3c13

	/// Description: Redundant measure - slated for depreciation."
"meas.avg_time_spent_per_deal_ratio_existing_customer_selling","```
			
			var highes_high_mid = CALCULATE(
			    [meas.avg_time_spent_per_step],
			    ssr_history[step_name]=""Existing Customer Selling"",           // get the time for highest, high and mid
			    quality_buckets[bucket] in {""Highest"", ""High"", ""Mid""}
			)
			
			var lowest_low = CALCULATE(
			    [meas.avg_time_spent_per_step],
			    ssr_history[step_name]=""Existing Customer Selling"",       // get the time for lowest and low
			    quality_buckets[bucket] in {""Lowest"", ""Low""}
			)
			
			var ratio = DIVIDE(highes_high_mid, lowest_low, 0)              // get the ratio 
			var res = FORMAT(ratio, ""0.0"")
			RETURN
			res
			```
		displayFolder: _activity_analysis
		lineageTag: 00aaaf4d-0b2d-4b32-ae94-9998178938d4

	/// Description: Calculates the number of leads count."
"meas.avg_time_spent_per_deal_ratio_new_logo_selling","```
			
			var highes_high_mid = CALCULATE(
			    [meas.avg_time_spent_per_step],
			    ssr_history[step_name]=""New Logo Selling"",           // get the time for highest, high and mid
			    quality_buckets[bucket] in {""Highest"", ""High"", ""Mid""}
			)
			
			var lowest_low = CALCULATE(
			    [meas.avg_time_spent_per_step],
			    ssr_history[step_name]=""New Logo Selling"",       // get the time for lowest and low
			    quality_buckets[bucket] in {""Lowest"", ""Low""}
			)
			
			var ratio = DIVIDE(highes_high_mid, lowest_low, 0)              // get the ratio 
			var res = FORMAT(ratio, ""0.0"")
			RETURN
			res
			```
		displayFolder: _activity_analysis
		lineageTag: 15466063-1b8b-4b46-83f4-051ae6f09c2b

	/// Description: Returns average time spent per deal ratio post sales support where step is Post-Sales Support."
"meas.avg_time_spent_per_deal_ratio_post_sales_support","```
			
			var highes_high_mid = CALCULATE(
			    [meas.avg_time_spent_per_step],
			    ssr_history[step_name]=""Post-Sales Support"",           // get the time for highest, high and mid
			    quality_buckets[bucket] in {""Highest"", ""High"", ""Mid""}
			)
			
			var lowest_low = CALCULATE(
			    [meas.avg_time_spent_per_step],
			    ssr_history[step_name]=""Post-Sales Support"",       // get the time for lowest and low
			    quality_buckets[bucket] in {""Lowest"", ""Low""}
			)
			
			var ratio = DIVIDE(highes_high_mid, lowest_low, 0)              // get the ratio 
			var res = FORMAT(ratio, ""0.0"")
			RETURN
			res
			```
		displayFolder: _activity_analysis
		lineageTag: bf13ce43-0aaf-4b0e-9c09-643a54be6840

	/// Description: Returns average time spent per deal ratio existing customer selling where step is Existing Customer Selling."
"meas.avg_time_spent_per_deal_ratio_prospecting","```
			
			var highes_high_mid = CALCULATE(
			    [meas.avg_time_spent_per_step],
			    ssr_history[step_name]=""Prospecting"",           // get the time for highest, high and mid
			    quality_buckets[bucket] in {""Highest"", ""High"", ""Mid""}
			)
			
			var lowest_low = CALCULATE(
			    [meas.avg_time_spent_per_step],
			    ssr_history[step_name]=""Prospecting"",       // get the time for lowest and low
			    quality_buckets[bucket] in {""Lowest"", ""Low""}
			)
			
			var ratio = DIVIDE(highes_high_mid, lowest_low, 0)              // get the ratio 
			var res = FORMAT(ratio, ""0.0"")
			RETURN
			res
			```
		displayFolder: _activity_analysis
		lineageTag: 41dc3022-b907-47c0-9265-af35d57ab609

	/// Description: Returns average time spent per deal ratio new logo selling where step is New Logo Selling."
"meas.loss_reason_population_coverage_pct_new","VAR factor1 = [meas.loss_reason_lost_opps_with_reason]
			VAR factor2 = [meas.opps_deals_lost_count]
			
			VAR res =  MIN(DIVIDE ( factor1, factor2, 0 ) ,1)
			RETURN res*100
		formatString: 0.00%;-0.00%;0.00%
		displayFolder: all_activity_opp
		lineageTag: 7f2d621f-6f24-44c9-bfe2-d85d7ea6a7ff

	/// Id of the SSR document the record belongs to
	column _sys_ssr_id
		dataType: string
		lineageTag: 5dab0112-202e-4780-9aad-25b2f42a82d8
		summarizeBy: none
		sourceColumn: _sys_ssr_id

		annotation SummarizationSetBy = User

	/// Opportunity id on selling steps, first opportunity id on steps prior to that, last opportunity id on post-sales support steps
	column entity_opp_id
		dataType: string
		lineageTag: b951ec4a-2cb6-4841-8e1d-4af168b4dbc3
		summarizeBy: none
		sourceColumn: entity_opp_id

		annotation SummarizationSetBy = Automatic

	/// Propensity based on the probability of success
	column entity_propensity
		dataType: string
		lineageTag: 579230fa-0af4-417b-8716-1fe876b243f7
		summarizeBy: none
		sourceColumn: entity_propensity
		sortByColumn: entity_propensity_num

		changedProperty = SortByColumn

		annotation SummarizationSetBy = Automatic

	/// Opportunity's current normalized stage, present in selling steps
	column opp_final_stage
		dataType: string
		lineageTag: 24f7cb62-2901-4a1a-9ebf-b4819c07a601
		summarizeBy: none
		sourceColumn: opp_final_stage

		annotation SummarizationSetBy = Automatic

	/// Date when the opportunity entered the late stage, present in selling steps
	column opp_late_date
		dataType: dateTime
		formatString: Short Date
		displayFolder: _opps_detail
		lineageTag: f2803e7d-3dac-4f6a-b087-23324f73c630
		summarizeBy: none
		sourceColumn: opp_late_date

		variation Variation
			isDefault
			relationship: 27a20954-8d3f-4159-a863-b8891378ce2a
			defaultHierarchy: LocalDateTable_acf5c056-7dbf-4af9-b3b1-f5cd7a9dbce5.'Date Hierarchy'

		changedProperty = FormatString

		annotation SummarizationSetBy = Automatic

	/// Date when the opportunity entered the middle stage, present in selling steps
	column opp_mid_date
		dataType: dateTime
		formatString: Short Date
		displayFolder: _opps_detail
		lineageTag: 498cc59b-fe65-4c19-9cde-c7bed977ee34
		summarizeBy: none
		sourceColumn: opp_mid_date

		variation Variation
			isDefault
			relationship: 70b412e5-a61e-41ca-a7f5-406a1fcf1197
			defaultHierarchy: LocalDateTable_5d931608-5e0e-476a-ad83-2e4a7aeba3ea.'Date Hierarchy'

		changedProperty = FormatString

		annotation SummarizationSetBy = Automatic

	/// End date of the step
	column step_end_date
		dataType: dateTime
		formatString: General Date
		lineageTag: a9a6219e-126e-43f8-b744-594d761f0672
		summarizeBy: none
		sourceColumn: step_end_date

		variation Variation
			isDefault
			relationship: b99e68dd-1862-4a97-8e2a-04dbb7eada0b
			defaultHierarchy: LocalDateTable_2720c721-e2f2-4d36-a491-4a5c0ee8b2b6.'Date Hierarchy'

		annotation SummarizationSetBy = Automatic

	/// Rule used to determine the end date of the step
	column step_end_rule
		dataType: int64
		formatString: 0
		lineageTag: d53dfdac-41ed-49c3-92ad-edcdc273fbe0
		summarizeBy: sum
		sourceColumn: step_end_rule

		annotation SummarizationSetBy = Automatic

	/// Id of the step, specific to every step name
	column step_id
		dataType: string
		lineageTag: ee7f53b4-2284-45c0-ab85-a00c96e0e966
		summarizeBy: none
		sourceColumn: step_id

		annotation SummarizationSetBy = Automatic

	/// Number of days from the step start date to end date
	column step_length_in_days
		dataType: int64
		formatString: #,0"" days""
		lineageTag: 7eba4b01-d3d5-4128-a557-fbe339f5bf8a
		summarizeBy: sum
		sourceColumn: step_length_in_days

		annotation SummarizationSetBy = Automatic

	/// Name of the step
	column step_name
		dataType: string
		lineageTag: 40c49999-5de7-4f44-8aa7-dc1baddec394
		summarizeBy: none
		sourceColumn: step_name
		sortByColumn: step_id

		changedProperty = SortByColumn

		annotation SummarizationSetBy = Automatic

	/// Outcome of the step, if end date present
	column step_outcome
		dataType: string
		lineageTag: 27b46a21-ec44-44a3-bab7-da6b81d3866b
		summarizeBy: none
		sourceColumn: step_outcome

		annotation SummarizationSetBy = Automatic

	/// Rule used to determine the outcome of the step, if end date present
	column step_outcome_rule
		dataType: string
		lineageTag: eba6e07a-0c95-4ba8-9071-c9a58c6c8682
		summarizeBy: none
		sourceColumn: step_outcome_rule

		annotation SummarizationSetBy = Automatic

	/// Prep factor of the owner of the step
	column step_owner_prep_factor
		dataType: double
		lineageTag: 70517a6e-8e13-4364-9085-23194faa46d2
		summarizeBy: sum
		sourceColumn: step_owner_prep_factor

		annotation SummarizationSetBy = Automatic

		annotation PBI_FormatHint = {""isGeneralNumber"":true}

	/// Rule used to determine the owner of the step
	column step_owner_rule
		dataType: string
		lineageTag: fce5c0af-3fda-41de-9300-65438c9c995d
		summarizeBy: none
		sourceColumn: step_owner_rule

		annotation SummarizationSetBy = Automatic

	/// User role of the owner of the step
	column step_owner_user_role
		dataType: string
		lineageTag: b2930202-3eb6-4436-8753-05be01b7abd1
		summarizeBy: none
		sourceColumn: step_owner_user_role

		annotation SummarizationSetBy = Automatic

	/// Ordinal number based on the position of the step in the sequence
	column step_sequence
		dataType: int64
		formatString: 0
		lineageTag: 74a06d8a-95fb-4cf4-b1cb-62d8161026cc
		summarizeBy: sum
		sourceColumn: step_sequence

		annotation SummarizationSetBy = Automatic

	/// Start date of the step
	column step_start_date
		dataType: dateTime
		formatString: General Date
		lineageTag: dfa5e53d-58fa-4db7-bf27-0e618ddac181
		summarizeBy: none
		sourceColumn: step_start_date

		variation Variation
			isDefault
			relationship: 91b702af-f803-4ee3-859b-787ccb983920
			defaultHierarchy: LocalDateTable_738db8eb-6a03-4b89-a1e1-82c7fd5be0c4.'Date Hierarchy'

		annotation SummarizationSetBy = Automatic

	/// Probability of successful outcome of the step
	column step_success_prob
		dataType: double
		formatString: 0%;-0%;0%
		lineageTag: 76c30b2c-598d-4c21-8110-04190102d95e
		summarizeBy: sum
		sourceColumn: step_success_prob

		annotation SummarizationSetBy = Automatic

	/// Boolean flag that indicates whether the outcome of the step was successful
	column step_success
		dataType: boolean
		formatString: """"""TRUE"""";""""TRUE"""";""""FALSE""""""
		lineageTag: c6d1fb0a-d3e0-4f18-9ea2-58e469ae45ad
		summarizeBy: none
		sourceColumn: step_success

		annotation SummarizationSetBy = Automatic

	/// Value created during the step
	column vi_value_created
		dataType: double
		lineageTag: 30322891-c9f1-4b88-b781-315e5687ad84
		summarizeBy: sum
		sourceColumn: vi_value_created

		annotation SummarizationSetBy = Automatic

		annotation PBI_FormatHint = {""isGeneralNumber"":true}

	/// Value delivered at the end of the step
	column vi_value_delivered
		dataType: double
		lineageTag: 7debbe86-1dbe-4d14-bffb-dc0aacd2e2b3
		summarizeBy: sum
		sourceColumn: vi_value_delivered

		annotation SummarizationSetBy = Automatic

		annotation PBI_FormatHint = {""isGeneralNumber"":true}

	/// Opportunity's close date in the first opportunity history entry, present in selling steps
	column opp_initial_close_date
		dataType: dateTime
		formatString: Short Date
		displayFolder: _opps_detail
		lineageTag: cb5bc555-19e2-47b6-a591-2722c1e85bb7
		summarizeBy: none
		sourceColumn: opp_initial_close_date

		variation Variation
			isDefault
			relationship: b51acf6c-0226-47f2-9230-368f26d821fe
			defaultHierarchy: LocalDateTable_496f763c-1708-493a-8d32-b8ac3c5e8afa.'Date Hierarchy'

		annotation SummarizationSetBy = Automatic

	/// Opportunity's sale type, present in selling steps
	column opp_sale_type
		dataType: string
		lineageTag: 2963d52d-597a-4aaa-ae69-20ab69951bea
		summarizeBy: none
		sourceColumn: opp_sale_type

		annotation SummarizationSetBy = Automatic

	/// Opportunity's current CRM stage name, present in selling steps
	column opp_crm_stage
		dataType: string
		lineageTag: d43e542a-7922-422a-9ef0-0f70dd9f1d75
		summarizeBy: none
		sourceColumn: opp_crm_stage

		annotation SummarizationSetBy = Automatic

	/// Account id, if account already exists
	column entity_account_id
		dataType: string
		lineageTag: 63fb792d-4132-476c-8002-4e6cdefd131e
		summarizeBy: none
		sourceColumn: entity_account_id

		annotation SummarizationSetBy = Automatic

	/// Lead id, if the prospecting object is a lead
	column entity_lead_id
		dataType: string
		lineageTag: e8304864-fcf8-428e-87fd-6ed8f7db13e1
		summarizeBy: none
		sourceColumn: entity_lead_id

		annotation SummarizationSetBy = Automatic

	/// Opportunity's last normalized stage, before it was lost
	column opp_lost_stage
		dataType: string
		lineageTag: 65c35247-a919-4cd6-b2a0-5fc345f6d860
		summarizeBy: none
		sourceColumn: opp_lost_stage

		annotation SummarizationSetBy = Automatic

	/// Opportunity's CRM type, present in selling steps
	column opp_crm_type
		dataType: string
		lineageTag: dcb4fda4-3786-4ec0-902d-ff62b48c2449
		summarizeBy: none
		sourceColumn: opp_crm_type

		annotation SummarizationSetBy = Automatic

	/// Probability of successful outcome of the step
	column step_next_success_prob
		dataType: double
		formatString: 0%;-0%;0%
		lineageTag: 3b77d037-866c-4a1a-b9f1-4bfd03d2fb94
		summarizeBy: sum
		sourceColumn: step_next_success_prob

		annotation SummarizationSetBy = Automatic

	/// Entity of the primary object related to the step
	column entity_primary
		dataType: string
		lineageTag: 114525cf-f730-4098-8de6-810a302f8296
		summarizeBy: none
		sourceColumn: entity_primary

		annotation SummarizationSetBy = Automatic

	/// Custom categorical variable
	column entity_crm_custom_value_1
		dataType: string
		lineageTag: 6d56cf61-6ec9-43d4-a730-114c6a6f030a
		summarizeBy: none
		sourceColumn: entity_crm_custom_value_1

		annotation SummarizationSetBy = Automatic

	/// Custom categorical variable
	column entity_crm_custom_value_2
		dataType: string
		lineageTag: 05a06ffc-7cf7-45c1-8f4c-58ab2cd37d22
		summarizeBy: none
		sourceColumn: entity_crm_custom_value_2

		annotation SummarizationSetBy = Automatic

	/// Custom categorical variable
	column entity_crm_custom_value_3
		dataType: string
		lineageTag: 75d2a163-a42a-48cd-9cfd-a51ed07cc62e
		summarizeBy: none
		sourceColumn: entity_crm_custom_value_3

		annotation SummarizationSetBy = Automatic

	/// Deprecated (Pass 1). Visuals and measures repointed to users[trueai_group]. Candidate for deletion in Pass 2.
	column 'col.step_owner_group' = RELATED(users[trueai_group])
		isHidden
		lineageTag: 1ed75141-e3bf-4135-8e4f-2e70619ab61f
		summarizeBy: none

		annotation SummarizationSetBy = Automatic

	/// Id of the owner of the step
	column step_owner_id
		dataType: string
		lineageTag: 1217c3ec-dd59-4251-ac8c-e6cddab5c7c5
		summarizeBy: none
		sourceColumn: step_owner_id

		annotation SummarizationSetBy = Automatic

	/// Number of activities performed by the owner of the step
	column step_owner_act
		dataType: double
		lineageTag: e3420d7c-342b-4647-8a08-5692c42388f3
		summarizeBy: sum
		sourceColumn: step_owner_act

		annotation SummarizationSetBy = Automatic

		annotation PBI_FormatHint = {""isGeneralNumber"":true}

	/// Unique record identifier, based on the ID of the document in the remote system (such as Salesforce ID)
	column _sys_doc_id
		dataType: string
		lineageTag: 98634ecd-6f2c-41c4-8986-ba626f617226
		summarizeBy: none
		sourceColumn: _sys_doc_id

		annotation SummarizationSetBy = User

	/// The end date of the record, stripped of time
	column _sys_filt_end_date
		dataType: dateTime
		formatString: Short Date
		lineageTag: 2be37d3f-dbfb-4955-920a-feca87932e51
		summarizeBy: none
		sourceColumn: _sys_filt_end_date

		changedProperty = FormatString

		annotation SummarizationSetBy = Automatic

		annotation UnderlyingDateTimeDataType = Date

	/// The start date of the record, stripped of time
	column _sys_filt_start_date
		dataType: dateTime
		formatString: Short Date
		lineageTag: 23a520c8-6ebc-4f11-96bc-97c9d641fbb9
		summarizeBy: none
		sourceColumn: _sys_filt_start_date

		changedProperty = FormatString

		annotation SummarizationSetBy = Automatic

		annotation UnderlyingDateTimeDataType = Date

	/// Completeness score of the account based on the CRM data
	column entity_primary_crm_complt
		dataType: double
		lineageTag: 0e4fa3ae-76b1-455e-8f18-24d752445d9d
		summarizeBy: sum
		sourceColumn: entity_primary_crm_complt

		annotation SummarizationSetBy = Automatic

		annotation PBI_FormatHint = {""isGeneralNumber"":true}

	/// Unique record identifier of the primary object related to the step, based on the ID of the document in the remote system (such as Salesforce ID)
	column entity_primary_doc_id
		dataType: string
		lineageTag: e08bffba-0231-47bb-834a-688fd93b4604
		summarizeBy: none
		sourceColumn: entity_primary_doc_id

		annotation SummarizationSetBy = Automatic

	/// Completeness score of the account based on the standardized data
	column entity_primary_trueai_complt
		dataType: double
		lineageTag: 5a29ce3c-7872-42e4-a5d0-6f4fb695cd6b
		summarizeBy: sum
		sourceColumn: entity_primary_trueai_complt

		annotation SummarizationSetBy = Automatic

		annotation PBI_FormatHint = {""isGeneralNumber"":true}

	/// Opportunity's booking amount
	column opp_booking_amt
		dataType: double
		lineageTag: 8ae7cae8-60d7-41a8-b7b1-c305f09c1ad9
		summarizeBy: sum
		sourceColumn: opp_booking_amt

		changedProperty = FormatString

		annotation SummarizationSetBy = Automatic

		annotation PBI_FormatHint = {""isGeneralNumber"":true}

	/// Opportunity's booking amount in the first opportunity history entry, present in selling steps
	column opp_initial_amt
		dataType: double
		lineageTag: 98f335ce-efd7-44a5-8d90-0326a7004574
		summarizeBy: sum
		sourceColumn: opp_initial_amt

		changedProperty = FormatString

		annotation SummarizationSetBy = Automatic

		annotation PBI_FormatHint = {""isGeneralNumber"":true}

	/// Pipeline amount created in step
	column opp_pipeline_amt
		dataType: double
		lineageTag: 417c00d1-ec58-426e-bae8-855695396379
		summarizeBy: sum
		sourceColumn: opp_pipeline_amt

		changedProperty = FormatString

		annotation SummarizationSetBy = Automatic

		annotation PBI_FormatHint = {""isGeneralNumber"":true}

	/// Opportunity's value when closed, present in closed selling steps
	column opp_won_amt
		dataType: double
		lineageTag: 177ec92b-a617-4998-a69b-8e2a3b3cc94f
		summarizeBy: sum
		sourceColumn: opp_won_amt

		changedProperty = FormatString

		annotation SummarizationSetBy = Automatic

		annotation PBI_FormatHint = {""isGeneralNumber"":true}

	/// Act_capture_level score of the owner of the step
	column step_owner_act_capt_lvl
		dataType: double
		lineageTag: 02ae9490-6449-4b62-b39e-ed6f470464ba
		summarizeBy: sum
		sourceColumn: step_owner_act_capt_lvl

		annotation SummarizationSetBy = Automatic

		annotation PBI_FormatHint = {""isGeneralNumber"":true}

	/// Duration of activities performed by the owner of the step
	column step_owner_dur
		dataType: double
		lineageTag: e73fdfb0-2516-4be7-937b-b8ca3d2a73ee
		summarizeBy: sum
		sourceColumn: step_owner_dur

		annotation SummarizationSetBy = Automatic

		annotation PBI_FormatHint = {""isGeneralNumber"":true}

	/// Number of users involved in the step, based on activities and ownership
	column step_users_tot
		dataType: int64
		formatString: 0
		lineageTag: 58da960a-5ec4-4e99-9838-ac6917228958
		summarizeBy: sum
		sourceColumn: step_users_tot

		annotation SummarizationSetBy = Automatic

	/// Number of activities performed during the step
	column stkhlds_all_act_count
		dataType: int64
		formatString: #,0
		lineageTag: 71a9f99c-e0e1-4851-93f0-ce79ffd6937e
		summarizeBy: sum
		sourceColumn: stkhlds_all_act_count

		annotation SummarizationSetBy = Automatic

	/// Number of engaged activities performed during the step
	column stkhlds_all_act_eng_count
		dataType: int64
		formatString: #,0
		lineageTag: 31bebbf1-6b30-44f4-a329-bdd4c8c2bd41
		summarizeBy: sum
		sourceColumn: stkhlds_all_act_eng_count

		annotation SummarizationSetBy = Automatic

	/// Adjusted duration of activities performed during the step
	column stkhlds_all_adj_dur
		dataType: double
		lineageTag: c5891df4-a70e-4197-8815-6c18f63aaebc
		summarizeBy: sum
		sourceColumn: stkhlds_all_adj_dur

		annotation SummarizationSetBy = Automatic

		annotation PBI_FormatHint = {""isGeneralNumber"":true}

	/// Number of contacts involved in the step
	column stkhlds_all_contacts_count
		dataType: int64
		formatString: #,0
		lineageTag: c5858972-99fd-431a-b030-1bc6df7f24e9
		summarizeBy: sum
		sourceColumn: stkhlds_all_contacts_count

		annotation SummarizationSetBy = Automatic

	/// Duration of activities performed during the step
	column stkhlds_all_dur
		dataType: double
		lineageTag: 47c81276-0894-46aa-8ff4-5abb6c7631fe
		summarizeBy: sum
		sourceColumn: stkhlds_all_dur

		annotation SummarizationSetBy = Automatic

		annotation PBI_FormatHint = {""isGeneralNumber"":true}

	/// Duration of activities performed during the step
	column stkhlds_all_dur_eng
		dataType: double
		lineageTag: 82eb4a00-6cd9-4aba-92bd-0e14c63a797e
		summarizeBy: sum
		sourceColumn: stkhlds_all_dur_eng

		annotation SummarizationSetBy = Automatic

		annotation PBI_FormatHint = {""isGeneralNumber"":true}

	/// Date when the first activity was performed during the step
	column stkhlds_all_first_act
		dataType: dateTime
		formatString: General Date
		lineageTag: 47d6b1a5-6bda-4393-98da-4b927eecc0a7
		summarizeBy: none
		sourceColumn: stkhlds_all_first_act

		variation Variation
			isDefault
			relationship: f1e76c94-18bb-4430-980b-5418a566800b
			defaultHierarchy: LocalDateTable_5b19cd86-57e8-474f-b656-9bcb6c4081c3.'Date Hierarchy'

		annotation SummarizationSetBy = Automatic

	/// Date when the last activity was performed during the step
	column stkhlds_all_last_act
		dataType: dateTime
		formatString: General Date
		lineageTag: ef0dcee2-060d-4d00-a78f-d30ce46501aa
		summarizeBy: none
		sourceColumn: stkhlds_all_last_act

		variation Variation
			isDefault
			relationship: 09670632-3532-4556-b5b0-bd45b7dac19a
			defaultHierarchy: LocalDateTable_51053ab1-68ea-4e15-b30f-d8dfc4ca4725.'Date Hierarchy'

		annotation SummarizationSetBy = Automatic

	/// Highest seniority amongst all contacts of the step
	column stkhlds_all_max_title_seniority
		dataType: string
		lineageTag: b98862f3-25c8-4e18-82d6-9591c665ecc1
		summarizeBy: none
		sourceColumn: stkhlds_all_max_title_seniority

		annotation SummarizationSetBy = Automatic

	/// Most common seniority amongst all contacts of the step
	column stkhlds_all_most_common_title_seniority
		dataType: string
		lineageTag: d4ff7a74-283d-4b28-ab2c-449c2315ea70
		summarizeBy: none
		sourceColumn: stkhlds_all_most_common_title_seniority

		annotation SummarizationSetBy = Automatic

	/// Unique departments amongst all contacts of the step
	column stkhlds_all_unique_title_depts
		dataType: int64
		formatString: 0
		lineageTag: 85a84794-3de7-463e-9f02-bd81171347a1
		summarizeBy: sum
		sourceColumn: stkhlds_all_unique_title_depts

		annotation SummarizationSetBy = Automatic

	/// Unique seniority in all contacts of the step
	column stkhlds_all_unique_title_seniorities
		dataType: int64
		formatString: 0
		lineageTag: 374d0e93-6abe-4419-ac05-91e9466addbd
		summarizeBy: sum
		sourceColumn: stkhlds_all_unique_title_seniorities

		annotation SummarizationSetBy = Automatic

	/// Number of activities performed by the primary stakeholder during the step
	column stkhlds_primary_contact_act_count
		dataType: int64
		formatString: #,0
		lineageTag: 47497a18-ba5f-4608-945d-9bb6f7a4f740
		summarizeBy: sum
		sourceColumn: stkhlds_primary_contact_act_count

		annotation SummarizationSetBy = Automatic

	/// Number of engaged activities performed by the primary stakeholder during the step
	column stkhlds_primary_contact_act_eng_count
		dataType: int64
		formatString: #,0
		lineageTag: 5de2e8d0-fd61-441b-b47f-083c45dcfdaf
		summarizeBy: sum
		sourceColumn: stkhlds_primary_contact_act_eng_count

		annotation SummarizationSetBy = Automatic

	/// Duration of activities performed by the primary contact of the step during the step
	column stkhlds_primary_contact_dur
		dataType: double
		lineageTag: e9bf2186-6744-4644-bc0a-0c076caacf7c
		summarizeBy: sum
		sourceColumn: stkhlds_primary_contact_dur

		annotation SummarizationSetBy = Automatic

		annotation PBI_FormatHint = {""isGeneralNumber"":true}

	/// Duration of activities performed by the primary contact of the step during the step
	column stkhlds_primary_contact_eng_dur
		dataType: double
		lineageTag: 2b0200b3-5dd7-4089-8952-f99e47ac6c0e
		summarizeBy: sum
		sourceColumn: stkhlds_primary_contact_eng_dur

		annotation SummarizationSetBy = Automatic

		annotation PBI_FormatHint = {""isGeneralNumber"":true}

	/// Date when the first activity by the primary contact was performed during the step
	column stkhlds_primary_contact_first_act
		dataType: dateTime
		formatString: General Date
		lineageTag: d54740e9-4498-4bb8-8fac-77b8b54c6aef
		summarizeBy: none
		sourceColumn: stkhlds_primary_contact_first_act

		variation Variation
			isDefault
			relationship: b8862130-64d8-4901-988c-6aa13ab15764
			defaultHierarchy: LocalDateTable_8f4e1a9e-fe46-48bc-bf66-423dad2997f6.'Date Hierarchy'

		annotation SummarizationSetBy = Automatic

	/// Date when the last activity by the primary contact was performed during the step
	column stkhlds_primary_contact_last_act
		dataType: dateTime
		formatString: General Date
		lineageTag: b0b1a1d4-51a6-4e94-ac36-342a1aaff399
		summarizeBy: none
		sourceColumn: stkhlds_primary_contact_last_act

		variation Variation
			isDefault
			relationship: 7aa38616-4c67-4c75-8f99-732c14ca020a
			defaultHierarchy: LocalDateTable_ad5c52b5-bbcb-49ba-ab43-c0985c6be934.'Date Hierarchy'

		annotation SummarizationSetBy = Automatic

	/// Seniority of the primary contact of the step
	column stkhlds_primary_contact_title_seniority
		dataType: string
		lineageTag: 3055b02a-8f51-43a8-b12b-64dc42598a7b
		summarizeBy: none
		sourceColumn: stkhlds_primary_contact_title_seniority

		annotation SummarizationSetBy = Automatic

	/// Id of the primary contact of the step
	column stkhlds_primary_entity_id
		dataType: string
		lineageTag: 83390e24-2227-4deb-a3e6-a95eae4c7534
		summarizeBy: none
		sourceColumn: stkhlds_primary_entity_id

		annotation SummarizationSetBy = Automatic

	/// Number of activities performed by the secondary stakeholder during the step
	column stkhlds_secondary_contact_act_count
		dataType: int64
		formatString: #,0
		lineageTag: 50356432-1a75-4d93-9437-30b16b934f61
		summarizeBy: sum
		sourceColumn: stkhlds_secondary_contact_act_count

		annotation SummarizationSetBy = Automatic

	/// Number of engaged activities performed by the secondary stakeholder during the step
	column stkhlds_secondary_contact_act_eng_count
		dataType: int64
		formatString: #,0
		lineageTag: 448fbc5c-aff2-4981-8c73-f99387f5accc
		summarizeBy: sum
		sourceColumn: stkhlds_secondary_contact_act_eng_count

		annotation SummarizationSetBy = Automatic

	/// Duration of activities performed by the secondary contact of the step during the step
	column stkhlds_secondary_contact_dur
		dataType: double
		lineageTag: 300b10e4-19b1-4f75-917a-fb60f53e5466
		summarizeBy: sum
		sourceColumn: stkhlds_secondary_contact_dur

		annotation SummarizationSetBy = Automatic

		annotation PBI_FormatHint = {""isGeneralNumber"":true}

	/// Duration of activities performed by the secondary contact of the step during the step
	column stkhlds_secondary_contact_eng_dur
		dataType: double
		lineageTag: 410eec94-4497-4197-8d4c-aa9b643ee41e
		summarizeBy: sum
		sourceColumn: stkhlds_secondary_contact_eng_dur

		annotation SummarizationSetBy = Automatic

		annotation PBI_FormatHint = {""isGeneralNumber"":true}

	/// Date when the first activity by the secondary contact was performed during the step
	column stkhlds_secondary_contact_first_act
		dataType: dateTime
		formatString: General Date
		lineageTag: 97d33bf8-66d9-4766-8a2d-83a35a2924b7
		summarizeBy: none
		sourceColumn: stkhlds_secondary_contact_first_act

		variation Variation
			isDefault
			relationship: be4dab2f-3503-4eac-aecb-e550cc53097e
			defaultHierarchy: LocalDateTable_a0bc9604-593d-4512-b508-3aae0c2d85ac.'Date Hierarchy'

		annotation SummarizationSetBy = Automatic

	/// Date when the last activity by the secondary contact was performed during the step
	column stkhlds_secondary_contact_last_act
		dataType: dateTime
		formatString: General Date
		lineageTag: 18461c8f-e04d-4df3-8168-d9b501ad003d
		summarizeBy: none
		sourceColumn: stkhlds_secondary_contact_last_act

		variation Variation
			isDefault
			relationship: 60fd4f12-109a-4930-b73d-927f7c62a51e
			defaultHierarchy: LocalDateTable_924676e5-8168-46c3-8c71-c7ad3243ca7a.'Date Hierarchy'

		annotation SummarizationSetBy = Automatic

	/// Seniority of the secondary contact of the step
	column stkhlds_secondary_contact_title_seniority
		dataType: string
		lineageTag: b01715d4-fa10-4a6e-9a06-080f0e87e050
		summarizeBy: none
		sourceColumn: stkhlds_secondary_contact_title_seniority

		annotation SummarizationSetBy = Automatic

	/// Id of the secondary contact of the step
	column stkhlds_secondary_entity_id
		dataType: string
		lineageTag: 7af9569c-ba1e-4bd3-8869-675e4d6e1f6c
		summarizeBy: none
		sourceColumn: stkhlds_secondary_entity_id

		annotation SummarizationSetBy = Automatic

	/// Rule used to determine the adjusted duration of activities performed during the step
	column stkhlds_all_adj_dur_rule
		dataType: string
		lineageTag: d6c497f2-6126-4a82-af81-06af7c374d3a
		summarizeBy: none
		sourceColumn: stkhlds_all_adj_dur_rule

		annotation SummarizationSetBy = Automatic

	/// Custom categorical variable on the account
	column account_crm_custom_value_1
		dataType: string
		lineageTag: 88375aed-39ba-4b5f-ba2a-bd2573e9aae7
		summarizeBy: none
		sourceColumn: account_crm_custom_value_1

		annotation SummarizationSetBy = Automatic

	/// Custom categorical variable on the account
	column account_crm_custom_value_2
		dataType: string
		lineageTag: f9655772-39ca-48a0-b939-8ab8dac8fe84
		summarizeBy: none
		sourceColumn: account_crm_custom_value_2

		annotation SummarizationSetBy = Automatic

	/// Custom categorical variable on the account
	column account_crm_custom_value_3
		dataType: string
		lineageTag: 3bf8a983-31a2-4bf8-b8fd-08c81f487857
		summarizeBy: none
		sourceColumn: account_crm_custom_value_3

		annotation SummarizationSetBy = Automatic

	/// Propensity expressed as an integer from 1 to 5 based on the probability of success
	column entity_propensity_num
		dataType: int64
		formatString: 0
		lineageTag: 55395c02-5438-489b-8369-fa04a22ce700
		summarizeBy: sum
		sourceColumn: entity_propensity_num

		annotation SummarizationSetBy = Automatic

	/// Deprecated (Pass 1). Measures no longer depend on this column (logic inlined from step_length_in_days and step_expected_length_in_days). This column is temporarily retained because it is used as a detail field in table visuals. Candidate for removal in Pass 2 once those visuals are repointed.
	column trueai_days_pushed_pulled = [step_length_in_days]-  [step_expected_length_in_days]
		dataType: int64
		formatString: """"""+""""#"""" days"""";""""-""""#"""" days"""";""""-""""""
		lineageTag: fdb80fa4-6f2e-4584-89ca-3dd18b3bda11
		summarizeBy: none

		changedProperty = DataType

		annotation SummarizationSetBy = User

		annotation PBI_FormatHint = {""isGeneralNumber"":true}

	/// Repeat value of the step
	column vi_value_repeat
		dataType: double
		lineageTag: ff5424f6-d60f-449e-9455-c4688eeaead4
		summarizeBy: sum
		sourceColumn: vi_value_repeat

		annotation SummarizationSetBy = Automatic

		annotation PBI_FormatHint = {""isGeneralNumber"":true}

	/// ID of the user the step was received from
	column step_received_from_id
		dataType: string
		lineageTag: df16d2f4-a465-4833-9f07-245e454720cf
		summarizeBy: none
		sourceColumn: step_received_from_id

		annotation SummarizationSetBy = Automatic

	/// ID of the users the step was handed off to
	column step_handed_off_to_id
		dataType: string
		lineageTag: aca469da-70fe-4143-805e-7d1e437abd66
		summarizeBy: none
		sourceColumn: step_handed_off_to_id

		annotation SummarizationSetBy = Automatic

	/// Entity of the primary contact of the step: lead or contact
	column stkhlds_primary_entity_type
		dataType: string
		lineageTag: 63f0f048-2e54-4b42-8862-821578932252
		summarizeBy: none
		sourceColumn: stkhlds_primary_entity_type

		annotation SummarizationSetBy = Automatic

	/// The date of the last data request from the platform
	column _sys_as_of
		dataType: dateTime
		formatString: Short Date
		lineageTag: bf58fb5c-3b70-4cce-afe8-8c018b30136e
		summarizeBy: none
		sourceColumn: _sys_as_of

		variation Variation
			isDefault
			relationship: 0e183a07-e926-480a-93f7-3d0bedc96f2c
			defaultHierarchy: LocalDateTable_456b6003-f356-4032-bba8-6548eae6d311.'Date Hierarchy'

		annotation SummarizationSetBy = Automatic

	/// Column step_manager_act.
	column step_manager_act
		dataType: int64
		formatString: 0
		lineageTag: 704088eb-f885-47d0-8bf4-11460ab52bee
		summarizeBy: sum
		sourceColumn: step_manager_act

		annotation SummarizationSetBy = Automatic

	/// Expected duration of activities performed by the owner of the step
	column step_owner_expected_dur
		dataType: double
		lineageTag: 1104870b-c1c8-4e2b-8a61-bca58da93334
		summarizeBy: sum
		sourceColumn: step_owner_expected_dur

		annotation SummarizationSetBy = Automatic

		annotation PBI_FormatHint = {""isGeneralNumber"":true}

	/// Number of automated emails performed during the step
	column stkhlds_all_act_type_auto_email_count
		dataType: int64
		formatString: 0
		lineageTag: bc880782-788f-46ed-999b-2e70dc8fecf8
		summarizeBy: sum
		sourceColumn: stkhlds_all_act_type_auto_email_count

		annotation SummarizationSetBy = Automatic

	/// Number of engaged automated emails performed during the step
	column stkhlds_all_act_type_auto_email_eng_count
		dataType: int64
		formatString: 0
		lineageTag: 4b323c6f-94bc-428b-b365-7ceb3b14a795
		summarizeBy: sum
		sourceColumn: stkhlds_all_act_type_auto_email_eng_count

		annotation SummarizationSetBy = Automatic

	/// Number of emails performed during the step
	column stkhlds_all_act_type_email_count
		dataType: int64
		formatString: 0
		lineageTag: 522115ad-35b3-4f30-9109-c87cc5171e0b
		summarizeBy: sum
		sourceColumn: stkhlds_all_act_type_email_count

		annotation SummarizationSetBy = Automatic

	/// Number of engaged emails performed during the step
	column stkhlds_all_act_type_email_eng_count
		dataType: int64
		formatString: 0
		lineageTag: d291bfaa-605d-438e-a25e-f1970946fda2
		summarizeBy: sum
		sourceColumn: stkhlds_all_act_type_email_eng_count

		annotation SummarizationSetBy = Automatic

	/// Date when the first engaged activity was performed during the step
	column stkhlds_all_first_eng
		dataType: dateTime
		formatString: General Date
		lineageTag: 04e5492c-7e55-4a74-9cce-16f9cccfb0ee
		summarizeBy: none
		sourceColumn: stkhlds_all_first_eng

		variation Variation
			isDefault
			relationship: 84c9f3e8-1179-4eee-85da-72d4b6408a14
			defaultHierarchy: LocalDateTable_7ef030c0-4c5b-45f7-8aed-c313c1acef23.'Date Hierarchy'

		annotation SummarizationSetBy = Automatic

	/// Date when the last engaged activity was performed during the step
	column stkhlds_all_last_eng
		dataType: dateTime
		formatString: Short Date
		lineageTag: 2561365d-94b9-4995-b1b1-0d10c70442ad
		summarizeBy: none
		sourceColumn: stkhlds_all_last_eng

		variation Variation
			isDefault
			relationship: ab887a93-03f6-4ce4-826e-41a386f756d7
			defaultHierarchy: LocalDateTable_11619a7a-5e06-4c9d-802d-b29c23d4b93b.'Date Hierarchy'

		annotation SummarizationSetBy = Automatic

	/// Number of meetings performed during the step
	column stkhlds_all_act_type_meeting_count
		dataType: int64
		formatString: 0
		lineageTag: f9173e1e-ef84-4ea9-860c-34be3e13296b
		summarizeBy: sum
		sourceColumn: stkhlds_all_act_type_meeting_count

		annotation SummarizationSetBy = Automatic

	/// Number of engaged meetings performed during the step
	column stkhlds_all_act_type_meeting_eng_count
		dataType: int64
		formatString: 0
		lineageTag: 0e543961-e66e-4f95-b6e8-3255c53ffe80
		summarizeBy: sum
		sourceColumn: stkhlds_all_act_type_meeting_eng_count

		annotation SummarizationSetBy = Automatic

	/// Number of activities with unknown type performed during the step
	column stkhlds_all_act_type_nd_count
		dataType: int64
		formatString: 0
		lineageTag: 7daaec31-3399-49d6-9cec-6f57986073cb
		summarizeBy: sum
		sourceColumn: stkhlds_all_act_type_nd_count

		annotation SummarizationSetBy = Automatic

	/// Number of engaged activities with unknown type performed during the step
	column stkhlds_all_act_type_nd_eng_count
		dataType: int64
		formatString: 0
		lineageTag: 0f83610b-06b3-4790-bba0-db0c7636c36a
		summarizeBy: sum
		sourceColumn: stkhlds_all_act_type_nd_eng_count

		annotation SummarizationSetBy = Automatic

	/// Number of activities with no customer interaction performed during the step
	column stkhlds_all_act_type_no_interaction_count
		dataType: int64
		formatString: 0
		lineageTag: 47dbe7a1-58ab-4757-a3de-801b86740f03
		summarizeBy: sum
		sourceColumn: stkhlds_all_act_type_no_interaction_count

		annotation SummarizationSetBy = Automatic

	/// Number of engaged activities with no customer interaction performed during the step
	column stkhlds_all_act_type_no_interaction_eng_count
		dataType: int64
		formatString: 0
		lineageTag: a31dfc2f-9c5a-45fd-8b55-538ea5f1bd7b
		summarizeBy: sum
		sourceColumn: stkhlds_all_act_type_no_interaction_eng_count

		annotation SummarizationSetBy = Automatic

	/// Number of calls performed during the step
	column stkhlds_all_act_type_call_count
		dataType: int64
		formatString: 0
		lineageTag: 7acfaa7e-7c6d-4691-98bc-10efec0f3048
		summarizeBy: sum
		sourceColumn: stkhlds_all_act_type_call_count

		annotation SummarizationSetBy = Automatic

	/// Number of engaged calls performed during the step
	column stkhlds_all_act_type_call_eng_count
		dataType: int64
		formatString: 0
		lineageTag: b33e1164-4e97-4b90-9e4c-75c9dcfe7797
		summarizeBy: sum
		sourceColumn: stkhlds_all_act_type_call_eng_count

		annotation SummarizationSetBy = Automatic

	/// Column stkhlds_all_social_count.
	column stkhlds_all_social_count
		dataType: int64
		formatString: 0
		lineageTag: 60f04e31-1aac-454f-898d-7e5bb4ce3b5f
		summarizeBy: sum
		sourceColumn: stkhlds_all_social_count

		annotation SummarizationSetBy = Automatic

	/// Number of engaged social media activities performed during the step
	column stkhlds_all_act_type_social_eng_count
		dataType: int64
		formatString: 0
		lineageTag: 6829b607-ed7c-45fc-b895-18c28c47ceb5
		summarizeBy: sum
		sourceColumn: stkhlds_all_act_type_social_eng_count

		annotation SummarizationSetBy = Automatic

	/// Date when the first engaged activity by the primary contact was performed during the step
	column stkhlds_primary_contact_first_eng
		dataType: dateTime
		formatString: General Date
		lineageTag: b8128fa3-4774-4f4b-bccc-325673bfea3e
		summarizeBy: none
		sourceColumn: stkhlds_primary_contact_first_eng

		variation Variation
			isDefault
			relationship: 702dc0cb-1ce3-4afd-af6b-666d3f21c20a
			defaultHierarchy: LocalDateTable_0f6ae111-65d8-40e0-91dc-679857e0b73d.'Date Hierarchy'

		annotation SummarizationSetBy = Automatic

	/// Date when the last engaged activity by the primary contact was performed during the step
	column stkhlds_primary_contact_last_eng
		dataType: dateTime
		formatString: General Date
		lineageTag: 99679d98-991d-403b-b990-c86dbf58718c
		summarizeBy: none
		sourceColumn: stkhlds_primary_contact_last_eng

		variation Variation
			isDefault
			relationship: 60835e84-1ac1-4af8-8f3b-9134db1af04a
			defaultHierarchy: LocalDateTable_c8c5cfe7-7ab7-4734-8904-49005551aa4a.'Date Hierarchy'

		annotation SummarizationSetBy = Automatic

	/// Date when the first engaged activity by the secondary contact was performed during the step
	column stkhlds_secondary_contact_first_eng
		dataType: dateTime
		formatString: General Date
		lineageTag: 892192d7-668d-49ec-8616-b14ae44d50ba
		summarizeBy: none
		sourceColumn: stkhlds_secondary_contact_first_eng

		variation Variation
			isDefault
			relationship: 24ae91e5-8515-47b2-8d40-88c84304edb6
			defaultHierarchy: LocalDateTable_39ef2f23-9a57-45c0-938b-adcde5ecaf4d.'Date Hierarchy'

		annotation SummarizationSetBy = Automatic

	/// Date when the last engaged activity by the secondary contact was performed during the step
	column stkhlds_secondary_contact_last_eng
		dataType: dateTime
		formatString: General Date
		lineageTag: dfe343a6-b0e4-497e-8bca-8b50886c1cb7
		summarizeBy: none
		sourceColumn: stkhlds_secondary_contact_last_eng

		variation Variation
			isDefault
			relationship: 7351f781-32e7-4e1c-81ef-1b57273b3430
			defaultHierarchy: LocalDateTable_217ab739-8a64-49d5-806c-e186422d6f78.'Date Hierarchy'

		annotation SummarizationSetBy = Automatic

	/// Entity of the secondary contact of the step: lead or contact
	column stkhlds_secondary_entity_type
		dataType: string
		lineageTag: fd78556d-6f31-43c2-8267-86b947b2a5a0
		summarizeBy: none
		sourceColumn: stkhlds_secondary_entity_type

		annotation SummarizationSetBy = Automatic

	/// Column step_name_bucket_num.
	column step_name_bucket_num
		dataType: string
		lineageTag: 17e64dab-d3ad-4e74-825e-4058f0238617
		summarizeBy: none
		sourceColumn: step_name_bucket_num

		annotation SummarizationSetBy = Automatic

	/// Sub type of the step
	column step_sub_type
		dataType: string
		lineageTag: b009acd2-e857-46d2-9fbb-21e13f460932
		summarizeBy: none
		sourceColumn: step_sub_type

		annotation SummarizationSetBy = Automatic

	/// Adjusted duration of engaged activities performed during the step
	column stkhlds_all_adj_eng_dur
		dataType: double
		lineageTag: dad2ab01-c532-4403-ba6b-3ea889749712
		summarizeBy: sum
		sourceColumn: stkhlds_all_adj_eng_dur

		annotation SummarizationSetBy = Automatic

		annotation PBI_FormatHint = {""isGeneralNumber"":true}

	/// Confidence in the adjusted duration of activities performed during the step
	column stkhlds_all_adj_dur_conf
		dataType: double
		lineageTag: cc73e859-43c6-414f-92e2-a07585f1ed1b
		summarizeBy: sum
		sourceColumn: stkhlds_all_adj_dur_conf

		annotation SummarizationSetBy = Automatic

		annotation PBI_FormatHint = {""isGeneralNumber"":true}

	/// Boolean flag that indicates whether the current step is expansion
	column opp_existing_customer_selling_expansion
		dataType: boolean
		formatString: """"""TRUE"""";""""TRUE"""";""""FALSE""""""
		lineageTag: 09a94a4b-09ad-4e23-b575-2cef4f473756
		summarizeBy: none
		sourceColumn: opp_existing_customer_selling_expansion

		annotation SummarizationSetBy = Automatic

	/// Boolean flag that indicates whether the current step is downgrade
	column opp_existing_customer_selling_downgrade
		dataType: boolean
		formatString: """"""TRUE"""";""""TRUE"""";""""FALSE""""""
		lineageTag: 28e2adb5-3864-4834-8cfd-59c85d26a8c1
		summarizeBy: none
		sourceColumn: opp_existing_customer_selling_downgrade

		annotation SummarizationSetBy = Automatic

	/// Boolean flag that indicates whether the current step is cross-sale
	column opp_existing_customer_selling_cross_sale
		dataType: boolean
		formatString: """"""TRUE"""";""""TRUE"""";""""FALSE""""""
		lineageTag: ce644183-e9d5-4af9-a636-e4aed2936c5e
		summarizeBy: none
		sourceColumn: opp_existing_customer_selling_cross_sale

		annotation SummarizationSetBy = Automatic

	/// Boolean flag that indicates whether the current step is renewal
	column opp_existing_customer_selling_renewal
		dataType: boolean
		formatString: """"""TRUE"""";""""TRUE"""";""""FALSE""""""
		lineageTag: ea2aa64b-6bdc-425c-9a75-17abe9581c96
		summarizeBy: none
		sourceColumn: opp_existing_customer_selling_renewal

		annotation SummarizationSetBy = Automatic

	/// Boolean flag that indicates whether the current step is combination
	column opp_existing_customer_selling_combination
		dataType: boolean
		formatString: """"""TRUE"""";""""TRUE"""";""""FALSE""""""
		lineageTag: b4948d61-8363-4c80-b014-17181a8ff95e
		summarizeBy: none
		sourceColumn: opp_existing_customer_selling_combination

		annotation SummarizationSetBy = Automatic

	/// DO NOT TOUCH. Relationship key to opps[_sys_doc_id].
	column 'col.sales_steps_opp_id' = ```
			
			var res = IF(ssr_history[step_name] in {""New Logo Selling"", ""Existing Customer Selling""}, [entity_opp_id], BLANK())     // only include for steps specified that tied to opps table 
			
			RETURN
			res
			
			```
		lineageTag: 84491071-03f3-4910-b3bc-9a77a268efa5
		summarizeBy: none

		annotation SummarizationSetBy = Automatic

	/// Boolean flag that indicates whether the current step is based on an ERP order
	column opp_erp
		dataType: boolean
		formatString: """"""TRUE"""";""""TRUE"""";""""FALSE""""""
		lineageTag: 1ddd0e17-5df4-4935-be49-4acdb6f90390
		summarizeBy: none
		sourceColumn: opp_erp

		annotation SummarizationSetBy = Automatic

	/// Column 'col.step_outcome' =.
	column 'col.step_outcome' =
			
			var _step_name = IF(ISBLANK(ssr_history[step_outcome]),[step_name], BLANK())
			var _step_outcome = [step_outcome]
			
			var res = IF(
			    ISBLANK(_step_name), _step_outcome,
			    IF(
			        _step_name=""Untouched"" && _step_outcome=""Untouched"", ""Untouched"",
			        IF(
			            _step_name=""Prospecting"" && _step_outcome=""Prospecting"", ""Prospecting"",
			            _step_name
			        )
			    )
			)
			
			RETURN
			res
		lineageTag: a413fd8c-c1f2-40bf-8f58-d284f9d13152
		summarizeBy: none
		sortByColumn: 'col.step_outcome_sort'

		changedProperty = SortByColumn

		annotation SummarizationSetBy = Automatic

	/// DO NOT TOUCH. Sort-by for col.step_outcome.
	column 'col.step_outcome_sort' = ```
			
			var _outcome = IF(
			    ISBLANK(ssr_history[step_outcome]),
			    ""Currently "" & ssr_history[step_name],
			    ssr_history[step_outcome]
			)
			RETURN
			SWITCH(
			    _outcome,
			    ""Untouched"",1,
			    ""Currently Untouched"",2,
			    ""Prospecting"",3,
			    ""Currently Prospecting"",4,          // set the number to sort the col. step outcome
			    ""Abandoned"",5,
			    ""Currently New Logo Selling"",6,
			    ""Currently Post-Sales Support"",7,
			    ""Currently Existing Customer Selling"",8,
			    9
			)
			
			```
		formatString: 0
		lineageTag: e7570bd8-4e35-4cfd-8c64-54ef6a3aa4ec
		summarizeBy: sum

		annotation SummarizationSetBy = Automatic

	/// Semantic label for 'Latest Outcome' used in Management Report slicers/pie categories and a table column. Logic: when step_outcome is blank, fall back to step_name; includes special-casing for Untouched/Prospecting. Prefer col.step_outcome (sorted by col.step_outcome_sort) for standard outcome reporting; use this only when the fallback behavior is required.
	column 'col.step_outcome_new' = ```
			
			var _step_name = IF(ISBLANK(ssr_history[step_outcome]),[step_name], BLANK())                // get the step_name where don't have any outcome
			var _step_outcome = [step_outcome]              // get the step outcome
			
			var res = IF(
			    ISBLANK(_step_name), _step_outcome,
			    IF(
			        _step_name=""Untouched"" && _step_outcome=""Untouched"", ""Untouched"",           // make the condition to display the 
			        IF(
			            _step_name=""Prospecting"" && _step_outcome=""Prospecting"", ""Prospecting"",
			            _step_name
			        )
			    )
			)
			
			RETURN
			res
			```
		lineageTag: 85f30200-c51b-4842-8a8e-8a11b558ebdc
		summarizeBy: none

		annotation SummarizationSetBy = Automatic

	/// Opportunity's last crm stage, before it was lost
	column opp_lost_crm_stage
		dataType: string
		lineageTag: e6c96675-1fb8-428f-a0c8-332a3b09505e
		summarizeBy: none
		sourceColumn: opp_lost_crm_stage

		annotation SummarizationSetBy = Automatic

	/// CRM pipeline name
	column opp_crm_pipeline_name
		dataType: string
		lineageTag: 8489e9ea-7526-49a4-a892-dda09c4c8377
		summarizeBy: none
		sourceColumn: opp_crm_pipeline_name

		annotation SummarizationSetBy = Automatic

	/// Opportunity's stage name
	column opp_stage
		dataType: string
		lineageTag: abb6c752-ab5f-4743-a843-a6e34f180942
		summarizeBy: none
		sourceColumn: opp_stage

		annotation SummarizationSetBy = Automatic

	/// Pipeline name of the opportunity
	column opp_pipeline_name
		dataType: string
		lineageTag: 9f742945-cedb-479e-a901-cbcdff041223
		summarizeBy: none
		sourceColumn: opp_pipeline_name

		annotation SummarizationSetBy = Automatic

	/// Expected number of days from the step start date to end date
	column step_expected_length_in_days
		dataType: double
		lineageTag: 583ca019-d6bb-4eeb-b9c0-6ba330918230
		summarizeBy: sum
		sourceColumn: step_expected_length_in_days

		changedProperty = DataType

		annotation SummarizationSetBy = Automatic

		annotation PBI_FormatHint = {""isGeneralNumber"":true}

	/// Difference in days between the step length and expected step length
	column step_days_pushed_pulled
		dataType: int64
		formatString: 0
		lineageTag: 613653d7-363a-4706-b8fe-07d99a8a8de8
		summarizeBy: sum
		sourceColumn: step_days_pushed_pulled

		annotation SummarizationSetBy = Automatic

	/// Propensity of the next step based on the probability of success
	column step_next_propensity
		dataType: string
		lineageTag: 04b5848d-ad37-4671-b47d-2614f5936a7d
		summarizeBy: none
		sourceColumn: step_next_propensity

		annotation SummarizationSetBy = Automatic

	/// Propensity of the next step expressed as an integer from 1 to 5 based on the probability of success
	column step_next_propensity_num
		dataType: int64
		formatString: 0
		lineageTag: dc95d564-1744-41b2-baa3-36918d71e17c
		summarizeBy: sum
		sourceColumn: step_next_propensity_num

		annotation SummarizationSetBy = Automatic

	/// Deprecated (Pass 1). No direct report visual usage found in repo scan. Candidate for deletion in Pass 2 after smoke test.
	column 'col.opp_acv_classification' = ```
			
			var is_new1 = if(ssr_history[step_name] = ""New Logo Selling"" , true, False) // new regular
			var is_existing_customer_selling = if(ssr_history[step_name] = ""Existing Customer Selling"" , true, false) // upsell regular
			var ssr_id = ssr_history[_sys_ssr_id] // get the ssr
			var the_year = yEAR(ssr_history[_sys_filt_end_date]) // get the year
			// if upsell see if there is new in same year then do that as new too
			var filt_new_in_year = FILTER(ssr_history,ssr_history[_sys_ssr_id] = ssr_id && ssr_history[step_name] = ""New Logo Selling"" && ssr_history[step_outcome] = ""Closed Won"" && yEAR(ssr_history[_sys_filt_end_date]) = the_year)
			var count_new_in_year = CountX(filt_new_in_year, ssr_history[_sys_doc_id]) // see how any    
			var is_new2 = if(count_new_in_year > 0 , true, false) // set to true 
			var is_new = OR(is_new1, is_new2) // either reg new logo or upsell in new logo year
			var res = If(is_new, ""New ACV"", If(is_existing_customer_selling, ""Existing Customer Selling ACV"", blank())) 
			return res  
			```
		isHidden
		lineageTag: e0885800-4e74-4383-acab-efd6398a3bbb
		summarizeBy: none

		annotation SummarizationSetBy = Automatic

	/// Deprecated (Pass 1). No direct report visual usage found in repo scan. Candidate for deletion in Pass 2 after smoke test.
	column 'col.step_name_outcome' = ```
			
			var concat_str = (ssr_history[step_name] & ""_"" &  if(or(ISBLANK(ssr_history[step_outcome]),ssr_history[step_outcome] = """" ) , ""ongoing"", ssr_history[step_outcome]))
			var clean_str = SUBSTITUTE(lower(concat_str), "" "", ""_"")
			return clean_str
			 
			```
		isHidden
		lineageTag: 06868129-81a9-4439-b279-c55beb1b5b6c
		summarizeBy: none

		annotation SummarizationSetBy = Automatic

	/// Column 'col.outcome_ssr_name' =.
	column 'col.outcome_ssr_name' =
			
			var ssr_name = related(ssr[crm_name])
			var redact = false // read
			var ssr_name_final = if(redact, LEFT(ssr_name, 3) & REPT(""*"", LEN(ssr_name)), ssr_name) // do redaction if needed
			
			var res = ssr_history[step_outcome] & "" - "" & ssr_name_final
			return res
		lineageTag: 4ff549b2-e3e4-43fe-be86-aa9499ecff8b
		summarizeBy: none

		annotation SummarizationSetBy = Automatic

	/// Deprecated (Pass 1). No direct report visual usage found in repo scan. Candidate for deletion in Pass 2 after smoke test.
	column 'col.outcome_str' = ```
			
			
			// grab from the next SSR hist entry if prospecting or post sale support
			  var filt_tbl = FILTER(ssr_history,
			    ssr_history[_sys_ssr_id] =earlier(ssr_history[_sys_ssr_id]) &&  
			    ssr_history[step_sequence]   = earlier(ssr_history[step_sequence]) +1 &&
			    (earlier(ssr_history[step_name])  = ""Prospecting"" || earlier(ssr_history[step_name])  = ""Post-Sales Support"" )
			  )
			  var res =  SUMX(filt_tbl, ssr_history[step_success_prob]) 
			  return res 
			```
		isHidden
		lineageTag: b4eeed89-562f-455b-b649-53ff4da3384d
		summarizeBy: sum

		annotation SummarizationSetBy = Automatic

		annotation PBI_FormatHint = {""isGeneralNumber"":true}

	/// Deprecated (Pass 1). Mirror of users[trueai_user_role_alias]. Prefer using users[trueai_user_role_alias]. Candidate for deletion in Pass 2.
	column trueai_user_role_alias = RELATED(users[trueai_user_role_alias])
		isHidden
		lineageTag: 7bcb8244-c31e-4cef-ae43-204e115d0461
		summarizeBy: none

		annotation SummarizationSetBy = Automatic

	/// Adjusted duration of activities performed during the prior step
	column stkhlds_all_adj_dur_prior_step
		dataType: double
		lineageTag: 9ae187c4-c26d-44db-8e5d-9d03754b216e
		summarizeBy: sum
		sourceColumn: stkhlds_all_adj_dur_prior_step

		annotation SummarizationSetBy = Automatic

		annotation PBI_FormatHint = {""isGeneralNumber"":true}

	/// Opportunity's NNB amount
	column opp_nnb_amt
		dataType: double
		lineageTag: b64f8ebd-5ed4-46b0-a537-b1a44d9084f8
		summarizeBy: sum
		sourceColumn: opp_nnb_amt

		annotation SummarizationSetBy = Automatic

		annotation PBI_FormatHint = {""isGeneralNumber"":true}

	/// Opportunity's downgrade amount
	column opp_downgrade_amt
		dataType: double
		lineageTag: e06b140b-e9aa-47f9-84a1-534138879615
		summarizeBy: sum
		sourceColumn: opp_downgrade_amt

		annotation SummarizationSetBy = Automatic

		annotation PBI_FormatHint = {""isGeneralNumber"":true}

	/// Opportunity's cross-sale amount
	column opp_cross_sale_amt
		dataType: double
		lineageTag: e2dc5cb0-0689-4030-9c57-c8e3d324006a
		summarizeBy: sum
		sourceColumn: opp_cross_sale_amt

		annotation SummarizationSetBy = Automatic

		annotation PBI_FormatHint = {""isGeneralNumber"":true}

	/// Opportunity's renewal amount
	column opp_renewal_amt
		dataType: double
		lineageTag: 2ea058f4-b2ea-480a-a4ba-99d2ea2ab59a
		summarizeBy: sum
		sourceColumn: opp_renewal_amt

		annotation SummarizationSetBy = Automatic

		annotation PBI_FormatHint = {""isGeneralNumber"":true}

	/// Opportunity's expansion amount
	column opp_expansion_amt
		dataType: double
		lineageTag: f7649ad4-0102-43ea-8141-c4d4097fd9b6
		summarizeBy: sum
		sourceColumn: opp_expansion_amt

		annotation SummarizationSetBy = Automatic

		annotation PBI_FormatHint = {""isGeneralNumber"":true}

	/// Opportunity's one time amount
	column opp_one_time_amt
		dataType: double
		lineageTag: 6cf5456d-809d-4243-8cf5-1a5e0fe564ee
		summarizeBy: sum
		sourceColumn: opp_one_time_amt

		annotation SummarizationSetBy = Automatic

		annotation PBI_FormatHint = {""isGeneralNumber"":true}

	/// Opportunity's ND amount
	column opp_nd_amt
		dataType: double
		lineageTag: 4ab59c28-7155-4f0b-97fa-e5a0885d5f46
		summarizeBy: sum
		sourceColumn: opp_nd_amt

		annotation SummarizationSetBy = Automatic

		annotation PBI_FormatHint = {""isGeneralNumber"":true}

	/// Opportunity's ARR amount
	column opp_arr_amt
		dataType: double
		lineageTag: 1ca5d73a-b545-4cf0-9fa3-703e296b9ad9
		summarizeBy: sum
		sourceColumn: opp_arr_amt

		annotation SummarizationSetBy = Automatic

		annotation PBI_FormatHint = {""isGeneralNumber"":true}

	/// Column entity_prospecting_recycled.
	column entity_prospecting_recycled
		dataType: boolean
		formatString: """"""TRUE"""";""""TRUE"""";""""FALSE""""""
		lineageTag: 3e675cda-231c-42c5-96b2-c1d4711ebbcf
		summarizeBy: none
		sourceColumn: entity_prospecting_recycled

		annotation SummarizationSetBy = Automatic

	/// Column entity_prospecting_winback.
	column entity_prospecting_winback
		dataType: boolean
		formatString: """"""TRUE"""";""""TRUE"""";""""FALSE""""""
		lineageTag: c50aff3d-7a0d-41a2-9216-c1a0805f8bb9
		summarizeBy: none
		sourceColumn: entity_prospecting_winback

		annotation SummarizationSetBy = Automatic

	/// Column opp_initial_subscription_amt.
	column opp_initial_subscription_amt
		dataType: double
		lineageTag: e3518d7c-d6ee-42b0-bf04-d7c4b677be8f
		summarizeBy: sum
		sourceColumn: opp_initial_subscription_amt

		annotation SummarizationSetBy = Automatic

		annotation PBI_FormatHint = {""isGeneralNumber"":true}

	/// Column opp_existing_customer_selling_one_time.
	column opp_existing_customer_selling_one_time
		dataType: boolean
		formatString: """"""TRUE"""";""""TRUE"""";""""FALSE""""""
		lineageTag: 60f7670c-6517-442d-b558-e06731484bac
		summarizeBy: none
		sourceColumn: opp_existing_customer_selling_one_time

		annotation SummarizationSetBy = Automatic

	/// Most common department amongst all contacts of the step
	column stkhlds_all_most_common_title_department
		dataType: string
		lineageTag: 1d0d108a-f8ac-4c87-b9a9-ba99972267de
		summarizeBy: none
		sourceColumn: stkhlds_all_most_common_title_department

		annotation SummarizationSetBy = Automatic

	/// Department of the primary contact of the step
	column stkhlds_primary_contact_title_department
		dataType: string
		lineageTag: 3271a566-8969-4edb-8a93-32fc0145e490
		summarizeBy: none
		sourceColumn: stkhlds_primary_contact_title_department

		annotation SummarizationSetBy = Automatic

	/// Department of the secondary contact of the step
	column stkhlds_secondary_contact_title_department
		dataType: string
		lineageTag: 6a4aa218-e93e-4593-a2b1-6999a148ef15
		summarizeBy: none
		sourceColumn: stkhlds_secondary_contact_title_department

		annotation SummarizationSetBy = Automatic

	/// Column entity_prospecting_restarted.
	column entity_prospecting_restarted
		dataType: string
		lineageTag: 7a4403ee-503c-4a56-921c-d12aec7d0b45
		summarizeBy: none
		sourceColumn: entity_prospecting_restarted

		annotation SummarizationSetBy = Automatic

	/// Boolean flag indicating whether a manager was involved in the step, either as the owner of the step or as the owner of activities related to the step.
	column step_mgr_involved
		dataType: string
		lineageTag: 718b143c-1362-4c30-960a-b0c7b3aa8605
		summarizeBy: none
		sourceColumn: step_mgr_involved

		annotation SummarizationSetBy = Automatic

	/// Boolean flag indicating whether a sales engineer was involved in the step, either as the owner of the step or as the owner of activities related to the step.
	column step_sales_engineer_involved
		dataType: string
		lineageTag: ab4abe82-f638-4636-83c6-840b77ca6f69
		summarizeBy: none
		sourceColumn: step_sales_engineer_involved

		annotation SummarizationSetBy = Automatic

	/// Count of sales development representatives (SDRs) involved in the step as the owner of activities related to the step.
	column step_sdr_count_involved
		dataType: string
		lineageTag: 5653d138-0f98-4c96-818a-fd378e75159a
		summarizeBy: none
		sourceColumn: step_sdr_count_involved

		annotation SummarizationSetBy = Automatic

	/// Count of account executives (AEs) involved in the step as the owner of activities related to the step.
	column step_ae_count_involved
		dataType: string
		lineageTag: b7f6df9a-bc98-436d-9c8e-95a28d3d7252
		summarizeBy: none
		sourceColumn: step_ae_count_involved

		annotation SummarizationSetBy = Automatic

	/// Count of account managers (AMs) involved in the step as the owner of activities related to the step.
	column step_am_count_involved
		dataType: string
		lineageTag: 84fdf1d1-a511-4a8a-aa60-90d5600fbf91
		summarizeBy: none
		sourceColumn: step_am_count_involved

		annotation SummarizationSetBy = Automatic

	/// Count of marketing (MKT) users involved in the step as the owner of activities related to the step.
	column step_mkt_count_involved
		dataType: string
		lineageTag: bc8c6671-b100-4dad-817d-a0ed866d3f20
		summarizeBy: none
		sourceColumn: step_mkt_count_involved

		annotation SummarizationSetBy = Automatic

	/// Count of other users involved in the step as the owner of activities related to the step.
	column step_other_count_involved
		dataType: string
		lineageTag: b2beb411-adfe-44c4-aca0-f7a4f22dd8c8
		summarizeBy: none
		sourceColumn: step_other_count_involved

		annotation SummarizationSetBy = Automatic

	/// Count of management (MGMT) users involved in the step as the owner of activities related to the step.
	column step_mgmt_count_involved
		dataType: string
		lineageTag: acfa0f73-5aa6-4393-8155-91ee2caa0229
		summarizeBy: none
		sourceColumn: step_mgmt_count_involved

		annotation SummarizationSetBy = Automatic

	column step_pred_booking_amt
		dataType: string
		lineageTag: 13ebf95b-f458-4c05-812f-3f63a0e0d284
		summarizeBy: none
		sourceColumn: step_pred_booking_amt

		annotation SummarizationSetBy = Automatic

	column step_pred_close_date
		dataType: string
		lineageTag: 35b5709b-2d51-4228-bbcd-239adb34935d
		summarizeBy: none
		sourceColumn: step_pred_close_date

		annotation SummarizationSetBy = Automatic

	column step_pred_close_date_if_won
		dataType: string
		lineageTag: 55ab0af2-049f-4ceb-8cad-69d37496a1ea
		summarizeBy: none
		sourceColumn: step_pred_close_date_if_won

		annotation SummarizationSetBy = Automatic

	column step_pred_close_date_if_lost
		dataType: string
		lineageTag: 1b11b7a7-12be-4f19-81c4-578a54f20074
		summarizeBy: none
		sourceColumn: step_pred_close_date_if_lost

		annotation SummarizationSetBy = Automatic

	partition ssr_history-42b745a5-3afa-43a2-90f2-f7965fced67a = m
		mode: import
		source =
				let
				  dbTable = getDBTable(""ssr_history""), // get the right table
				
				
				  dbTableTyped = Table.TransformColumnTypes(dbTable,{ // change types to what we're expecting
				    {""_sys_as_of"", type datetime},
				    {""_sys_doc_id"", type text},
				    {""_sys_filt_end_date"", type date},
				    {""_sys_filt_start_date"", type date},
				    {""_sys_ssr_id"", type text},
				    {""account_crm_custom_value_1"", type text},
				    {""account_crm_custom_value_2"", type text},
				    {""account_crm_custom_value_3"", type text},
				    {""entity_account_id"", type text},
				    {""entity_crm_custom_value_1"", type text},
				    {""entity_crm_custom_value_2"", type text},
				    {""entity_crm_custom_value_3"", type text},
				    {""entity_lead_id"", type text},
				    {""entity_opp_id"", type text},
				    {""entity_primary"", type text},
				    {""entity_primary_crm_complt"", type number},
				    {""entity_primary_doc_id"", type text},
				    {""entity_primary_trueai_complt"", type number},
				    {""entity_prospecting_recycled"", type logical},
				    {""entity_prospecting_winback"", type logical},
				    {""entity_propensity"", type text},
				    {""entity_propensity_num"", Int64.Type},
				    {""opp_arr_amt"", type number},
				    {""opp_booking_amt"", type number},
				    {""opp_crm_pipeline_name"", type text},
				    {""opp_crm_stage"", type text},
				    {""opp_crm_type"", type text},
				    {""opp_cross_sale_amt"", type number},
				    {""opp_downgrade_amt"", type number},
				    {""opp_erp"", type logical},
				    {""opp_existing_customer_selling_combination"", type logical},
				    {""opp_existing_customer_selling_cross_sale"", type logical},
				    {""opp_existing_customer_selling_downgrade"", type logical},
				    {""opp_existing_customer_selling_expansion"", type logical},
				    {""opp_existing_customer_selling_one_time"", type logical},
				    {""opp_existing_customer_selling_renewal"", type logical},
				    {""opp_expansion_amt"", type number},
				    {""opp_final_stage"", type text},
				    {""opp_initial_amt"", type number},
				    {""opp_initial_close_date"", type datetime},
				    {""opp_initial_subscription_amt"", type number},
				    {""opp_late_date"", type datetime},
				    {""opp_lost_crm_stage"", type text},
				    {""opp_lost_stage"", type text},
				    {""opp_mid_date"", type datetime},
				    {""opp_nd_amt"", type number},
				    {""opp_nnb_amt"", type number},
				    {""opp_one_time_amt"", type number},
				    {""opp_pipeline_amt"", type number},
				    {""opp_pipeline_name"", type text},
				    {""opp_renewal_amt"", type number},
				    {""opp_sale_type"", type text},
				    {""opp_stage"", type text},
				    {""opp_won_amt"", type number},
				    {""step_days_pushed_pulled"", Int64.Type},
				    {""step_end_date"", type datetime},
				    {""step_end_rule"", Int64.Type},
				    {""step_expected_length_in_days"", Int64.Type},
				    {""step_handed_off_to_id"", type text},
				    {""step_id"", type text},
				    {""step_length_in_days"", Int64.Type},
				    {""step_mgr_act"", Int64.Type},
				    {""step_name"", type text},
				    {""step_next_propensity"", type text},
				    {""step_next_propensity_num"", Int64.Type},
				    {""step_next_success_prob"", type number},
				    {""step_outcome"", type text},
				    {""step_outcome_rule"", Int64.Type},
				    {""step_owner_act"", type number},
				    {""step_owner_act_capt_lvl"", type number},
				    {""step_owner_dur"", type number},
				    {""step_owner_expected_dur"", type number},
				    {""step_owner_id"", type text},
				    {""step_owner_prep_factor"", type number},
				    {""step_owner_rule"", Int64.Type},
				    {""step_owner_user_role"", type text},
				    {""step_received_from_id"", type text},
				    {""step_sequence"", Int64.Type},
				    {""step_start_date"", type datetime},
				    {""step_sub_type"", type text},
				    {""step_success"", type logical},
				    {""step_success_prob"", type number},
				    {""step_users_tot"", Int64.Type},
				    {""stkhlds_all_act_count"", Int64.Type},
				    {""stkhlds_all_act_eng_count"", Int64.Type},
				    {""stkhlds_all_act_type_auto_email_count"", Int64.Type},
				    {""stkhlds_all_act_type_auto_email_eng_count"", Int64.Type},
				    {""stkhlds_all_act_type_call_count"", Int64.Type},
				    {""stkhlds_all_act_type_call_eng_count"", Int64.Type},
				    {""stkhlds_all_act_type_email_count"", Int64.Type},
				    {""stkhlds_all_act_type_email_eng_count"", Int64.Type},
				    {""stkhlds_all_act_type_meeting_count"", Int64.Type},
				    {""stkhlds_all_act_type_meeting_eng_count"", Int64.Type},
				    {""stkhlds_all_act_type_nd_count"", Int64.Type},
				    {""stkhlds_all_act_type_nd_eng_count"", Int64.Type},
				    {""stkhlds_all_act_type_no_interaction_count"", Int64.Type},
				    {""stkhlds_all_act_type_no_interaction_eng_count"", Int64.Type},
				    {""stkhlds_all_act_type_social_count"", Int64.Type},
				    {""stkhlds_all_act_type_social_eng_count"", Int64.Type},
				    {""stkhlds_all_adj_dur"", type number},
				    {""stkhlds_all_adj_dur_conf"", type number},
				    {""stkhlds_all_adj_dur_prior_step"", type number},
				    {""stkhlds_all_adj_dur_rule"", Int64.Type},
				    {""stkhlds_all_adj_eng_dur"", type number},
				    {""stkhlds_all_contacts_count"", Int64.Type},
				    {""stkhlds_all_dur"", type number},
				    {""stkhlds_all_dur_eng"", type number},
				    {""stkhlds_all_first_act"", type datetime},
				    {""stkhlds_all_first_eng"", type datetime},
				    {""stkhlds_all_last_act"", type datetime},
				    {""stkhlds_all_last_eng"", type datetime},
				    {""stkhlds_all_max_title_seniority"", type text},
				    {""stkhlds_all_most_common_title_department"", type text},
				    {""stkhlds_all_most_common_title_seniority"", type text},
				    {""stkhlds_all_unique_title_depts"", Int64.Type},
				    {""stkhlds_all_unique_title_seniorities"", Int64.Type},
				    {""stkhlds_primary_contact_act_count"", Int64.Type},
				    {""stkhlds_primary_contact_act_eng_count"", Int64.Type},
				    {""stkhlds_primary_contact_dur"", type number},
				    {""stkhlds_primary_contact_eng_dur"", type number},
				    {""stkhlds_primary_contact_first_act"", type datetime},
				    {""stkhlds_primary_contact_first_eng"", type datetime},
				    {""stkhlds_primary_contact_last_act"", type datetime},
				    {""stkhlds_primary_contact_last_eng"", type datetime},
				    {""stkhlds_primary_contact_title_department"", type text},
				    {""stkhlds_primary_contact_title_seniority"", type text},
				    {""stkhlds_primary_entity_id"", type text},
				    {""stkhlds_primary_entity_type"", type text},
				    {""stkhlds_secondary_contact_act_count"", Int64.Type},
				    {""stkhlds_secondary_contact_act_eng_count"", Int64.Type},
				    {""stkhlds_secondary_contact_dur"", type number},
				    {""stkhlds_secondary_contact_eng_dur"", type number},
				    {""stkhlds_secondary_contact_first_act"", type datetime},
				    {""stkhlds_secondary_contact_first_eng"", type datetime},
				    {""stkhlds_secondary_contact_last_act"", type datetime},
				    {""stkhlds_secondary_contact_last_eng"", type datetime},
				    {""stkhlds_secondary_contact_title_department"", type text},
				    {""stkhlds_secondary_contact_title_seniority"", type text},
				    {""stkhlds_secondary_entity_id"", type text},
				    {""stkhlds_secondary_entity_type"", type text},
				    {""vi_value_created"", type number},
				    {""vi_value_delivered"", type number},
				    {""vi_value_repeat"", type number}
				    }),
				    dbTableTypedRenamed = Table.RenameColumns(dbTableTyped,{{""stkhlds_all_act_type_social_count"", ""stkhlds_all_social_count""},
				                                                            {""step_mgr_act"", ""step_manager_act""}}),
				    AddedCombineCol = Table.AddColumn(dbTableTypedRenamed, ""step_name_bucket_num"", each Text.Combine({[step_name], ""-"", [entity_propensity]})),
				    TrimmedStepName = Table.TransformColumns(AddedCombineCol,{{""step_name"", Text.Trim, type text}, {""step_outcome"", Text.Trim, type text}}),
				    TrimmedStepOutcome = Table.TransformColumns(TrimmedStepName,{{""step_outcome"", Text.Trim, type text}}),
				    #""Changed Type"" = Table.TransformColumnTypes(TrimmedStepOutcome,{{""step_outcome_rule"", type text}, {""step_owner_rule"", type text}, {""stkhlds_all_adj_dur_rule"", type text}}),
				    Removed = Table.Distinct(#""Changed Type"", {""_sys_doc_id""})
				in
				    Removed

	annotation PBI_ResultType = Table

	annotation PBI_NavigationStepName = Navigation"
"meas.manager_direct_active_mgr_full_name","var first_name = BLANK()
			var last_name = BLANK()
			RETURN
			
			first_name & "" "" & last_name
		displayFolder: active_list
		lineageTag: 6b66ee8d-d54b-4b14-83c6-4f5de8d767ab

	/// Description: Returns active user pipeline amount quarter-to-date where step is Prospecting or Post-Sales Support, successful records."
"meas.open_leads_tbl_title","var _date = FORMAT([meas.sel_date], ""MM/dd/yyyy"")           // get the formatted date
			var _str = ""Target Leads & Accounts ""              // table title text
			
			 var res = _str & _date
			
			RETURN
			res
		displayFolder: _open_leads_accts
		lineageTag: e72485d4-493c-46db-867c-a861ea1ff257

	/// Description: Returns ssr first touch date."
"meas.opps_addr_location","var city = CALCULATE(MAX(ssr[trueai_addr_city]))
			var state = CALCULATE(MAX(ssr[trueai_addr_state]))
			var country = CALCULATE(MAX(ssr[trueai_addr_country]))
			
			VAR res_1 = IF(
			    country in {""United States"" , ""Canada""},
			    IF(
			        city=BLANK(),
			        state,
			        city & "", "" & state
			    ),
			    IF(
			        city=BLANK(),
			        country,
			        city & "", "" & country
			    )
			)
			
			RETURN
			res_1
		displayFolder: _opps_detail
		lineageTag: 82a06b95-07a7-4736-944a-a814fd97f546

	/// Description: Calculates closed date in the current reporting context."
"meas.opps_closed_date","var days = CALCULATE(MAXX(ssr_history, ssr_history[step_length_in_days] - ssr_history[step_expected_length_in_days]))
			RETURN
			IF( days > 0, ""+"" & days & "" days"", days & "" days"")
		displayFolder: _opps_detail
		lineageTag: 1ee55718-0c1c-4f91-a4a0-d1e550db76bb

	/// Description: Summarizes opportunities trueai book amount."
"meas.ssr_history_active_user_full_name_role_group","```
			
			var full_name = CALCULATE(MAX(users[trueai_full_name]))   // getting the full name 
			var user_role_aliased = CALCULATE(MAX(users[trueai_user_role_alias]))      // get the user role aliased
			var user_group = CALCULATE(MAX(users[trueai_group])) // get the step_owner_user group
			RETURN
			full_name & "",  "" & user_role_aliased & "",  "" & user_group
			```
		displayFolder: active_list
		lineageTag: f5dd494a-1b49-4eb9-a3d2-c5f48eefb5c6

	/// Description: Returns user history active hire date."
"meas.ssr_history_all_social_media_engagement_rate-test","var acts =  [meas.ssr_history_all_meeting_avg_count]
			var eng_acts =  [meas.ssr_history_all_meeting_avg_eng_count]
			var res = DIVIDE(eng_acts, acts, 0)
			RETURN
			acts &""--"" & eng_acts & ""--"" & res
		displayFolder: _activity_analysis
		lineageTag: 42544446-fb91-4004-81b3-b3137a813f7e

	/// Description: Returns the average all meeting average eng count."
"meas.ssr_history_avg_adj_duration_hrs","var dur = calculate(AVERAGE(ssr_history[stkhlds_all_adj_dur])) / 3600 // turn to hours
			var res  = dur
			RETURN
			IF(res =BLANK(), 0, res)
		displayFolder: target_screen
		lineageTag: 4f5939c9-1105-42e6-9e6e-611396133b0d

		annotation PBI_FormatHint = {""isGeneralNumber"":true}

	/// Description: Calculates average adjusted non eng duration hours in the current reporting context."
"meas.ssr_history_avg_adj_eng_duration_hrs","var dur = calculate(AVERAGE(ssr_history[stkhlds_all_adj_eng_dur])) / 3600 // turn to hours
			var res  = dur
			RETURN
			IF(res=BLANK(), 0, res)
		formatString: #,##0"" hrs""
		displayFolder: target_screen
		lineageTag: 9e9de50f-34d7-4d55-90de-df78f192c215

		annotation PBI_FormatHint = {""isCustom"":true}

	/// Description: Calculates average adjusted duration hours in the current reporting context."
"meas.ssr_history_avg_adj_non_eng_duration_hrs","var dur = [meas.ssr_history_avg_adj_duration_hrs] - [meas.ssr_history_avg_adj_eng_duration_hrs]
			
			var res = IF(
			    dur <= 0,
			    0,
			    dur
			)
			
			RETURN
			IF( res = BLANK(), 0, res)
		formatString: #,##0"" hrs""
		displayFolder: target_screen
		lineageTag: 3da1ccd0-3a48-4ef7-b586-9b88810bb99b

		annotation PBI_FormatHint = {""isCustom"":true}

	/// Description: Calculates average opportunity initial booking amount in the current reporting context."
"meas.ssr_history_avg_pred_conv_rate_mtd_sply_diff","var res = DIVIDE(
			    [meas.ssr_history_avg_pred_conv_rate_mtd] - [meas.ssr_history_avg_pred_conv_rate_mtd_sply],
			    [meas.ssr_history_avg_pred_conv_rate_mtd_sply]
			)
			RETURN
			IF( res = BLANK(), 0, res)
		formatString: +0%;-0%;""-""
		displayFolder: target_screen
		lineageTag: f1cc6965-f61e-43bb-836d-a29a05254b8b

		annotation PBI_FormatHint = {""isCustom"":true}

	/// Description: Calculates average pred conv rate quarter-to-date same period last year difference in the current reporting context."
"meas.ssr_history_avg_pred_conv_rate_qtd_sply_diff","var res = DIVIDE(
			    [meas.ssr_history_avg_pred_conv_rate_qtd] - [meas.ssr_history_avg_pred_conv_rate_qtd_sply],
			    [meas.ssr_history_avg_pred_conv_rate_qtd_sply]
			)
			RETURN
			IF( res = BLANK(), 0, res)
		formatString: +0%;-0%;""-""
		displayFolder: target_screen
		lineageTag: 3d95bd9f-7317-4e35-b417-458c58089eed

		annotation PBI_FormatHint = {""isCustom"":true}

	/// Description: Calculates average pred conv rate year-to-date same period last year difference in the current reporting context."
"meas.ssr_history_avg_pred_conv_rate_ytd_sply_diff","var res = DIVIDE(
			    [meas.ssr_history_avg_pred_conv_rate_ytd] - [meas.ssr_history_avg_pred_conv_rate_ytd_sply],
			    [meas.ssr_history_avg_pred_conv_rate_ytd_sply]
			)
			RETURN
			IF( res = BLANK(), 0, res)
		formatString: +0%;-0%;""-""
		displayFolder: target_screen
		lineageTag: 160108aa-9552-4a62-b9f9-e3b804b6605d

		annotation PBI_FormatHint = {""isCustom"":true}

	/// Description: Returns target account time spent month-to-date."
"meas.ssr_history_created_first_touched_age","```
			
			var _max_date = CALCULATE(MAX(cal_start_dates[Date]))   /// get the context current max date
			var _added_date = [meas.ssr_open_leads_accts_added_date]           // get the date when the leads added
			var _first_touched_date = [meas.ssr_open_leads_accts_first_touch_date]         // get the first touch date
			
			
			VAR _creatd_age = DATEDIFF(_added_date, _max_date, DAY)
			VAR _res_create = IF(
			    _creatd_age = 0,        // concate strings
			    ""-"",
			    _creatd_age & "" Days""
			)
			
			var _first_touch = DATEDIFF(_first_touched_date, _max_date, DAY)            // get the diff in days 
			
			VAR _res_first = IF(
			    _first_touch <= 0,
			    ""-"",
			    _first_touch & "" Days""              // concate day strings
			)
			
			RETURN
			_res_create & "" / "" & _res_first
			```
		displayFolder: target_screen
		lineageTag: 93636c7a-41a2-42f0-8f1c-aa6bd54d201a

	/// Description: Calculates total adjusted duration hours in the current reporting context."
"meas.ssr_history_first_touched_days","```
			
			
			var _max_date = CALCULATE(MAX(cal_start_dates[Date]))   /// get the context current max date
			var _first_touched_date = [meas.ssr_open_leads_accts_first_touch_date]         // get the first touch date
			
			var _first_touch = DATEDIFF(_first_touched_date, _max_date, DAY)            // get the diff in days 
			
			VAR _res_first = IF(
			    _first_touch <= 0,
			    ""-"",
			    _first_touch & "" Days""              // concate day strings
			)
			
			RETURN
			_res_first
			```
		displayFolder: target_screen
		lineageTag: 208e4fa0-fc70-4e2d-bc89-7ad2192e8f2f

	/// Description: Calculates the number of cal end sel date count."
"meas.ssr_history_last_engage_age_days","var _max_date = CALCULATE(MAX(cal_start_dates[Date]))           // get the latest slicer date
			var last_act_date = [meas.ssr_history_open_lead_accts_last_act]           // get the last act date
			VAR _last_act = DATEDIFF(last_act_date, _max_date, DAY)  // get the difference in date
			VAR _res_act = IF(
			    _last_act <= 0 || _last_act =BLANK(),
			    ""NA"",
			    _last_act & "" Days""
			)
			RETURN
			_res_act
		displayFolder: target_screen
		lineageTag: 40fe084d-25fb-4833-95ea-7fc917adc2c9

	/// Description: Calculates target propensity in the current reporting context."
"meas.ssr_history_leads_accts_engagement_rate","```
			
			var _eng_rate =  [meas.ssr_history_open_leads_accts_engagement_rate]
			
			RETURN
			SWITCH(
			    TRUE(),
			    ISBLANK(_eng_rate), ""NA"",
			    _eng_rate <= 0.03, ""Low"",
			    _eng_rate > 0.03 && _eng_rate <= 0.10, ""Fair"",
			    _eng_rate > 0.10 && _eng_rate <= 0.20, ""Good"",
			    _eng_rate > 0.20, ""Great"",
			    ""Other""
			)
			
			```
		displayFolder: _open_leads_accts
		lineageTag: f9e795ec-3481-4571-b528-0cd360340c42

	/// Description: Calculates the number of sel date count4."
"meas.ssr_history_mkt_leads_probability_of_conversion","VAR _mkt_count = CALCULATE(
			    [meas.ssr_history_leads],
			    users_history[trueai_user_role_department]=""MKT""
			)
			
			VAR _total_count  = [meas.ssr_history_leads]
			
			VAR _pct = DIVIDE(_mkt_count, _total_count, 0)
			
			VAR _mkt_poc = CALCULATE(
			    [meas.ssr_history_leads_probability_of_conversion],
			    users_history[trueai_user_role_department]=""MKT""
			)
			
			RETURN
			IF(
			    _pct = BLANK(),
			    BLANK(),
			    IF(
			        _pct<= 0.03 && _pct >=0,
			        ""N/A"",
			        FORMAT(_mkt_poc, ""#0%"")
			    )
			)
		displayFolder: _lead_analysis
		lineageTag: 350624f7-0478-4550-800c-02e07055a982

	/// Description: Calculates sales leads probability of conversion in the current reporting context."
"meas.ssr_history_rev_churned_amt","```
			
			// get the period dates based on current filter contetxt 
			var period_start = [meas.context_date_min]
			var period_end = [meas.context_date_max]
			var period_in_months =  DATEDIFF(period_start, period_end + 1, month) * -1
			var prev_period_start = EDATE(period_start,period_in_months)
			var prev_period_end =   EDATE(period_end,period_in_months)
			
			 var overridden_dates_tbl =  CALCULATETABLE(ssr , cal_end_dates[Date] >=  date(1900,1,1) &&  cal_end_dates[Date] < date(2100,1,1)) -- get current filter context except all dates
			
			// get the tables - break out of filter context (AKK) and override based on first purch and churn
			var starting_custs =  Filter((overridden_dates_tbl), ssr[trueai_first_purchase] <= period_start && ssr[col.trueai_churn_date_no_blanks]  >= period_start)  // client before start of period,  churn after period started
			var retained_custs = Filter((overridden_dates_tbl), ssr[trueai_first_purchase] <= period_start && ssr[col.trueai_churn_date_no_blanks]  >= period_end)  // client before start of period,  churn after period end
			var churned_custs = Filter((overridden_dates_tbl), ssr[col.trueai_churn_date_no_blanks] >= period_start && ssr[col.trueai_churn_date_no_blanks] <= period_end)  // churned after period started, before period ended
			var ending_custs =  Filter((overridden_dates_tbl), ssr[trueai_first_purchase] <= period_end && ssr[col.trueai_churn_date_no_blanks]  >= period_end)  // // client before end of period, churn after  period ended
			
			// get the values based on temp tables
			var starting_cnt = COUNTROWS(starting_custs)
			var starting_amt = CALCULATE(SUM(ssr_history[opp_won_amt]),  cal_end_dates[date] >= prev_period_start &&  cal_end_dates[date] <= prev_period_end ,starting_custs) // look at last years rev for these 
			var retained_cnt = COUNTROWS(retained_custs)
			var retained_amt = CALCULATE(SUM(ssr_history[opp_won_amt]),  cal_end_dates[date] >= prev_period_start &&  cal_end_dates[date] <= prev_period_end ,EXCEPT(starting_custs, churned_custs)) // look at last years rev for these 
			var new_cnt = COUNTROWS( EXCEPT(ending_custs,starting_custs ))
			var new_amt = CALCULATE(SUM(ssr_history[opp_won_amt]), EXCEPT(ending_custs,starting_custs ) ) // not sure why we cannot use new customers here
			var churned_cnt = COUNTROWS(churned_custs) * -1  
			var churned_amt = CALCULATE(SUM(ssr_history[opp_won_amt]),  cal_end_dates[date] >= prev_period_start &&  cal_end_dates[date] <= prev_period_end ,EXCEPT(starting_custs,retained_custs)) * -1 
			var ending_cnt = COUNTROWS(ending_custs)
			var ending_amt = CALCULATE(SUM(ssr_history[opp_won_amt]),  cal_end_dates[date] >= period_start &&  cal_end_dates[date] <= period_end ,ending_custs) 
			
			// assign the res
			var res = churned_amt 
			return IF(isblank(res), 0, res)
			```
		formatString: \$#,0;(\$#,0);\$#,0
		displayFolder: _rev_analysis
		lineageTag: 376d313d-d479-448b-a485-756947d75d7b

		annotation PBI_FormatHint = {""currencyCulture"":""""}

	/// Description: Calculates the number of revenue new count."
"meas.ssr_history_rev_new_count","```
			
			// get the period dates based on current filter contetxt 
			var period_start = [meas.context_date_min]
			var period_end = [meas.context_date_max]
			var period_in_months =  DATEDIFF(period_start, period_end + 1, month) * -1
			var prev_period_start = EDATE(period_start,period_in_months)
			var prev_period_end =   EDATE(period_end,period_in_months)
			
			 var overridden_dates_tbl =  CALCULATETABLE(ssr , cal_end_dates[Date] >=  date(1900,1,1) &&  cal_end_dates[Date] < date(2100,1,1)) -- get current filter context except all dates
			
			// get the tables - break out of filter context (AKK) and override based on first purch and churn
			var starting_custs =  Filter((overridden_dates_tbl), ssr[trueai_first_purchase] <= period_start && ssr[col.trueai_churn_date_no_blanks]  >= period_start)  // client before start of period,  churn after period started
			var retained_custs = Filter((overridden_dates_tbl), ssr[trueai_first_purchase] <= period_start && ssr[col.trueai_churn_date_no_blanks]  >= period_end)  // client before start of period,  churn after period end
			var churned_custs = Filter((overridden_dates_tbl), ssr[col.trueai_churn_date_no_blanks] >= period_start && ssr[col.trueai_churn_date_no_blanks] <= period_end)  // churned after period started, before period ended
			var ending_custs =  Filter((overridden_dates_tbl), ssr[trueai_first_purchase] <= period_end && ssr[col.trueai_churn_date_no_blanks]  >= period_end)  // // client before end of period, churn after  period ended
			
			// get the values based on temp tables
			var starting_cnt = COUNTROWS(starting_custs)
			var starting_amt = CALCULATE(SUM(ssr_history[opp_won_amt]),  cal_end_dates[date] >= prev_period_start &&  cal_end_dates[date] <= prev_period_end ,starting_custs) // look at last years rev for these 
			var retained_cnt = COUNTROWS(retained_custs)
			var retained_amt = CALCULATE(SUM(ssr_history[opp_won_amt]),  cal_end_dates[date] >= prev_period_start &&  cal_end_dates[date] <= prev_period_end ,EXCEPT(starting_custs, churned_custs)) // look at last years rev for these 
			var new_cnt = COUNTROWS( EXCEPT(ending_custs,starting_custs ))
			var new_amt = CALCULATE(SUM(ssr_history[opp_won_amt]), EXCEPT(ending_custs,starting_custs ) ) // not sure why we cannot use new customers here
			var churned_cnt = COUNTROWS(churned_custs) * -1  
			var churned_amt = CALCULATE(SUM(ssr_history[opp_won_amt]),  cal_end_dates[date] >= prev_period_start &&  cal_end_dates[date] <= prev_period_end ,EXCEPT(starting_custs,retained_custs)) * -1 
			var ending_cnt = COUNTROWS(ending_custs)
			var ending_amt = CALCULATE(SUM(ssr_history[opp_won_amt]),  cal_end_dates[date] >= period_start &&  cal_end_dates[date] <= period_end ,ending_custs) 
			
			
			// assign the res
			var res = new_cnt 
			return IF(isblank(res), 0, res)
			```
		formatString: "" +""0
		displayFolder: _rev_analysis
		lineageTag: e76d7667-1b75-4934-8baf-1225f9151615

	/// Description: Calculates the number of revenue retained amount."
"meas.ssr_history_rev_prev_date","```
			
			
			// get the period dates based on current filter contetxt 
			var period_start = calculate(MIN(cal_end_dates[date]))
			var period_end = calculate(MAX(cal_end_dates[date]))
			var period_in_months =  DATEDIFF(period_start, period_end + 1, month) * -1
			var prev_period_start = EDATE(period_start,period_in_months)
			var prev_period_end =   EDATE(period_end,period_in_months)  >= period_start  // client before start of period,  churn after period started
			
			
			var overridden_dates_tbl =  CALCULATETABLE(ssr , cal_end_dates[Date] >=  prev_period_start &&  cal_end_dates[Date] < prev_period_end) -- get current filter context except all dates
			
			// get the tables - break out of filter context (AKK) and override based on first purch and churn
			var starting_custs =  Filter((overridden_dates_tbl), ssr[trueai_first_purchase] <= period_start && ssr[col.trueai_churn_date_no_blanks]  >= period_start)  // client before start of period,  churn after period started
			var retained_custs = Filter((overridden_dates_tbl), ssr[trueai_first_purchase] <= period_start && ssr[col.trueai_churn_date_no_blanks]  >= period_end)  // client before start of period,  churn after period end
			var churned_custs = Filter((overridden_dates_tbl), ssr[col.trueai_churn_date_no_blanks] >= period_start && ssr[col.trueai_churn_date_no_blanks] <= period_end)  // churned after period started, before period ended
			var ending_custs =  Filter((overridden_dates_tbl), ssr[trueai_first_purchase] <= period_end && ssr[col.trueai_churn_date_no_blanks]  >= period_end)  // // client before end of period, churn after  period ended
			
			// get the values based on temp tables
			var starting_cnt = COUNTROWS(starting_custs)
			var starting_amt = CALCULATE(SUM(ssr_history[opp_won_amt]),  cal_end_dates[date] >= prev_period_start &&  cal_end_dates[date] <= prev_period_end ,starting_custs) // look at last years rev for these 
			var retained_cnt = COUNTROWS(retained_custs)
			var retained_amt = CALCULATE(SUM(ssr_history[opp_won_amt]),  cal_end_dates[date] >= prev_period_start &&  cal_end_dates[date] <= prev_period_end ,EXCEPT(starting_custs, churned_custs)) // look at last years rev for these 
			var new_cnt = COUNTROWS( EXCEPT(ending_custs,starting_custs ))
			var new_amt = CALCULATE(SUM(ssr_history[opp_won_amt]), EXCEPT(ending_custs,starting_custs ) ) // not sure why we cannot use new customers here
			var churned_cnt = COUNTROWS(churned_custs) * -1  
			var churned_amt = CALCULATE(SUM(ssr_history[opp_won_amt]), EXCEPT(starting_custs,retained_custs) ) * -1 
			var ending_cnt = COUNTROWS(ending_custs)
			var ending_amt = CALCULATE(SUM(ssr_history[opp_won_amt]),  cal_end_dates[date] >= period_start &&  cal_end_dates[date] <= period_end ,ending_custs) 
			
			// assign the res
			var res = period_end & """"
			return IF(isblank(res), 0, res)
			```
		displayFolder: _rev_analysis
		lineageTag: 5735778a-7e7d-4b84-9936-8eced2bc5ad2

		annotation PBI_FormatHint = {""isGeneralNumber"":true}

	/// Description: Returns revenue retention rate."
"meas.ssr_history_rev_starting_amount","```
			
			// get the period dates based on current filter contetxt 
			var period_start = [meas.context_date_min]
			var period_end = [meas.context_date_max]
			var period_in_months =  DATEDIFF(period_start, period_end + 1, month) * -1
			var prev_period_start = EDATE(period_start,period_in_months)
			var prev_period_end =   EDATE(period_end,period_in_months)
			
			 var overridden_dates_tbl =  CALCULATETABLE(ssr , cal_end_dates[Date] >=  date(1900,1,1) &&  cal_end_dates[Date] < date(2100,1,1)) -- get current filter context except all dates
			
			// get the tables - break out of filter context (AKK) and override based on first purch and churn
			var starting_custs =  Filter((overridden_dates_tbl), ssr[trueai_first_purchase] <= period_start && ssr[col.trueai_churn_date_no_blanks]  >= period_start)  // client before start of period,  churn after period started
			var retained_custs = Filter((overridden_dates_tbl), ssr[trueai_first_purchase] <= period_start && ssr[col.trueai_churn_date_no_blanks]  >= period_end)  // client before start of period,  churn after period end
			var churned_custs = Filter((overridden_dates_tbl), ssr[col.trueai_churn_date_no_blanks] >= period_start && ssr[col.trueai_churn_date_no_blanks] <= period_end)  // churned after period started, before period ended
			var ending_custs =  Filter((overridden_dates_tbl), ssr[trueai_first_purchase] <= period_end && ssr[col.trueai_churn_date_no_blanks]  >= period_end)  // // client before end of period, churn after  period ended
			
			// get the values based on temp tables
			var starting_cnt = COUNTROWS(starting_custs)
			var starting_amt = CALCULATE(SUM(ssr_history[opp_won_amt]),  cal_end_dates[date] >= prev_period_start &&  cal_end_dates[date] <= prev_period_end ,starting_custs) // look at last years rev for these 
			var retained_cnt = COUNTROWS(retained_custs)
			var retained_amt = CALCULATE(SUM(ssr_history[opp_won_amt]),  cal_end_dates[date] >= prev_period_start &&  cal_end_dates[date] <= prev_period_end ,EXCEPT(starting_custs, churned_custs)) // look at last years rev for these 
			var new_cnt = COUNTROWS( EXCEPT(ending_custs,starting_custs ))
			var new_amt = CALCULATE(SUM(ssr_history[opp_won_amt]), EXCEPT(ending_custs,starting_custs ) ) // not sure why we cannot use new customers here
			var churned_cnt = COUNTROWS(churned_custs) * -1  
			var churned_amt = CALCULATE(SUM(ssr_history[opp_won_amt]),  cal_end_dates[date] >= prev_period_start &&  cal_end_dates[date] <= prev_period_end ,EXCEPT(starting_custs,retained_custs)) * -1 
			var ending_cnt = COUNTROWS(ending_custs)
			var ending_amt = CALCULATE(SUM(ssr_history[opp_won_amt]),  cal_end_dates[date] >= period_start &&  cal_end_dates[date] <= period_end ,ending_custs) 
			
			
			// assign the res
			var res = starting_amt 
			return IF(isblank(res), 0, res)
			```
		formatString: $#,##0
		displayFolder: _rev_analysis
		lineageTag: 93a0fb98-0047-4f4b-ab55-a7437ff4b128

		annotation PBI_FormatHint = {""isCustom"":true}

	/// Description: Calculates the number of touched accounts where step is Prospecting."
"meas.ssr_history_sales_leads_probability_of_conversion_text","VAR _mkt_count = CALCULATE(
			    [meas.ssr_history_leads],
			    users_history[trueai_user_role_department]=""SALES""
			)
			
			VAR _total_count  = [meas.ssr_history_leads]
			
			VAR _pct = DIVIDE(_mkt_count, _total_count, 0)
			
			VAR _mkt_poc = CALCULATE(
			    [meas.ssr_history_leads_probability_of_conversion],
			    users_history[trueai_user_role_department]=""SALES""
			)
			
			RETURN
			IF(
			    _pct = BLANK(),
			    BLANK(),
			    IF(
			        _pct<= 0.03 && _pct >=0,
			        ""N/A"",
			        FORMAT(_mkt_poc, ""#0%"")
			    )
			)
		displayFolder: _lead_analysis
		lineageTag: 2ee6541e-7e57-476a-a032-4160088c398d

	/// Description: Summarizes duration hours new logo sales process step where step is New Logo Selling."
"meas.ssr_history_step_owner_full_name_with_acl","var _act_lvl = [meas.ssr_history_step_owner_avg_act_capt_lvl] // get the act_capt_lvl
			
			var _new_act = IF(
			    ISBLANK(_act_lvl),
			    ""N/A"",
			    FORMAT(_act_lvl,""0%"")
			)
			
			var _name = CALCULATE(MAX(users[trueai_full_name]))       // get the step owner name
			
			var name_new = IF(len(_name) > 15 , lEFT(_name, 15) & ""..."", _name)     // truncating the name for 15 characters
			
			var res =IF(_name = BLANK(), ""No Owner"",  name_new & "" ACL: "" & _new_act)
			RETURN
			res
		displayFolder: _activity_analysis
		lineageTag: 72424160-8ff0-432e-9852-8740e0dd48f1

	/// Description: Calculates step owner average act capt lvl in the current reporting context."
"meas.ssr_history_target_abandoned_acct_count_mtd_sply_diff","var res = DIVIDE(
			    [meas.ssr_history_target_abandoned_acct_count_mtd] - [meas.ssr_history_target_abandoned_acct_count_mtd_sply],
			    [meas.ssr_history_target_abandoned_acct_count_mtd_sply]
			)
			RETURN
			IF( res = BLANK(), 0, res)
		formatString: +0%;-0%;""-""
		displayFolder: target_screen
		lineageTag: 4bf15356-30b5-4e8c-bf48-72047a8c3045

		annotation PBI_FormatHint = {""isCustom"":true}

	/// Description: Calculates target abandoned account count quarter-to-date same period last year difference in the current reporting context."
"meas.ssr_history_target_abandoned_acct_count_qtd_sply_diff","var res = DIVIDE(
			    [meas.ssr_history_target_abandoned_acct_count_qtd] - [meas.ssr_history_target_abandoned_acct_count_qtd_sply],
			    [meas.ssr_history_target_abandoned_acct_count_qtd_sply]
			)
			RETURN
			IF( res = BLANK(), 0, res)
		formatString: +0%;-0%;""-""
		displayFolder: target_screen
		lineageTag: c2657f84-d706-49a0-977d-dda775155be7

		annotation PBI_FormatHint = {""isCustom"":true}

	/// Description: Calculates target abandoned account count year-to-date same period last year difference in the current reporting context."
"meas.ssr_history_target_abandoned_acct_count_ytd_sply_diff","var res = DIVIDE(
			    [meas.ssr_history_target_abandoned_acct_count_ytd] - [meas.ssr_history_target_abandoned_acct_count_ytd_sply],
			    [meas.ssr_history_target_abandoned_acct_count_ytd_sply]
			)
			RETURN
			IF( res = BLANK(), 0, res)
		formatString: +0%;-0%;""-""
		displayFolder: target_screen
		lineageTag: 2667200a-2199-468b-87d1-1c1e53a352db

		annotation PBI_FormatHint = {""isCustom"":true}

	/// Description: Calculates ssr target disqualified account count in the current reporting context."
"meas.ssr_history_target_acct_count_mtd_sply_diff","var res = DIVIDE(
			    [meas.ssr_history_target_acct_count_mtd] - [meas.ssr_history_target_acct_count_mtd_sply],
			    [meas.ssr_history_target_acct_count_mtd_sply]
			)
			RETURN
			IF(res=BLANK(), 0, res)
		formatString: +0%;-0%;""-""
		displayFolder: target_screen
		lineageTag: cf513a61-cfb4-4a47-875f-183939f12996

		annotation PBI_FormatHint = {""isCustom"":true}

	/// Description: Calculates target account count quarter-to-date same period last year difference in the current reporting context."
"meas.ssr_history_target_acct_count_qtd_sply_diff","var res = DIVIDE(
			    [meas.ssr_history_target_acct_count_qtd] - [meas.ssr_history_target_acct_count_qtd_sply],
			    [meas.ssr_history_target_acct_count_qtd_sply]
			)
			RETURN
			IF(res = BLANK(), 0, res)
		formatString: +0%;-0%;""-""
		displayFolder: target_screen
		lineageTag: c6b82c06-1902-4d2f-ad46-189958b1561d

		annotation PBI_FormatHint = {""isCustom"":true}

	/// Description: Calculates target account count year-to-date same period last year difference in the current reporting context."
"meas.ssr_history_target_acct_count_ytd_sply_diff","var res = DIVIDE(
			    [meas.ssr_history_target_acct_count_ytd] - [meas.ssr_history_target_acct_count_ytd_sply],
			    [meas.ssr_history_target_acct_count_ytd_sply]
			)
			RETURN
			IF(res = BLANK(), 0, res)
		formatString: +0%;-0%;""-""
		displayFolder: target_screen
		lineageTag: 23552dd5-0d36-42f4-88ce-bfd38fb9b58c

		annotation PBI_FormatHint = {""isCustom"":true}

	/// Description: Returns the average average pred conv rate month-to-date."
"meas.ssr_history_target_acct_eng_time_spent_mtd","```
			
			
			-- get the dates
			var curr_date = CALCULATE(MAX(cal_end_dates[Date])) // get the mgmt current end date
			var end_date = curr_date
			var end_date_sply = date(Year(end_date) -1,Month(end_date),day(end_date)) // get the yoy end date
			var start_year = Year(curr_date) 
			var start_qtr_month = (Quarter(curr_date) * 3) - 2  
			var start_month = Month(curr_date)
			var start_date_ytd = date(start_year,1,1)  
			var start_date_ytd_sply = date(start_year-1,1,1)  
			var start_date_qtd = date(start_year,start_qtr_month ,1)  
			var start_date_qtd_sply = date(start_year -1,start_qtr_month,1)  
			var start_date_mtd = date(start_year,start_month,1)  
			var start_date_mtd_sply = date(start_year -1,start_month,1)  
			
			
			var _mtd = CALCULATE(
			    [meas.ssr_history_total_adj_eng_duration_hrs],
			    cal_end_dates[Date] >=  start_date_mtd &&  cal_end_dates[Date] <= end_date
			)
			RETURN
			IF( _mtd = BLANK(), 0, _mtd)
			```
		formatString: #,##0"" hrs""
		displayFolder: target_screen
		lineageTag: c1fdf665-23be-4b47-9ece-5f6efc1f940d

		annotation PBI_FormatHint = {""isCustom"":true}

	/// Description: Calculates total adjusted eng duration hours in the current reporting context."
"meas.ssr_history_target_acct_eng_time_spent_mtd_sply","```
			
			
			-- get the dates
			var curr_date = CALCULATE(MAX(cal_end_dates[Date])) // get the mgmt current end date
			var end_date = curr_date
			var end_date_sply = date(Year(end_date) -1,Month(end_date),day(end_date)) // get the yoy end date
			var start_year = Year(curr_date) 
			var start_qtr_month = (Quarter(curr_date) * 3) - 2  
			var start_month = Month(curr_date)
			var start_date_ytd = date(start_year,1,1)  
			var start_date_ytd_sply = date(start_year-1,1,1)  
			var start_date_qtd = date(start_year,start_qtr_month ,1)  
			var start_date_qtd_sply = date(start_year -1,start_qtr_month,1)  
			var start_date_mtd = date(start_year,start_month,1)  
			var start_date_mtd_sply = date(start_year -1,start_month,1)  
			
			
			var _mtd = CALCULATE(
			    [meas.ssr_history_total_adj_eng_duration_hrs],
			    cal_end_dates[Date] >=  start_date_mtd_sply &&  cal_end_dates[Date] <= end_date_sply
			)
			RETURN
			IF( _mtd = BLANK(), 0, _mtd)
			```
		formatString: #,##0"" hrs""
		displayFolder: target_screen
		lineageTag: 0252effd-9c6b-4b15-bd68-5a03e6702c58

		annotation PBI_FormatHint = {""isCustom"":true}

	/// Description: Returns target account eng time spent quarter-to-date."
"meas.ssr_history_target_acct_eng_time_spent_mtd_sply_dif","```
			
			
			-- get the dates
			var curr_date = CALCULATE(MAX(cal_end_dates[Date])) // get the mgmt current end date
			var end_date = curr_date
			var end_date_sply = date(Year(end_date) -1,Month(end_date),day(end_date)) // get the yoy end date
			var start_year = Year(curr_date) 
			var start_qtr_month = (Quarter(curr_date) * 3) - 2  
			var start_month = Month(curr_date)
			var start_date_ytd = date(start_year,1,1)  
			var start_date_ytd_sply = date(start_year-1,1,1)  
			var start_date_qtd = date(start_year,start_qtr_month ,1)  
			var start_date_qtd_sply = date(start_year -1,start_qtr_month,1)  
			var start_date_mtd = date(start_year,start_month,1)  
			var start_date_mtd_sply = date(start_year -1,start_month,1)  
			
			
			var _mtd = CALCULATE(
			    [meas.ssr_history_total_adj_eng_duration_hrs],   // get the mtd spent time
			    cal_end_dates[Date] >=  start_date_mtd &&  cal_end_dates[Date] <= end_date
			)
			
			var _mtd_sply = CALCULATE(
			    [meas.ssr_history_total_adj_eng_duration_hrs],
			    cal_end_dates[Date] >=  start_date_mtd_sply &&  cal_end_dates[Date] <= end_date_sply    // get the mtd sply
			)
			
			var res  = DIVIDE(_mtd - _mtd_sply, _mtd_sply)
			RETURN
			IF(res = BLANK(), 0, res)
			```
		formatString: +0%;-0%;""-""
		displayFolder: target_screen
		lineageTag: 7270933f-ddcc-4616-9963-ccc4dd8cfa30

		annotation PBI_FormatHint = {""isCustom"":true}

	/// Description: Returns target account eng time spent quarter-to-date same period last year dif."
"meas.ssr_history_target_acct_eng_time_spent_qtd","```
			
			
			-- get the dates
			var curr_date = CALCULATE(MAX(cal_end_dates[Date])) // get the mgmt current end date
			var end_date = curr_date
			var end_date_sply = date(Year(end_date) -1,Month(end_date),day(end_date)) // get the yoy end date
			var start_year = Year(curr_date) 
			var start_qtr_month = (Quarter(curr_date) * 3) - 2  
			var start_month = Month(curr_date)
			var start_date_ytd = date(start_year,1,1)  
			var start_date_ytd_sply = date(start_year-1,1,1)  
			var start_date_qtd = date(start_year,start_qtr_month ,1)  
			var start_date_qtd_sply = date(start_year -1,start_qtr_month,1)  
			var start_date_mtd = date(start_year,start_month,1)  
			var start_date_mtd_sply = date(start_year -1,start_month,1)  
			
			
			var _mtd = CALCULATE(
			    [meas.ssr_history_total_adj_eng_duration_hrs],
			    cal_end_dates[Date] >=  start_date_qtd &&  cal_end_dates[Date] <= end_date
			)
			RETURN
			IF( _mtd = BLANK(), 0, _mtd)
			```
		formatString: #,##0"" hrs""
		displayFolder: target_screen
		lineageTag: 5675147a-db14-46cd-bae1-9dc788fb34a6

		annotation PBI_FormatHint = {""isCustom"":true}

	/// Description: Returns target account eng time spent quarter-to-date same period last year."
"meas.ssr_history_target_acct_eng_time_spent_qtd_sply","```
			
			
			-- get the dates
			var curr_date = CALCULATE(MAX(cal_end_dates[Date])) // get the mgmt current end date
			var end_date = curr_date
			var end_date_sply = date(Year(end_date) -1,Month(end_date),day(end_date)) // get the yoy end date
			var start_year = Year(curr_date) 
			var start_qtr_month = (Quarter(curr_date) * 3) - 2  
			var start_month = Month(curr_date)
			var start_date_ytd = date(start_year,1,1)  
			var start_date_ytd_sply = date(start_year-1,1,1)  
			var start_date_qtd = date(start_year,start_qtr_month ,1)  
			var start_date_qtd_sply = date(start_year -1,start_qtr_month,1)  
			var start_date_mtd = date(start_year,start_month,1)  
			var start_date_mtd_sply = date(start_year -1,start_month,1)  
			
			
			var _mtd = CALCULATE(
			    [meas.ssr_history_total_adj_eng_duration_hrs],
			    cal_end_dates[Date] >=  start_date_qtd_sply &&  cal_end_dates[Date] <= end_date_sply
			)
			RETURN
			IF( _mtd = BLANK(), 0, _mtd)
			```
		formatString: #,##0"" hrs""
		displayFolder: target_screen
		lineageTag: 9defea10-d04b-4710-ab20-1f7332450c45

		annotation PBI_FormatHint = {""isCustom"":true}

	/// Description: Returns target account eng time spent year-to-date."
"meas.ssr_history_target_acct_eng_time_spent_qtd_sply_dif","```
			
			
			-- get the dates
			var curr_date = CALCULATE(MAX(cal_end_dates[Date])) // get the mgmt current end date
			var end_date = curr_date
			var end_date_sply = date(Year(end_date) -1,Month(end_date),day(end_date)) // get the yoy end date
			var start_year = Year(curr_date) 
			var start_qtr_month = (Quarter(curr_date) * 3) - 2  
			var start_month = Month(curr_date)
			var start_date_ytd = date(start_year,1,1)  
			var start_date_ytd_sply = date(start_year-1,1,1)  
			var start_date_qtd = date(start_year,start_qtr_month ,1)  
			var start_date_qtd_sply = date(start_year -1,start_qtr_month,1)  
			var start_date_mtd = date(start_year,start_month,1)  
			var start_date_mtd_sply = date(start_year -1,start_month,1)  
			
			
			var _qtd = CALCULATE(
			    [meas.ssr_history_total_adj_eng_duration_hrs],   // get the mtd spent time
			    cal_end_dates[Date] >=  start_date_qtd &&  cal_end_dates[Date] <= end_date
			)
			
			var _qtd_sply = CALCULATE(
			    [meas.ssr_history_total_adj_eng_duration_hrs],
			    cal_end_dates[Date] >=  start_date_qtd_sply &&  cal_end_dates[Date] <= end_date_sply    // get the mtd sply
			)
			
			var res  = DIVIDE(_qtd - _qtd_sply, _qtd_sply)
			RETURN
			IF(res = BLANK(), 0, res)
			```
		formatString: +0%;-0%;""-""
		displayFolder: target_screen
		lineageTag: 41623be1-c53b-4dc5-8725-d7b4940734ba

		annotation PBI_FormatHint = {""isCustom"":true}

	/// Description: Returns target account eng time spent year-to-date same period last year dif."
"meas.ssr_history_target_acct_eng_time_spent_ytd","```
			
			
			-- get the dates
			var curr_date = CALCULATE(MAX(cal_end_dates[Date])) // get the mgmt current end date
			var end_date = curr_date
			var end_date_sply = date(Year(end_date) -1,Month(end_date),day(end_date)) // get the yoy end date
			var start_year = Year(curr_date) 
			var start_qtr_month = (Quarter(curr_date) * 3) - 2  
			var start_month = Month(curr_date)
			var start_date_ytd = date(start_year,1,1)  
			var start_date_ytd_sply = date(start_year-1,1,1)  
			var start_date_qtd = date(start_year,start_qtr_month ,1)  
			var start_date_qtd_sply = date(start_year -1,start_qtr_month,1)  
			var start_date_mtd = date(start_year,start_month,1)  
			var start_date_mtd_sply = date(start_year -1,start_month,1)  
			
			
			var _mtd = CALCULATE(
			    [meas.ssr_history_total_adj_eng_duration_hrs],
			    cal_end_dates[Date] >=  start_date_ytd &&  cal_end_dates[Date] <= end_date
			)
			RETURN
			IF( _mtd = BLANK(), 0, _mtd)
			```
		formatString: #,##0"" hrs""
		displayFolder: target_screen
		lineageTag: 7721302c-0a36-4357-a16c-b1129e9faf51

		annotation PBI_FormatHint = {""isCustom"":true}

	/// Description: Returns target account eng time spent year-to-date same period last year."
"meas.ssr_history_target_acct_eng_time_spent_ytd_sply","```
			
			
			-- get the dates
			var curr_date = CALCULATE(MAX(cal_end_dates[Date])) // get the mgmt current end date
			var end_date = curr_date
			var end_date_sply = date(Year(end_date) -1,Month(end_date),day(end_date)) // get the yoy end date
			var start_year = Year(curr_date) 
			var start_qtr_month = (Quarter(curr_date) * 3) - 2  
			var start_month = Month(curr_date)
			var start_date_ytd = date(start_year,1,1)  
			var start_date_ytd_sply = date(start_year-1,1,1)  
			var start_date_qtd = date(start_year,start_qtr_month ,1)  
			var start_date_qtd_sply = date(start_year -1,start_qtr_month,1)  
			var start_date_mtd = date(start_year,start_month,1)  
			var start_date_mtd_sply = date(start_year -1,start_month,1)  
			
			
			var _mtd = CALCULATE(
			    [meas.ssr_history_total_adj_eng_duration_hrs],
			    cal_end_dates[Date] >=  start_date_ytd_sply &&  cal_end_dates[Date] <= end_date_sply
			)
			RETURN
			IF( _mtd = BLANK(), 0, _mtd)
			```
		formatString: #,##0"" hrs""
		displayFolder: target_screen
		lineageTag: e1e1dca6-cc8b-4157-b71f-6edf3be20da2

		annotation PBI_FormatHint = {""isCustom"":true}

	/// Description: Returns target account eng time spent month-to-date same period last year dif."
"meas.ssr_history_target_acct_eng_time_spent_ytd_sply_dif","```
			
			
			-- get the dates
			var curr_date = CALCULATE(MAX(cal_end_dates[Date])) // get the mgmt current end date
			var end_date = curr_date
			var end_date_sply = date(Year(end_date) -1,Month(end_date),day(end_date)) // get the yoy end date
			var start_year = Year(curr_date) 
			var start_qtr_month = (Quarter(curr_date) * 3) - 2  
			var start_month = Month(curr_date)
			var start_date_ytd = date(start_year,1,1)  
			var start_date_ytd_sply = date(start_year-1,1,1)  
			var start_date_qtd = date(start_year,start_qtr_month ,1)  
			var start_date_qtd_sply = date(start_year -1,start_qtr_month,1)  
			var start_date_mtd = date(start_year,start_month,1)  
			var start_date_mtd_sply = date(start_year -1,start_month,1)  
			
			
			var _ytd = CALCULATE(
			    [meas.ssr_history_total_adj_eng_duration_hrs],   // get the mtd spent time
			    cal_end_dates[Date] >=  start_date_ytd &&  cal_end_dates[Date] <= end_date
			)
			
			var _ytd_sply = CALCULATE(
			    [meas.ssr_history_total_adj_eng_duration_hrs],
			    cal_end_dates[Date] >=  start_date_ytd_sply &&  cal_end_dates[Date] <= end_date_sply    // get the mtd sply
			)
			
			var res  = DIVIDE(_ytd - _ytd_sply, _ytd_sply)
			RETURN
			IF(res = BLANK(), 0, res)
			```
		formatString: +0%;-0%;""-""
		displayFolder: target_screen
		lineageTag: 4c42b7fe-7426-43e7-8f36-5dbaf5db33f7

		annotation PBI_FormatHint = {""isCustom"":true}

	/// Description: Returns target converted account count month-to-date."
"meas.ssr_history_target_acct_time_spent_mtd","```
			
			
			-- get the dates
			var curr_date = CALCULATE(MAX(cal_end_dates[Date])) // get the mgmt current end date
			var end_date = curr_date
			var end_date_sply = date(Year(end_date) -1,Month(end_date),day(end_date)) // get the yoy end date
			var start_year = Year(curr_date) 
			var start_qtr_month = (Quarter(curr_date) * 3) - 2  
			var start_month = Month(curr_date)
			var start_date_ytd = date(start_year,1,1)  
			var start_date_ytd_sply = date(start_year-1,1,1)  
			var start_date_qtd = date(start_year,start_qtr_month ,1)  
			var start_date_qtd_sply = date(start_year -1,start_qtr_month,1)  
			var start_date_mtd = date(start_year,start_month,1)  
			var start_date_mtd_sply = date(start_year -1,start_month,1)  
			
			
			var _accts = CALCULATE(
			    [meas.ssr_history_total_adj_duration_hrs],
			    cal_end_dates[Date] >=  start_date_mtd &&  cal_end_dates[Date] <= end_date
			)
			RETURN
			IF(_accts = BLANK(), 0, _accts)
			```
		formatString: #,##0"" hrs""
		displayFolder: target_screen
		lineageTag: 32040deb-e9f8-49b6-86d4-57d274234256

		annotation PBI_FormatHint = {""isCustom"":true}

	/// Description: Returns target account time spent month-to-date same period last year."
"meas.ssr_history_target_disqualified_acct_count_mtd_sply_diff","var res = DIVIDE(
			    [meas.ssr_history_target_disqualified_acct_count_mtd] - [meas.ssr_history_target_disqualified_acct_count_mtd_sply],
			    [meas.ssr_history_target_disqualified_acct_count_mtd_sply]
			)
			RETURN
			IF( res = BLANK(), 0, res)
		formatString: +0%;-0%;""-""
		displayFolder: target_screen
		lineageTag: d64d2531-0c54-4ada-af29-092c397b2307

		annotation PBI_FormatHint = {""isCustom"":true}

	/// Description: Calculates target disqualified account count quarter-to-date same period last year difference in the current reporting context."
"meas.ssr_history_target_disqualified_acct_count_qtd_sply_diff","var res = DIVIDE(
			    [meas.ssr_history_target_disqualified_acct_count_qtd] - [meas.ssr_history_target_disqualified_acct_count_qtd_sply],
			    [meas.ssr_history_target_disqualified_acct_count_qtd_sply]
			)
			RETURN
			IF( res = BLANK(), 0, res)
		formatString: +0%;-0%;""-""
		displayFolder: target_screen
		lineageTag: b2c152d6-32d7-45c1-8f51-576b321a55d0

		annotation PBI_FormatHint = {""isCustom"":true}

	/// Description: Calculates target disqualified account count year-to-date same period last year difference in the current reporting context."
"meas.ssr_history_target_engagement_rate","VAR _eng_rate = [meas.ssr_history_all_activity_engagement_rate]
			
			RETURN
			SWITCH(
			    TRUE(),
			    ISBLANK(_eng_rate), ""NA"",
			    _eng_rate <= 0.03, ""Low"",
			    _eng_rate > 0.03 && _eng_rate <= 0.10, ""Fair"",
			    _eng_rate > 0.10 && _eng_rate <= 0.20, ""Good"",
			    _eng_rate > 0.20, ""Great"",
			    ""Other""
			)
		displayFolder: target_screen
		lineageTag: 34157429-5bd8-465c-be96-95b14f3d4b9f

	/// Description: Calculates last engage age days in the current reporting context."
"meas.ssr_history_time_effort_src","```
			
			var _str = 
			SWITCH(
			        MAX(ssr_history[stkhlds_all_adj_dur_rule]),
			        116023, ""OwnerÃƒÂ¢Ã¢â€šÂ¬Ã¢â€žÂ¢s Deal Activities (Adj. by ACL)"",
			        116024, ""Owner & ColleaguesÃƒÂ¢Ã¢â€šÂ¬Ã¢â€žÂ¢ Deal Activities (w. Similar Outcome/Length)"",
			        116021, ""ColleaguesÃƒÂ¢Ã¢â€šÂ¬Ã¢â€žÂ¢ Deal Activities (w. Similar Outcome/Length)"",  // condition for the rule
			        116022, ""Industry Benchmarks (w. Similar Outcome/Length)""
			    )
			RETURN 
			 _str
			```
		displayFolder: _activity_analysis
		lineageTag: bf1fce32-4a95-422a-8e17-8d523dd26455

	/// Description: Calculates time effort confidence in the current reporting context."
"meas.ssr_history_total_all_dur_hrs","```
			
			var dur = CALCULATE(
			    SUM(
			        ssr_history[stkhlds_all_dur]  // get the actual duration of the stkhlds 
			    )
			)/3600          // turn into hrs
			var res  = dur
			RETURN
			IF(
			    res =BLANK(),
			    0,
			    res
			)
			```
		formatString: #,##0"" hrs""
		displayFolder: _activity_analysis
		lineageTag: 3592fb17-9474-4df2-8e12-b2f3cd30965f

		annotation PBI_FormatHint = {""isCustom"":true}

	/// Description: Calculates step success probability in the current reporting context."
"meas.stkhlds_primary_contact_card_title","[meas.stkhlds_primary_full_name] & "", "" & [meas.stkhlds_primary_contact_title_seniority]
		displayFolder: _opps_detail
		lineageTag: b5107bc2-6975-4765-b18a-cff756e2e10a

	/// Description: Returns stakeholders primary contact first act."
"meas.stkhlds_primary_full_name","```
			
			    CALCULATE(MAX(ssr_history_stakeholders[crm_first_name]), FILTER( ssr_history_stakeholders, [meas.stkhlds_primary_contact_first_act] = ssr_history[meas.stkhlds_primary_contact_first_act]))
			     & "" "" & 
			     CALCULATE(MAX(ssr_history_stakeholders[crm_last_name]), FILTER( ssr_history_stakeholders, [meas.stkhlds_primary_contact_first_act] = ssr_history[meas.stkhlds_primary_contact_first_act]))
			```
		displayFolder: _opps_detail
		lineageTag: f7fe0bec-b9ad-4b3a-8c0e-35014957b7b3

	/// Description: Helper measure used for internal label, formatting, or visual support behavior."
"meas.stkhlds_secondary_contact_card_title","[meas.stkhlds_secondary_full_name] & "", "" & [meas.stkhlds_secondary_contact_title_seniority]
		displayFolder: _opps_detail
		lineageTag: 574655a7-cd76-41c5-a883-fac2e9db9b58

	/// Description: Redundant measure - slated for depreciation."
"meas.stkhlds_secondary_full_name","```
			
			    CALCULATE(MAX(ssr_history_stakeholders[crm_first_name]), ssr_history_stakeholders[trueai_stkhld_ranking]=2)
			     & "" "" & 
			     CALCULATE(MAX(ssr_history_stakeholders[crm_last_name]), ssr_history_stakeholders[trueai_stkhld_ranking]=2)
			```
		displayFolder: all_activity_opp
		lineageTag: c7a337f8-e45f-43af-a3cd-8d065076b3ec

	/// Description: Calculates total booking amount for closed-lost opportunities in the current reporting context."
"meas.total_opps_won_amt","var res = CALCULATE(
			    SUM(ssr_history[opp_won_amt]),
			    ssr_history[step_name] in {""New Logo Selling"", ""Existing Customer Selling""} && ssr_history[step_success]=True        // get the opps won amt sum filtering with step_name and step_success
			)
			
			RETURN
			IF(ISBLANK(res), 0, res)
		formatString: \$#,0.###############;(\$#,0.###############);\$#,0.###############
		displayFolder: _opps_detail
		lineageTag: a30215bd-c693-4f72-8cb1-80d6dd761561

		annotation PBI_FormatHint = {""currencyCulture"":""en-US""}

	/// Description: Calculates average won amount in the current reporting context."
