"measure","status","current_description","replacement_description","expression"
"meas._debug_selected_metric","KEEP","Measure calculating debug selected metric. Respects the current filter context.","Debug/helper measure used to validate selected metric behavior in the current reporting context.",""
"meas.active_list_owner_user_role_aliased","KEEP","Measure calculating active list owner user role aliased. Respects the current filter context.","Helper measure used for internal calculations, dynamic formatting, or visual behavior.",""
"meas.adj_dur_confidence","KEEP","Measure calculating adj dur confidence. Respects the current filter context.","Returns the confidence score for adjusted duration estimates used in opportunity progression analysis.","VAR _conf =  ROUND([meas.ssr_history_adj_dur_conf]*100,0)           // get the avg of ci time allocation confidence
			
			var _status_ = 
			    IF(
			    _conf >= 0 && _conf <= 49, ""Limited"",
			        IF(
			            _conf >=50 && _conf <= 74, ""Fair"",
			            IF(
			                _conf >=75 && _conf <= 84, ""Good"",
			                IF(
			                    _conf >=85 && _conf <= 94, ""Great"",
			                    ""Excellent""
			                )
			            )
			        )
			)
			
			
			
			RETURN 
			IF(
			    _conf <>0,
			    _status_ & "" ("" & _conf & "")""  // Convert _conf to integer text format
			)"
"meas.adj_dur_confidence_status_number","KEEP","Measure calculating adj dur confidence status number. Respects the current filter context.","Returns the categorical status number derived from adjusted duration confidence scoring.","VAR _conf =  ROUND([meas.ssr_history_adj_dur_conf]*100,0)           // get the avg of ci time allocation confidence
			
			var _status_ = 
			    IF(
			    _conf >= 0 && _conf <= 49, 1,
			        IF(
			            _conf >=50 && _conf <= 74, 2,
			            IF(
			                _conf >=75 && _conf <= 84, 3,
			                IF(
			                    _conf >=85 && _conf <= 94, 4,
			                    5
			                )
			            )
			        )
			)
			
			
			
			RETURN 
			IF(
			    _conf <>0,
			    _status_
			)"
"meas.aliasing_label","KEEP","Measure calculating aliasing label. Respects the current filter context.","Helper measure used for internal label, formatting, or visual support behavior.","CALCULATE(FIRSTNONBLANK(metadata_aliasing[label] , ""No Such Field"")) // needs to be filterd by correct model/field to show the right data"
"meas.aliasing_label_entity_cust_field_1","KEEP","Measure calculating aliasing label entity cust field 1. Respects the current filter context.","Helper measure used for internal label, formatting, or visual support behavior.","// needs to be filterd by correct model/field to show the right data
			 CALCULATE(
			    FIRSTNONBLANK(metadata_aliasing[alias] , ""No Such Field""),
			    metadata_aliasing[label] = ""entity_crm_custom_value_1""
			)"
"meas.aliasing_labels_cust_field","KEEP","Measure calculating aliasing labels cust field. Respects the current filter context.","Helper measure used for internal label, formatting, or visual support behavior.","// needs to be filterd by correct model/field to show the right data
			 CALCULATE(
			    FIRSTNONBLANK(metadata_aliasing[alias] , ""No Such Field"")
			)"
"meas.all_stkhlds_count","KEEP","Count of all stkhlds count. Respects the current filter context.","Summarizes all activities from stakeholders.","CALCULATE(SUM(ssr_history[stkhlds_all_act_count]))"
"meas.all_stkhlds_title","KEEP","Measure calculating all stkhlds title. Respects the current filter context.","Helper measure used for internal label, formatting, or visual support behavior.","""All Stakeholder - "" & [meas.all_stkhlds_count]"
"meas.annual_booking_mrr_existing_customer_selling_won_amt","KEEP","Measure calculating annual booking mrr existing customer selling won amt. Respects the current filter context.","Returns won existing-customer-selling booking amount, or converts it to monthly recurring revenue, based on the selected Booking Amount Display Mode.",""
"meas.annual_booking_mrr_new_logo_won_amt","KEEP","Measure calculating annual booking mrr new logo won amt. Respects the current filter context.","Returns won new-logo booking amount, or converts it to monthly recurring revenue, based on the selected Booking Amount Display Mode.",""
"meas.annual_booking_mrr_won_amt","KEEP","Measure calculating annual booking mrr won amt. Respects the current filter context.","Returns won booking amount, or converts it to monthly recurring revenue, based on the selected Booking Amount Display Mode.",""
"meas.annual_booking_mrr_won_amt_text","KEEP","Measure calculating annual booking mrr won amt text. Respects the current filter context.","Returns the selected booking display label (monthly recurring revenue or Annual Bookings) based on Booking Amount Display Mode.","var _selected_value = SELECTEDVALUE(all_act_support[Booking Amount Display Mode])       // get the slicer value
			
			var res = 
			    IF(
			        _selected_value=""MMR Bookings"",
			        ""MRR"",
			        ""Annual Bookings""
			    )
			
			RETURN
			res"
"meas.avg_time_spent_per_deal_ratio_existing_customer_selling","KEEP","Average of avg time spent per deal ratio existing customer selling. Respects the current filter context.","Returns average time spent per deal ratio existing customer selling where step is Existing Customer Selling.","var highes_high_mid = CALCULATE(
			    [meas.avg_time_spent_per_step],
			    ssr_history[step_name]=""Existing Customer Selling"",           // get the time for highest, high and mid
			    quality_buckets[bucket] in {""Highest"", ""High"", ""Mid""}
			)
			
			var lowest_low = CALCULATE(
			    [meas.avg_time_spent_per_step],
			    ssr_history[step_name]=""Existing Customer Selling"",       // get the time for lowest and low
			    quality_buckets[bucket] in {""Lowest"", ""Low""}
			)
			
			var ratio = DIVIDE(highes_high_mid, lowest_low, 0)              // get the ratio 
			var res = FORMAT(ratio, ""0.0"")
			RETURN
			res"
"meas.avg_time_spent_per_deal_ratio_new_logo_selling","KEEP","Average of avg time spent per deal ratio new logo selling. Respects the current filter context.","Returns average time spent per deal ratio new logo selling where step is New Logo Selling.","var highes_high_mid = CALCULATE(
			    [meas.avg_time_spent_per_step],
			    ssr_history[step_name]=""New Logo Selling"",           // get the time for highest, high and mid
			    quality_buckets[bucket] in {""Highest"", ""High"", ""Mid""}
			)
			
			var lowest_low = CALCULATE(
			    [meas.avg_time_spent_per_step],
			    ssr_history[step_name]=""New Logo Selling"",       // get the time for lowest and low
			    quality_buckets[bucket] in {""Lowest"", ""Low""}
			)
			
			var ratio = DIVIDE(highes_high_mid, lowest_low, 0)              // get the ratio 
			var res = FORMAT(ratio, ""0.0"")
			RETURN
			res"
"meas.avg_time_spent_per_deal_ratio_post_sales_support","KEEP","Average of avg time spent per deal ratio post sales support. Respects the current filter context.","Returns average time spent per deal ratio post sales support where step is Post-Sales Support.","var highes_high_mid = CALCULATE(
			    [meas.avg_time_spent_per_step],
			    ssr_history[step_name]=""Post-Sales Support"",           // get the time for highest, high and mid
			    quality_buckets[bucket] in {""Highest"", ""High"", ""Mid""}
			)
			
			var lowest_low = CALCULATE(
			    [meas.avg_time_spent_per_step],
			    ssr_history[step_name]=""Post-Sales Support"",       // get the time for lowest and low
			    quality_buckets[bucket] in {""Lowest"", ""Low""}
			)
			
			var ratio = DIVIDE(highes_high_mid, lowest_low, 0)              // get the ratio 
			var res = FORMAT(ratio, ""0.0"")
			RETURN
			res"
"meas.avg_time_spent_per_deal_ratio_prospecting","KEEP","Average of avg time spent per deal ratio prospecting. Respects the current filter context.","Returns average time spent per deal ratio prospecting where step is Prospecting.","var highes_high_mid = CALCULATE(
			    [meas.avg_time_spent_per_step],
			    ssr_history[step_name]=""Prospecting"",           // get the time for highest, high and mid
			    quality_buckets[bucket] in {""Highest"", ""High"", ""Mid""}
			)
			
			var lowest_low = CALCULATE(
			    [meas.avg_time_spent_per_step],
			    ssr_history[step_name]=""Prospecting"",       // get the time for lowest and low
			    quality_buckets[bucket] in {""Lowest"", ""Low""}
			)
			
			var ratio = DIVIDE(highes_high_mid, lowest_low, 0)              // get the ratio 
			var res = FORMAT(ratio, ""0.0"")
			RETURN
			res"
"meas.avg_time_spent_per_step","KEEP","Average of avg time spent per step. Respects the current filter context.","Calculates average time spent per step in the current reporting context.",""
"meas.bucket_num","KEEP","Measure calculating bucket num. Respects the current filter context.","Helper measure used for internal label, formatting, or visual support behavior.",""
"meas.count_greater_than_thresh","KEEP","Count of count greater than thresh. Respects the current filter context.","Helper measure used to filter out very small cohorts below a minimum size threshold in lead-generation analysis.","VAR _proba = [meas.ssr_history_leads_probability_of_conversion]
			//this measure helps you filter out small segments of a result so they don't ""pollute"" the result. Use this is a filter measure and make the condition ""greater than 0""
			// first get the current count but remove the groupiing filter context 
			var all_current_val =  CALCULATE(count(ssr_history[_sys_ssr_id]), ssr_history[_sys_ssr_id] <> ""abc"") // abc is a value that will never exist in the db
			// get the regular count in the current filter context
			var count_current_val = CALCULATE(distinctcount(ssr_history[_sys_ssr_id]), ssr_history[step_name] = ""Lead Gen"") 
			// see the ration of this value
			var ratio = DIVIDE(count_current_val, all_current_val)
			// set the threshold - in htis case 10%
			var thresh = 0.03
			// determine if the ratio is over the threshhold and resturn o
			var res  = IF(ratio >= thresh, _proba)
			return ratio"
"meas.crm_currency","REVIEW","Measure calculating crm currency. Respects the current filter context.","Redundant measure - slated for depreciation.","MAX(opps[crm_currency])"
"meas.crm_name","REVIEW","Measure calculating crm name. Respects the current filter context.","Redundant measure - slated for depreciation.","MAX(ssr[crm_name])"
"meas.dynamic_metric_title","KEEP","Measure calculating dynamic metric title. Respects the current filter context.","Helper measure used for internal label, formatting, or visual support behavior.",""
"meas.exp_rpts_all_closed_deals","KEEP","Measure calculating exp rpts all closed deals. Respects the current filter context.","Calculates the number of closed deals across New Logo Selling and Existing Customer Selling steps within the current reporting context. Used to evaluate sales performance across teams, reps, stages, or periods.","CALCULATE(Count(ssr_history[_sys_doc_id]), ssr_history[step_name] IN {""New Logo Selling"", ""Existing Customer Selling""} )"
"meas.exp_rpts_all_expected_win_rate","KEEP","Rate of exp rpts all expected win rate. Respects the current filter context.","Calculates the average expected win probability across New Logo Selling and Existing Customer Selling steps within the current reporting context. Used to evaluate sales performance across teams, reps, stages, or periods.","CALCULATE(AVERAGE(ssr_history[step_success_prob]), ssr_history[step_name] IN {""New Logo Selling"", ""Existing Customer Selling""} )"
"meas.exp_rpts_all_lead_gen","KEEP","Measure calculating exp rpts all lead gen. Respects the current filter context.","Calculates the number of successful Lead Generation records within the current reporting context. Used to evaluate sales performance across teams, reps, stages, or periods.","CALCULATE(Count(ssr_history[_sys_doc_id]), ssr_history[step_name] IN {""Lead Gen""} && ssr_history[step_success] = True)     // count of lead gen"
"meas.exp_rpts_all_new_logo_won_amt","KEEP","Measure calculating exp rpts all new logo won amt. Respects the current filter context.","Calculates won amount for successful New Logo Selling records within the current reporting context. Used to evaluate sales performance across teams, reps, stages, or periods.","CALCULATE(SUM(ssr_history[opp_won_amt]), ssr_history[step_name] IN {""New Logo Selling""} && ssr_history[step_success] = True)       // New Logo sum of won amt"
"meas.exp_rpts_all_new_logo_won_deals","KEEP","Measure calculating exp rpts all new logo won deals. Respects the current filter context.","Calculates the number of successful won deals in New Logo Selling within the current reporting context. Used to evaluate sales performance across teams, reps, stages, or periods.","CALCULATE(Count(ssr_history[_sys_doc_id]), ssr_history[step_name] IN {""New Logo Selling""} && ssr_history[step_success] = True)       // new logo won deals count"
"meas.exp_rpts_all_pipeline_amt","KEEP","Measure calculating exp rpts all pipeline amt. Respects the current filter context.","Calculates pipeline amount for successful Prospecting and Post-Sales Support records within the current reporting context. Used to evaluate sales performance across teams, reps, stages, or periods.","CALCULATE(SUM(ssr_history[opp_pipeline_amt]), ssr_history[step_name] IN {""Prospecting"", ""Post-Sales Support""} && ssr_history[step_success] = True)     // get the pipeline amt for prospecting and post-sales support"
"meas.exp_rpts_all_won_amt","KEEP","Measure calculating exp rpts all won amt. Respects the current filter context.","Calculates won amount across successful New Logo Selling and Existing Customer Selling records within the current reporting context. Used to evaluate sales performance across teams, reps, stages, or periods.","CALCULATE(SUM(ssr_history[opp_won_amt]), ssr_history[step_name] IN {""New Logo Selling"", ""Existing Customer Selling""} && ssr_history[step_success] = True)"
"meas.exp_rpts_all_won_deals","KEEP","Measure calculating exp rpts all won deals. Respects the current filter context.","Calculates the number of successful won deals across New Logo Selling and Existing Customer Selling steps within the current reporting context. Used to evaluate sales performance across teams, reps, stages, or periods.","CALCULATE(Count(ssr_history[_sys_doc_id]), ssr_history[step_name] IN {""New Logo Selling"", ""Existing Customer Selling""} && ssr_history[step_success] = True)"
"meas.exp_rpts_current_year_closed_deals","KEEP","Measure calculating exp rpts current year closed deals. Respects the current filter context.","Calculates the number of closed deals across New Logo Selling and Existing Customer Selling steps for Current Year. Used to compare sales performance across reporting periods.","CALCULATE([meas.exp_rpts_all_closed_deals], time_intelligence[filt_item] = ""CURRENT_YEAR"")"
"meas.exp_rpts_current_year_expected_win_rate","KEEP","Rate of exp rpts current year expected win rate. Respects the current filter context.","Calculates the average expected win probability across New Logo Selling and Existing Customer Selling steps for Current Year. Used to compare sales performance across reporting periods.","CALCULATE([meas.exp_rpts_all_expected_win_rate], time_intelligence[filt_item] = ""CURRENT_YEAR"")"
"meas.exp_rpts_current_year_lead_gen","KEEP","Measure calculating exp rpts current year lead gen. Respects the current filter context.","Calculates the number of successful Lead Generation records for Current Year. Used to compare sales performance across reporting periods.","CALCULATE([meas.exp_rpts_all_lead_gen], time_intelligence[filt_item] = ""CURRENT_YEAR"")"
"meas.exp_rpts_current_year_new_logo_won_amt","KEEP","Measure calculating exp rpts current year new logo won amt. Respects the current filter context.","Calculates won amount for successful New Logo Selling records for Current Year. Used to compare sales performance across reporting periods.","CALCULATE([meas.exp_rpts_all_new_logo_won_amt], time_intelligence[filt_item] = ""CURRENT_YEAR"")"
"meas.exp_rpts_current_year_new_logo_won_deals","KEEP","Measure calculating exp rpts current year new logo won deals. Respects the current filter context.","Calculates the number of successful won deals in New Logo Selling for Current Year. Used to compare sales performance across reporting periods.","CALCULATE([meas.exp_rpts_all_new_logo_won_deals], time_intelligence[filt_item] = ""CURRENT_YEAR"")"
"meas.exp_rpts_current_year_pipeline_amt","KEEP","Measure calculating exp rpts current year pipeline amt. Respects the current filter context.","Calculates pipeline amount for successful Prospecting and Post-Sales Support records for Current Year. Used to compare sales performance across reporting periods.","CALCULATE([meas.exp_rpts_all_pipeline_amt], time_intelligence[filt_item] = ""CURRENT_YEAR"")"
"meas.exp_rpts_current_year_won_amt","KEEP","Measure calculating exp rpts current year won amt. Respects the current filter context.","Calculates won amount across successful New Logo Selling and Existing Customer Selling records for Current Year. Used to compare sales performance across reporting periods.","CALCULATE([meas.exp_rpts_all_won_amt], time_intelligence[filt_item] = ""CURRENT_YEAR"")"
"meas.exp_rpts_current_year_won_deals","KEEP","Measure calculating exp rpts current year won deals. Respects the current filter context.","Calculates the number of successful won deals across New Logo Selling and Existing Customer Selling steps for Current Year. Used to compare sales performance across reporting periods.","CALCULATE([meas.exp_rpts_all_won_deals], time_intelligence[filt_item] = ""CURRENT_YEAR"")"
"meas.exp_rpts_last_year_closed_deals","KEEP","Measure calculating exp rpts last year closed deals. Respects the current filter context.","Calculates the number of closed deals across New Logo Selling and Existing Customer Selling steps for Last Year. Used to compare sales performance across reporting periods.","CALCULATE([meas.exp_rpts_all_closed_deals], time_intelligence[filt_item] = ""LAST_YEAR"")"
"meas.exp_rpts_last_year_expected_win_rate","KEEP","Rate of exp rpts last year expected win rate. Respects the current filter context.","Calculates the average expected win probability across New Logo Selling and Existing Customer Selling steps for Last Year. Used to compare sales performance across reporting periods.","CALCULATE([meas.exp_rpts_all_expected_win_rate], time_intelligence[filt_item] = ""LAST_YEAR"")"
"meas.exp_rpts_last_year_lead_gen","KEEP","Measure calculating exp rpts last year lead gen. Respects the current filter context.","Calculates the number of successful Lead Generation records for Last Year. Used to compare sales performance across reporting periods.","CALCULATE([meas.exp_rpts_all_lead_gen], time_intelligence[filt_item] = ""LAST_YEAR"")"
"meas.exp_rpts_last_year_new_logo_won_amt","KEEP","Measure calculating exp rpts last year new logo won amt. Respects the current filter context.","Calculates won amount for successful New Logo Selling records for Last Year. Used to compare sales performance across reporting periods.","CALCULATE([meas.exp_rpts_all_new_logo_won_amt], time_intelligence[filt_item] = ""LAST_YEAR"")"
"meas.exp_rpts_last_year_new_logo_won_deals","KEEP","Measure calculating exp rpts last year new logo won deals. Respects the current filter context.","Calculates the number of successful won deals in New Logo Selling for Last Year. Used to compare sales performance across reporting periods.","CALCULATE([meas.exp_rpts_all_new_logo_won_deals], time_intelligence[filt_item] = ""LAST_YEAR"")"
"meas.exp_rpts_last_year_pipeline_amt","KEEP","Measure calculating exp rpts last year pipeline amt. Respects the current filter context.","Calculates pipeline amount for successful Prospecting and Post-Sales Support records for Last Year. Used to compare sales performance across reporting periods.","CALCULATE([meas.exp_rpts_all_pipeline_amt], time_intelligence[filt_item] = ""LAST_YEAR"")"
"meas.exp_rpts_last_year_won_amt","KEEP","Measure calculating exp rpts last year won amt. Respects the current filter context.","Calculates won amount across successful New Logo Selling and Existing Customer Selling records for Last Year. Used to compare sales performance across reporting periods.","CALCULATE([meas.exp_rpts_all_won_amt], time_intelligence[filt_item] = ""LAST_YEAR"")"
"meas.exp_rpts_last_year_won_deals","KEEP","Measure calculating exp rpts last year won deals. Respects the current filter context.","Calculates the number of successful won deals across New Logo Selling and Existing Customer Selling steps for Last Year. Used to compare sales performance across reporting periods.","CALCULATE([meas.exp_rpts_all_won_deals], time_intelligence[filt_item] = ""LAST_YEAR"")"
"meas.exp_rpts_prior_to_last_year_closed_deals","KEEP","Measure calculating exp rpts prior to last year closed deals. Respects the current filter context.","Calculates the number of closed deals across New Logo Selling and Existing Customer Selling steps for Prior to Last Year. Used to compare sales performance across reporting periods.","CALCULATE([meas.exp_rpts_all_closed_deals], time_intelligence[filt_item] = ""PRIOR_TO_LAST_YEAR"")"
"meas.exp_rpts_prior_to_last_year_expected_win_rate","KEEP","Rate of exp rpts prior to last year expected win rate. Respects the current filter context.","Calculates the average expected win probability across New Logo Selling and Existing Customer Selling steps for Prior to Last Year. Used to compare sales performance across reporting periods.","CALCULATE([meas.exp_rpts_all_expected_win_rate], time_intelligence[filt_item] = ""PRIOR_TO_LAST_YEAR"")"
"meas.exp_rpts_prior_to_last_year_lead_gen","KEEP","Measure calculating exp rpts prior to last year lead gen. Respects the current filter context.","Calculates the number of successful Lead Generation records for Prior to Last Year. Used to compare sales performance across reporting periods.","CALCULATE([meas.exp_rpts_all_lead_gen], time_intelligence[filt_item] = ""PRIOR_TO_LAST_YEAR"")"
"meas.exp_rpts_prior_to_last_year_new_logo_won_amt","KEEP","Measure calculating exp rpts prior to last year new logo won amt. Respects the current filter context.","Calculates won amount for successful New Logo Selling records for Prior to Last Year. Used to compare sales performance across reporting periods.","CALCULATE([meas.exp_rpts_all_new_logo_won_amt], time_intelligence[filt_item] = ""PRIOR_TO_LAST_YEAR"")"
"meas.exp_rpts_prior_to_last_year_new_logo_won_deals","KEEP","Measure calculating exp rpts prior to last year new logo won deals. Respects the current filter context.","Calculates the number of successful won deals in New Logo Selling for Prior to Last Year. Used to compare sales performance across reporting periods.","CALCULATE([meas.exp_rpts_all_new_logo_won_deals], time_intelligence[filt_item] = ""PRIOR_TO_LAST_YEAR"")"
"meas.exp_rpts_prior_to_last_year_pipeline_amt","KEEP","Measure calculating exp rpts prior to last year pipeline amt. Respects the current filter context.","Calculates pipeline amount for successful Prospecting and Post-Sales Support records for Prior to Last Year. Used to compare sales performance across reporting periods.","CALCULATE([meas.exp_rpts_all_pipeline_amt], time_intelligence[filt_item] = ""PRIOR_TO_LAST_YEAR"")"
"meas.exp_rpts_prior_to_last_year_won_amt","KEEP","Measure calculating exp rpts prior to last year won amt. Respects the current filter context.","Calculates won amount across successful New Logo Selling and Existing Customer Selling records for Prior to Last Year. Used to compare sales performance across reporting periods.","CALCULATE([meas.exp_rpts_all_won_amt], time_intelligence[filt_item] = ""PRIOR_TO_LAST_YEAR"")"
"meas.exp_rpts_prior_to_last_year_won_deals","KEEP","Measure calculating exp rpts prior to last year won deals. Respects the current filter context.","Calculates the number of successful won deals across New Logo Selling and Existing Customer Selling steps for Prior to Last Year. Used to compare sales performance across reporting periods.","CALCULATE([meas.exp_rpts_all_won_deals], time_intelligence[filt_item] = ""PRIOR_TO_LAST_YEAR"")"
"meas.filter_cal_start_dates_with_end_date","KEEP","Measure calculating filter cal start dates with end date. Respects the current filter context.","Calculates filter cal start dates with end date in the current reporting context.",""
"meas.manager_direct_active_mgr_full_name","KEEP","Measure calculating manager direct active mgr full name. Respects the current filter context.","Calculates manager direct active mgr full name in the current reporting context.",""
"meas.open_leads_tbl_title","KEEP","Measure calculating open leads tbl title. Respects the current filter context.","Helper measure used for internal label, formatting, or visual support behavior.",""
"meas.opps_addr_location","KEEP","Measure calculating opps addr location. Respects the current filter context.","Calculates addr location in the current reporting context.",""
"meas.opps_asof_open_pipeline_amt","KEEP","Measure calculating opps asof open pipeline amt. Respects the current filter context.","Returns total open pipeline amount as of the selected as-of date.","-- NOTE Open pipeline needs to override normal filter dates and is depndant on a second SYNCED slicer tied to the cal_end_dates_no_relationship table 
			var end_date =  CALCULATE(LASTDATE(cal_start_dates[Date]), ALLSELECTED())  -- get the end date of the second slicer 
			var all_dates_tbl = CALCULATETABLE(opps, cal_end_dates[Date] > date(1900,1,1) && cal_end_dates[Date] < date(2100,1,2)) -- override the normal date filter and get current filters through calc table
			var filt_tbl = FILTER(all_dates_tbl,  opps[_sys_filt_end_date] >= end_date &&  opps[_sys_filt_start_date] < end_date) -- apply the right steps and filter dates
			var res = SUMX(filt_tbl, opps[trueai_booking_amt]) -- do the actual operation
			
			return res"
"meas.opps_asof_open_pipeline_count","KEEP","Count of opps asof open pipeline count. Respects the current filter context.","Returns the number of opportunities that are open as of the selected as-of date.","-- NOTE Open pipeline needs to override normal filter dates and is depndant on a second SYNCED slicer tied to the cal_end_dates_no_relationship table 
			var end_date =  CALCULATE(LASTDATE(cal_start_dates[Date]), ALLSELECTED())  -- get the end date of the second slicer 
			var all_dates_tbl = CALCULATETABLE(opps, cal_end_dates[Date] > date(1900,1,1) && cal_end_dates[Date] < date(2100,1,2)) -- override the normal date filter and get current filters through calc table
			var filt_tbl = FILTER(all_dates_tbl,  opps[_sys_filt_end_date] >= end_date &&  opps[_sys_filt_start_date] < end_date) -- apply the right steps and filter dates
			var res = COuntX(filt_tbl, opps[_sys_doc_id]) -- do the actual operation
			
			return res"
"meas.opps_asof_open_pipeline_expected_value","KEEP","Measure calculating opps asof open pipeline expected value. Respects the current filter context.","Returns total open pipeline amount as of the selected as-of date.","-- NOTE Open pipeline needs to override normal filter dates and is depndant on a second SYNCED slicer tied to the cal_end_dates_no_relationship table 
			var end_date =  CALCULATE(LASTDATE(cal_start_dates[Date]), ALLSELECTED())  -- get the end date of the second slicer 
			var all_dates_tbl = CALCULATETABLE(opps, cal_end_dates[Date] > date(1900,1,1) && cal_end_dates[Date] < date(2100,1,2)) -- override the normal date filter and get current filters through calc table
			var filt_tbl = FILTER(all_dates_tbl,  opps[_sys_filt_end_date] >= end_date &&  opps[_sys_filt_start_date] < end_date) -- apply the right steps and filter dates
			var pipeline_amt = SUMX(filt_tbl, opps[trueai_booking_amt]) -- get the pipeline amt
			var pipeline_prob = AVERAGEX(filt_tbl, opps[trueai_prob_of_win]) -- get the pipeline amt
			var res = pipeline_amt*pipeline_prob
			return res"
"meas.opps_average_won_amt","KEEP","Average of opps average won amt. Respects the current filter context.","Calculates average won amount in the current reporting context.",""
"meas.opps_closed_date","KEEP","Measure calculating opps closed date. Respects the current filter context.","Calculates closed date in the current reporting context.",""
"meas.opps_deals_lost_count","KEEP","Count of opps deals lost count. Respects the current filter context.","Calculates the number of closed-lost opportunities in the current reporting context.","CALCULATE(COUNT(ssr_history[_sys_doc_id]), ssr_history[step_outcome]=""Closed Lost"")"
"meas.opps_deals_won_count","KEEP","Count of opps deals won count. Respects the current filter context.","Calculates the number of closed-won opportunities in the current reporting context.","CALCULATE(COUNT(ssr_history[_sys_doc_id]), ssr_history[step_outcome]=""Closed Won"")"
"meas.opps_per_acts_avg","KEEP","Average of opps per acts avg. Respects the current filter context.","Calculates per acts average in the current reporting context.",""
"meas.opps_per_acts_avg_ae","KEEP","Average of opps per acts avg ae. Respects the current filter context.","Returns the average number of opportunities per account for Account Executive.","CALCULATE ( [meas.opps_per_acts_avg], users[trueai_user_role_function] = ""AE"" )"
"meas.opps_per_acts_avg_am","KEEP","Average of opps per acts avg am. Respects the current filter context.","Returns the average number of opportunities per account for Account Manager.","CALCULATE ( [meas.opps_per_acts_avg], users[trueai_user_role_function] = ""AM"" )"
"meas.opps_per_acts_avg_mgmt","KEEP","Average of opps per acts avg mgmt. Respects the current filter context.","Returns the average number of opportunities per account for Management.","CALCULATE ( [meas.opps_per_acts_avg], users[trueai_user_role_function] = ""MGMT"" )"
"meas.opps_per_acts_avg_other","KEEP","Average of opps per acts avg other. Respects the current filter context.","Returns the average number of opportunities per account for Other Roles.","CALCULATE ( [meas.opps_per_acts_avg], users[trueai_user_role_function] = ""OTHER ROLES"" )"
"meas.opps_per_acts_avg_sdr","KEEP","Average of opps per acts avg sdr. Respects the current filter context.","Returns the average number of opportunities per account for Sales Development Representative.","CALCULATE ( [meas.opps_per_acts_avg], users[trueai_user_role_function] = ""SDR"" )"
"meas.opps_per_dur_hrs_avg","KEEP","Average of opps per dur hrs avg. Respects the current filter context.","Summarizes opportunities per duration hours average.","AVERAGEX (
			    VALUES ( opps[_sys_doc_id] ),
			    CALCULATE (
			        DIVIDE( SUM( ssr_history[step_owner_dur] ), 3600 ),
			        ssr_history[step_owner_id] <> BLANK()
			    )
			)"
"meas.opps_per_dur_hrs_avg_ae","KEEP","Average of opps per dur hrs avg ae. Respects the current filter context.","Returns the average number of opportunities per duration hour for Account Executive.","CALCULATE ( [meas.opps_per_dur_hrs_avg], users[trueai_user_role_function] = ""AE"" )"
"meas.opps_per_dur_hrs_avg_am","KEEP","Average of opps per dur hrs avg am. Respects the current filter context.","Returns the average number of opportunities per duration hour for Account Manager.","CALCULATE ( [meas.opps_per_dur_hrs_avg], users[trueai_user_role_function] = ""AM"" )"
"meas.opps_per_dur_hrs_avg_mgmt","KEEP","Average of opps per dur hrs avg mgmt. Respects the current filter context.","Returns the average number of opportunities per duration hour for Management.","CALCULATE ( [meas.opps_per_dur_hrs_avg], users[trueai_user_role_function] = ""MGMT"" )"
"meas.opps_per_dur_hrs_avg_other","KEEP","Average of opps per dur hrs avg other. Respects the current filter context.","Returns the average number of opportunities per duration hour for OTHER ROLE.","CALCULATE ( [meas.opps_per_dur_hrs_avg], users[trueai_user_role_function] = ""OTHER ROLE"" )"
"meas.opps_per_dur_hrs_avg_sdr","KEEP","Average of opps per dur hrs avg sdr. Respects the current filter context.","Returns the average number of opportunities per duration hour for Sales Development Representative.","CALCULATE ( [meas.opps_per_dur_hrs_avg], users[trueai_user_role_function] = ""SDR"" )"
"meas.opps_per_owner_avg","KEEP","Average of opps per owner avg. Respects the current filter context.","Returns the average number of opportunities per owner in the current reporting context.",""
"meas.opps_per_owner_avg_ae","KEEP","Average of opps per owner avg ae. Respects the current filter context.","Returns the average number of opportunities per owner for Account Executive.","CALCULATE ( [meas.opps_per_owner_avg], users[trueai_user_role_function] = ""AE"" )"
"meas.opps_per_owner_avg_am","KEEP","Average of opps per owner avg am. Respects the current filter context.","Returns the average number of opportunities per owner for Account Manager.","CALCULATE ( [meas.opps_per_owner_avg], users[trueai_user_role_function] = ""AM"" )"
"meas.opps_per_owner_avg_mgmt","KEEP","Average of opps per owner avg mgmt. Respects the current filter context.","Returns the average number of opportunities per owner for Management.","CALCULATE ( [meas.opps_per_owner_avg], users[trueai_user_role_function] = ""MGMT"" )"
"meas.opps_per_owner_avg_other","KEEP","Average of opps per owner avg other. Respects the current filter context.","Returns the average number of opportunities per owner for Other Roles.","CALCULATE ( [meas.opps_per_owner_avg], users[trueai_user_role_function] = ""OTHER ROLES"" )"
"meas.opps_trueai_book_amt","KEEP","Measure calculating opps trueai book amt. Respects the current filter context.","Summarizes opportunities trueai book amount.","CALCULATE(SUM(opps[trueai_booking_amt]))        // sum of opps booking amt"
"meas.opps_trueai_sales_type","REVIEW","Measure calculating opps trueai sales type. Respects the current filter context.","Redundant measure - slated for depreciation.","CALCULATE(MAX(opps[trueai_sale_type]))"
"meas.opps_trueai_stage","REVIEW","Measure calculating opps trueai stage. Respects the current filter context.","Redundant measure - slated for depreciation.","CALCULATE(MAX(opps[trueai_stage]))"
"meas.owner_full_name","KEEP","Measure calculating owner full name. Respects the current filter context.","Calculates owner full name in the current reporting context.",""
"meas.peer_booking_amt_mtd","KEEP","Measure calculating peer booking amt mtd. Respects the current filter context.","Returns the average peer booking amount month-to-date where step is Existing Customer Selling or New Logo Selling, successful records.","var user_role = [meas.step_owner_user_role_aliased]
			var user_group = [meas.step_owner_group]
			var res = CALCULATE(
			    AVERAGEX(
			        FILTER(
			            ssr_history,
			            ssr_history[step_owner_user_role]=user_role && ssr_history[col.step_owner_group]=user_group && ssr_history[step_success] = true && ssr_history[step_name] in{""Existing Customer Selling"", ""New Logo Selling""}
			        )
			        , ssr_history[opp_booking_amt]), 
			    ALL())
			
			return res"
"meas.pipeline_amt","KEEP","Measure calculating pipeline amt. Respects the current filter context.","Summarizes pipeline amount.","CALCULATE(SUM(ssr_history[opp_pipeline_amt]), ALLEXCEPT(ssr_history, ssr_history[step_name]))"
"meas.pipeline_amt_sum","KEEP","Measure calculating pipeline amt sum. Respects the current filter context.","Summarizes pipeline amount sum.","CALCULATE(SUM(ssr_history[opp_pipeline_amt]))"
"meas.sales_booking_amt","KEEP","Measure calculating sales booking amt. Respects the current filter context.","Calculates sales booking amount in the current reporting context.",""
"meas.ssr_first_touch_date","KEEP","Measure calculating ssr first touch date. Respects the current filter context.","Returns ssr first touch date.","-- function that through multiple steps get the most recent records in a table for each coid and then allow u to do agg ops on it 
			var sel_date = [meas.sel_date] // get the selected date 
			
			var _max_date = MAXX(ssr, ssr[trueai_first_touch])
			var res = IF(
			    _max_date>sel_date,
			    BLANK(),
			    _max_date
			)
			
			RETURN
			res"
"meas.ssr_history_acct_count_existing_customer_selling","KEEP","Count of ssr history acct count existing customer selling. Respects the current filter context.","Calculates the number of accounts in Existing Customer Selling where step is Existing Customer Selling.","CALCULATE(DISTINCTCOUNT(ssr_history[_sys_ssr_id]), ssr_history[step_name] =""Existing Customer Selling"")     /// getting the distinct count of id for existing customer selling"
"meas.ssr_history_acct_count_new_logo","KEEP","Count of ssr history acct count new logo. Respects the current filter context.","Calculates the number of accounts in New Logo Selling where step is New Logo Selling.","CALCULATE(DISTINCTCOUNT(ssr_history[_sys_ssr_id]), ssr_history[step_name] =""New Logo Selling"")       //getting the distinct count of id for New Logo Selling"
"meas.ssr_history_acct_count_post_sales","KEEP","Count of ssr history acct count post sales. Respects the current filter context.","Calculates the number of accounts in Post-Sales Support where step is Post-Sales Support.","CALCULATE(DISTINCTCOUNT(ssr_history[_sys_ssr_id]), ssr_history[step_name] =""Post-Sales Support"")       // gettting the disticnt count of id for Post-Sales Support"
"meas.ssr_history_acct_count_prospecting","KEEP","Count of ssr history acct count prospecting. Respects the current filter context.","Calculates the number of accounts in the Prospecting step within the current reporting context.",""
"meas.ssr_history_acct_count_untouched","KEEP","Count of ssr history acct count untouched. Respects the current filter context.","Calculates the number of accounts in Untouched where step is Untouched.","CALCULATE(DISTINCTCOUNT(ssr_history[_sys_ssr_id]), ssr_history[step_name] =""Untouched"") // gettting the disticnt count of id for Untouched"
"meas.ssr_history_accts_per_rep","KEEP","Measure calculating ssr history accts per rep. Respects the current filter context.","Calculates the number of accounts per rep.","var accounts = calculate(DISTINCTCOUNT(ssr_history[_sys_ssr_id]))       // get the count of the id
			var reps = [meas.data_logs_user_count_eop] // get the count of the reps
			var res = divide (accounts, reps,BLANK())       // get the ratio 
			return res"
"meas.ssr_history_accts_per_rep_existing_business","KEEP","Measure calculating ssr history accts per rep existing business. Respects the current filter context.","Average number of accounts per rep in Post-Sales Support + Existing Customer Selling.","var accounts = calculate(DISTINCTCOUNT(ssr_history[_sys_ssr_id]), 
			        ssr_history[step_name] IN {""Post-Sales Support"", ""Existing Customer Selling""})      // distinct count of Post-Sales support and Existing Customer Selling
			var reps = calculate(DISTINCTCOUNT(ssr_history[step_owner_id]),
			        ssr_history[step_name] IN {""Post-Sales Support"", ""Existing Customer Selling""})      // total reps count of Post-Sales Support and Existing Customer Selling
			var res = divide (accounts, reps,BLANK())       // get the ratio
			return res"
"meas.ssr_history_accts_per_rep_existing_business_supported","KEEP","Measure calculating ssr history accts per rep existing business supported. Respects the current filter context.","Average number of won accounts per rep in Post-Sales Support + Existing Customer Selling.","var accounts = calculate(DISTINCTCOUNT(ssr_history[_sys_ssr_id]), 
			        ssr_history[step_name] IN {""Post-Sales Support"", ""Existing Customer Selling""}
			        && ssr_history[step_outcome] IN {
			        ""Churned"",
			        ""Started Existing Customer Selling"",
			        ""Closed Lost"",
			        ""Closed Won""}
			       ) // all outcomes for the step filtering with Post-Sales Support and Existing Customer Selling
			var reps = calculate(DISTINCTCOUNT(ssr_history[step_owner_id]),
			        ssr_history[step_name] IN {""Post-Sales Support"", ""Existing Customer Selling""})      // get the reps count filtering with Post-Sales Support and Existing Customer Selling
			var res = divide (accounts, reps,BLANK())           // ratio
			return res"
"meas.ssr_history_accts_per_rep_existing_business_upsold_to","KEEP","Measure calculating ssr history accts per rep existing business upsold to. Respects the current filter context.","Average number of won accounts per rep in Post-Sales Support + Existing Customer Selling.","var accounts = calculate(DISTINCTCOUNT(ssr_history[_sys_ssr_id]), 
			        ssr_history[step_name] IN {""Post-Sales Support"", ""Existing Customer Selling""}
			        && ssr_history[step_outcome] IN {
			        ""Started Upselling"",
			        ""Closed Lost"",
			        ""Closed Won""}
			       ) // all started selling filtering with Post-Sales Support and Existing Customer Selling
			var reps = calculate(DISTINCTCOUNT(ssr_history[step_owner_id]),
			        ssr_history[step_name] IN {""Post-Sales Support"", ""Existing Customer Selling""})      // get the reps count for Post-Sales Support and Existing Customer Selling
			var res = divide (accounts, reps,BLANK())       // get the ratio
			return res"
"meas.ssr_history_accts_per_rep_existing_business_won","KEEP","Measure calculating ssr history accts per rep existing business won. Respects the current filter context.","Average number of won accounts per rep in Post-Sales Support + Existing Customer Selling.","var accounts = calculate(DISTINCTCOUNT(ssr_history[_sys_ssr_id]), 
			        ssr_history[step_name] IN {""Post-Sales Support"", ""Existing Customer Selling""}
			        && ssr_history[step_outcome] IN {
			        ""Closed Won""}
			       ) // only won count for Post-Sales Support and Existing Customer Selling
			var reps = calculate(DISTINCTCOUNT(ssr_history[step_owner_id]),
			        ssr_history[step_name] IN {""Post-Sales Support"", ""Existing Customer Selling""})  // get the reps count for Post-Sales Support and Existing Customer Selling
			var res = divide (accounts, reps,BLANK())       // get thr ratio
			return res"
"meas.ssr_history_accts_per_rep_existing_customer_selling","KEEP","Measure calculating ssr history accts per rep existing customer selling. Respects the current filter context.","Average number of accounts per rep.","// var accounts = calculate(DISTINCTCOUNT(ssr_history[_sys_ssr_id]),ssr_history[step_name] = ""Existing Customer Selling"")
			// var reps = calculate(DISTINCTCOUNT(ssr_history[step_owner_id]),ssr_history[step_name] = ""Existing Customer Selling"")
			
			var accounts = CALCULATE(
			    [meas.ssr_history_ssr_id_count],
			    ssr_history[step_name] = ""Existing Customer Selling""
			)       // get the existing customer selling accounts count
			var reps = [meas.ssr_history_reps_existing_customer_selling]    // get the reps count of existing customer selling
			var ratio = divide (accounts, reps,BLANK())         // get the ratio
			var res = if (ratio > 100, round(ratio / 10, 0) * 10  , round(ratio, 0) ) // clean up a little
			return res"
"meas.ssr_history_accts_per_rep_new_business","KEEP","Measure calculating ssr history accts per rep new business. Respects the current filter context.","Average number of accounts per rep in Untouched + Prospecting + New Logo Selling.","var accounts = calculate(DISTINCTCOUNT(ssr_history[_sys_ssr_id]), 
			        ssr_history[step_name] IN {""Untouched"", ""Prospecting"", ""New Logo Selling""}
			       )  // all outcomes 
			        
			var reps = calculate(DISTINCTCOUNT(ssr_history[step_owner_id]),ssr_history[step_name] IN {""Untouched"", ""Prospecting"", ""New Logo Selling""}) // keep all reps here
			var res = divide (accounts, reps,BLANK())
			return res"
"meas.ssr_history_accts_per_rep_new_business_prospected_to","KEEP","Measure calculating ssr history accts per rep new business prospected to. Respects the current filter context.","Average number of won accounts per rep in Untouched + Prospecting + New Logo Selling.","var accounts = calculate(DISTINCTCOUNT(ssr_history[_sys_ssr_id]), 
			        ssr_history[step_name] IN {""Untouched"", ""Prospecting"", ""New Logo Selling""}
			        && ssr_history[step_outcome] IN {
			       ""Prospecting"",
			        ""Abandoned"",
			        ""Converted"",
			        ""Disqualified"",
			        ""Closed Lost"",
			        ""Closed Won""
			       
			        })  // all outcomes post touching 
			        
			var reps = calculate(DISTINCTCOUNT(ssr_history[step_owner_id]),ssr_history[step_name] IN {""Untouched"", ""Prospecting"", ""New Logo Selling""}) // keep all reps here
			var res = divide (accounts, reps,BLANK())
			return res"
"meas.ssr_history_accts_per_rep_new_business_sold_to","KEEP","Measure calculating ssr history accts per rep new business sold to. Respects the current filter context.","Average number of won accounts per rep in Untouched + Prospecting + New Logo Selling.","var accounts = calculate(DISTINCTCOUNT(ssr_history[_sys_ssr_id]), 
			        ssr_history[step_name] IN {""Untouched"", ""Prospecting"", ""New Logo Selling""}
			        && ssr_history[step_outcome] IN {
			        ""Converted"",
			        ""Disqualified"",
			        ""Closed Lost"",
			        ""Closed Won""
			       
			        })  // all outcomes post coverting 
			        
			var reps = calculate(DISTINCTCOUNT(ssr_history[step_owner_id]),ssr_history[step_name] IN {""Untouched"", ""Prospecting"", ""New Logo Selling""}) // keep all reps here
			var res = divide (accounts, reps,BLANK())
			return res"
"meas.ssr_history_accts_per_rep_new_business_won","KEEP","Measure calculating ssr history accts per rep new business won. Respects the current filter context.","Average number of won accounts per rep in Untouched + Prospecting + New Logo Selling.","var accounts = calculate(DISTINCTCOUNT(ssr_history[_sys_ssr_id]), 
			        ssr_history[step_name] IN {""Untouched"", ""Prospecting"", ""New Logo Selling""}
			        && ssr_history[step_outcome] IN {
			        
			        ""Closed Won""
			       
			        })  // all outcomes post coverting 
			        
			var reps = calculate(DISTINCTCOUNT(ssr_history[step_owner_id]),ssr_history[step_name] IN {""Untouched"", ""Prospecting"", ""New Logo Selling""}) // keep all reps here
			var res = divide (accounts, reps,BLANK())
			return res"
"meas.ssr_history_accts_per_rep_new_logo","KEEP","Measure calculating ssr history accts per rep new logo. Respects the current filter context.","Average number of accounts per rep.","var accounts = calculate(DISTINCTCOUNT(ssr_history[_sys_ssr_id]),ssr_history[step_name] = ""New Logo Selling"")
			var reps = calculate(DISTINCTCOUNT(ssr_history[step_owner_id]),ssr_history[step_name] = ""New Logo Selling"")
			var ratio = divide (accounts, reps,BLANK())
			var res = if (ratio > 100, round(ratio / 10, 0) * 10  , round(ratio, 0) ) // clean up a little
			return res"
"meas.ssr_history_accts_per_rep_new_logo_prospecting","KEEP","Measure calculating ssr history accts per rep new logo prospecting. Respects the current filter context.","Calculates accounts per rep new logo prospecting in the current reporting context.",""
"meas.ssr_history_accts_per_rep_post_sales","KEEP","Measure calculating ssr history accts per rep post sales. Respects the current filter context.","Average number of accounts per rep.","// var accounts = calculate(DISTINCTCOUNT(ssr_history[_sys_ssr_id]),ssr_history[step_name] = ""Post-Sales Support"")
			// var reps = calculate(DISTINCTCOUNT(ssr_history[step_owner_id]),ssr_history[step_name] = ""Post-Sales Support"")
			var accounts = CALCULATE(
			    [meas.ssr_history_ssr_id_count],
			    ssr_history[step_name] = ""Post-Sales Support""       // get the account counts for Post-Sales Support 
			)
			var  reps = [meas.ssr_history_reps_post_sales]      // bet the post-sales support reps count
			
			
			var ratio = divide (accounts, reps,BLANK())
			var res = if (ratio > 100, ROUND(ratio / 10, 0) * 10  , ROUND(ratio, 0) ) // clean up a little
			return res"
"meas.ssr_history_accts_per_rep_post_sales_existing_customer_selling","KEEP","Measure calculating ssr history accts per rep post sales existing customer selling. Respects the current filter context.","Calculates accounts per rep post sales existing customer selling in the current reporting context.",""
"meas.ssr_history_accts_per_rep_prospecting","KEEP","Measure calculating ssr history accts per rep prospecting. Respects the current filter context.","Calculates accounts per rep prospecting in the current reporting context.",""
"meas.ssr_history_active_avg_sales_cycle","KEEP","Average of ssr history active avg sales cycle. Respects the current filter context.","Returns the average active average sales cycle.","var latest_date = CALCULATE(MAX(cal_end_dates[Date]))   //  get the latest date from cal_end_date (period_latest)
			var res = CALCULATE(AVERAGE(ssr_history[step_length_in_days]), ssr_history[_sys_filt_end_date]=latest_date)       // get the avg days length
			return res"
"meas.ssr_history_active_deal_size","KEEP","Measure calculating ssr history active deal size. Respects the current filter context.","Summarizes active deal size.","var latest_date = CALCULATE(MAX(cal_end_dates[Date]))  //get the latest date from cal_end_date(period last date)
			var sum_amt = CALCULATE(SUM(ssr_history[opp_pipeline_amt]), ssr_history[_sys_filt_end_date]=latest_date)  // sum the opp_pipeline_amt
			var total_deals = [meas.ssr_history_active_opps_count]     // get the total deals
			var res = DIVIDE(sum_amt, total_deals)   // get the avg deals size
			RETURN res"
"meas.ssr_history_active_deals_count","KEEP","Count of ssr history active deals count. Respects the current filter context.","Calculates the number of active deals count.","CALCULATE(COUNT(ssr_history[_sys_doc_id]))"
"meas.ssr_history_active_list_reps_count","KEEP","Count of ssr history active list reps count. Respects the current filter context.","Calculates active list reps count in the current reporting context.",""
"meas.ssr_history_active_open_pipe_amt","KEEP","Measure calculating ssr history active open pipe amt. Respects the current filter context.","Calculates active open pipe amount in the current reporting context.",""
"meas.ssr_history_active_opps_count","KEEP","Count of ssr history active opps count. Respects the current filter context.","Calculates the number of active opportunities count.","var latest_date = CALCULATE(MAX(cal_end_dates[Date])) // getting the latest date from cal_end_date table (period_max)
			var res = CALCULATE(count(users_history[_sys_doc_id]), users_history[_sys_is_active] = true  && users_history[_sys_filt_end_date]=latest_date)   // count of opp filtering with latest_date
			return res"
"meas.ssr_history_active_tot_open_pipeline_amt","KEEP","Measure calculating ssr history active tot open pipeline amt. Respects the current filter context.","Calculates active total open pipeline amount in the current reporting context.",""
"meas.ssr_history_active_user_booking_amt_mtd","KEEP","Measure calculating ssr history active user booking amt mtd. Respects the current filter context.","Returns active user booking amount month-to-date where step is Existing Customer Selling or New Logo Selling, successful records.","-- get the dates
			var curr_date = CALCULATE(MAX(cal_end_dates[Date])) // get the mgmt current end date
			var end_date = curr_date
			var end_date_sply = date(Year(end_date) -1,Month(end_date),day(end_date)) // get the yoy end date
			var start_year = Year(curr_date) 
			var start_qtr_month = (Quarter(curr_date) * 3) - 2  
			var start_month = Month(curr_date)
			var start_date_ytd = date(start_year,1,1)  
			var start_date_ytd_sply = date(start_year-1,1,1)  
			var start_date_qtd = date(start_year,start_qtr_month ,1)  
			var start_date_qtd_sply = date(start_year -1,start_qtr_month,1)  
			var start_date_mtd = date(start_year,start_month,1)  
			var start_date_mtd_sply = date(start_year -1,start_month,1)  
			
			
			-- get data for overridden date periods but still contextual
			var dates_tbl =  CALCULATETABLE(ssr_history , cal_end_dates[Date] >=  start_date_mtd &&  cal_end_dates[Date] <= end_date)
			
			-- apply addl. filters
			var filt_tbl = Filter(dates_tbl,  ssr_history[step_success] = true && ssr_history[step_name] in{""Existing Customer Selling"", ""New Logo Selling""} )
			
			-- do the agg 
			var res = SUMX(filt_tbl, ssr_history[opp_won_amt])
			
			return res"
"meas.ssr_history_active_user_booking_amt_qtd","KEEP","Measure calculating ssr history active user booking amt qtd. Respects the current filter context.","Returns active user booking amount quarter-to-date where step is Existing Customer Selling or New Logo Selling, successful records.","-- get the dates
			var curr_date = CALCULATE(MAX(cal_end_dates[Date])) // get the mgmt current end date
			var end_date = curr_date
			var end_date_sply = date(Year(end_date) -1,Month(end_date),day(end_date)) // get the yoy end date
			var start_year = Year(curr_date) 
			var start_qtr_month = (Quarter(curr_date) * 3) - 2  
			var start_month = Month(curr_date)
			var start_date_ytd = date(start_year,1,1)  
			var start_date_ytd_sply = date(start_year-1,1,1)  
			var start_date_qtd = date(start_year,start_qtr_month ,1)  
			var start_date_qtd_sply = date(start_year -1,start_qtr_month,1)  
			var start_date_mtd = date(start_year,start_month,1)  
			var start_date_mtd_sply = date(start_year -1,start_month,1)  
			
			
			-- get data for overridden date periods but still contextual
			var dates_tbl =  CALCULATETABLE(ssr_history , cal_end_dates[Date] >=  start_date_qtd &&  cal_end_dates[Date] <= end_date)
			
			-- apply addl. filters
			var filt_tbl = Filter(dates_tbl,  ssr_history[step_success] = true && ssr_history[step_name] in {""Existing Customer Selling"", ""New Logo Selling""})
			
			-- do the agg 
			var res = SUMX(filt_tbl, ssr_history[opp_won_amt])
			
			return res"
"meas.ssr_history_active_user_booking_amt_ytd","KEEP","Measure calculating ssr history active user booking amt ytd. Respects the current filter context.","Returns active user booking amount year-to-date where step is Existing Customer Selling or New Logo Selling, successful records.","-- get the dates
			var curr_date = CALCULATE(MAX(cal_end_dates[Date])) // get the mgmt current end date
			var end_date = curr_date
			var end_date_sply = date(Year(end_date) -1,Month(end_date),day(end_date)) // get the yoy end date
			var start_year = Year(curr_date) 
			var start_qtr_month = (Quarter(curr_date) * 3) - 2  
			var start_month = Month(curr_date)
			var start_date_ytd = date(start_year,1,1)  
			var start_date_ytd_sply = date(start_year-1,1,1)  
			var start_date_qtd = date(start_year,start_qtr_month ,1)  
			var start_date_qtd_sply = date(start_year -1,start_qtr_month,1)  
			var start_date_mtd = date(start_year,start_month,1)  
			var start_date_mtd_sply = date(start_year -1,start_month,1)  
			
			
			-- get data for overridden date periods but still contextual
			var dates_tbl =  CALCULATETABLE(ssr_history , cal_end_dates[Date] >=  start_date_ytd &&  cal_end_dates[Date] <= end_date)
			
			-- apply addl. filters
			var filt_tbl = Filter(dates_tbl,  ssr_history[step_success] = true && ssr_history[step_name] in {""Existing Customer Selling"", ""New Logo Selling""} )
			
			-- do the agg 
			var res = SUMX(filt_tbl, ssr_history[opp_won_amt])
			
			return res"
"meas.ssr_history_active_user_full_name_role_group","KEEP","Measure calculating ssr history active user full name role group. Respects the current filter context.","Returns active user full name role group.","var full_name = CALCULATE(MAX(users[trueai_full_name]))   // getting the full name 
			var user_role_aliased = CALCULATE(MAX(users[trueai_user_role_alias]))      // get the user role aliased
			var user_group = CALCULATE(MAX(users[trueai_group])) // get the step_owner_user group
			RETURN
			full_name & "",  "" & user_role_aliased & "",  "" & user_group"
"meas.ssr_history_active_user_pipeline_amt_mtd","KEEP","Measure calculating ssr history active user pipeline amt mtd. Respects the current filter context.","Returns active user pipeline amount month-to-date where step is Prospecting or Post-Sales Support, successful records.","-- get the dates
			var curr_date = CALCULATE(MAX(cal_end_dates[Date])) // get the mgmt current end date
			var end_date = curr_date
			var end_date_sply = date(Year(end_date) -1,Month(end_date),day(end_date)) // get the yoy end date
			var start_year = Year(curr_date) 
			var start_qtr_month = (Quarter(curr_date) * 3) - 2  
			var start_month = Month(curr_date)
			var start_date_ytd = date(start_year,1,1)  
			var start_date_ytd_sply = date(start_year-1,1,1)  
			var start_date_qtd = date(start_year,start_qtr_month ,1)  
			var start_date_qtd_sply = date(start_year -1,start_qtr_month,1)  
			var start_date_mtd = date(start_year,start_month,1)  
			var start_date_mtd_sply = date(start_year -1,start_month,1)  
			
			
			-- get data for overridden date periods but still contextual
			var dates_tbl =  CALCULATETABLE(ssr_history , cal_end_dates[Date] >=  start_date_mtd &&  cal_end_dates[Date] <= end_date)
			
			-- apply addl. filters
			var filt_tbl = Filter(dates_tbl,  ssr_history[step_success] = true && ssr_history[step_name] in{""Prospecting"", ""Post-Sales Support""} )
			
			-- do the agg 
			var res = SUMX(filt_tbl, ssr_history[opp_pipeline_amt])
			
			return res"
"meas.ssr_history_active_user_pipeline_amt_qtd","KEEP","Measure calculating ssr history active user pipeline amt qtd. Respects the current filter context.","Returns active user pipeline amount quarter-to-date where step is Prospecting or Post-Sales Support, successful records.","-- get the dates
			var curr_date = CALCULATE(MAX(cal_end_dates[Date])) // get the mgmt current end date
			var end_date = curr_date
			var end_date_sply = date(Year(end_date) -1,Month(end_date),day(end_date)) // get the yoy end date
			var start_year = Year(curr_date) 
			var start_qtr_month = (Quarter(curr_date) * 3) - 2  
			var start_month = Month(curr_date)
			var start_date_ytd = date(start_year,1,1)  
			var start_date_ytd_sply = date(start_year-1,1,1)  
			var start_date_qtd = date(start_year,start_qtr_month ,1)  
			var start_date_qtd_sply = date(start_year -1,start_qtr_month,1)  
			var start_date_mtd = date(start_year,start_month,1)  
			var start_date_mtd_sply = date(start_year -1,start_month,1)  
			
			
			-- get data for overridden date periods but still contextual
			var dates_tbl =  CALCULATETABLE(ssr_history , cal_end_dates[Date] >=  start_date_qtd &&  cal_end_dates[Date] <= end_date)
			
			-- apply addl. filters
			var filt_tbl = Filter(dates_tbl,  ssr_history[step_success] = true && ssr_history[step_name] in {""Prospecting"", ""Post-Sales Support""})
			
			-- do the agg 
			var res = SUMX(filt_tbl, ssr_history[opp_pipeline_amt])
			
			return res"
"meas.ssr_history_active_user_pipeline_amt_ytd","KEEP","Measure calculating ssr history active user pipeline amt ytd. Respects the current filter context.","Returns active user pipeline amount year-to-date where step is Prospecting or Post-Sales Support, successful records.","-- get the dates
			var curr_date = CALCULATE(MAX(cal_end_dates[Date])) // get the mgmt current end date
			var end_date = curr_date
			var end_date_sply = date(Year(end_date) -1,Month(end_date),day(end_date)) // get the yoy end date
			var start_year = Year(curr_date) 
			var start_qtr_month = (Quarter(curr_date) * 3) - 2  
			var start_month = Month(curr_date)
			var start_date_ytd = date(start_year,1,1)  
			var start_date_ytd_sply = date(start_year-1,1,1)  
			var start_date_qtd = date(start_year,start_qtr_month ,1)  
			var start_date_qtd_sply = date(start_year -1,start_qtr_month,1)  
			var start_date_mtd = date(start_year,start_month,1)  
			var start_date_mtd_sply = date(start_year -1,start_month,1)  
			
			
			-- get data for overridden date periods but still contextual
			var dates_tbl =  CALCULATETABLE(ssr_history , cal_end_dates[Date] >=  start_date_ytd &&  cal_end_dates[Date] <= end_date)
			
			-- apply addl. filters
			var filt_tbl = Filter(dates_tbl,  ssr_history[step_success] = true && ssr_history[step_name] in {""Prospecting"", ""Post-Sales Support""} )
			
			-- do the agg 
			var res = SUMX(filt_tbl, ssr_history[opp_pipeline_amt])
			
			return res"
"meas.ssr_history_adj_dur_conf","KEEP","Measure calculating ssr history adj dur conf. Respects the current filter context.","Calculates adjusted duration confidence in the current reporting context.",""
"meas.ssr_history_all_activity_avg_count","KEEP","Count of ssr history all activity avg count. Respects the current filter context.","Returns the average all activity average count.","var res =  CALCULATE(
			    AVERAGE(ssr_history[stkhlds_all_act_count])       // count of all stkhlds act count
			   
			)
			return res"
"meas.ssr_history_all_activity_avg_eng_count","KEEP","Count of ssr history all activity avg eng count. Respects the current filter context.","Calculates all activity average eng count in the current reporting context.",""
"meas.ssr_history_all_activity_engagement_rate","KEEP","Rate of ssr history all activity engagement rate. Respects the current filter context.","Calculates all activity engagement rate in the current reporting context.",""
"meas.ssr_history_all_duration_hrs","KEEP","Measure calculating ssr history all duration hrs. Respects the current filter context.","Calculates all duration hours in the current reporting context.",""
"meas.ssr_history_all_email_avg_count","KEEP","Count of ssr history all email avg count. Respects the current filter context.","Calculates all email average count in the current reporting context.",""
"meas.ssr_history_all_email_avg_eng_count","KEEP","Count of ssr history all email avg eng count. Respects the current filter context.","Calculates all email average eng count in the current reporting context.",""
"meas.ssr_history_all_email_engagement_rate","KEEP","Rate of ssr history all email engagement rate. Respects the current filter context.","Calculates all email engagement rate in the current reporting context.",""
"meas.ssr_history_all_eng_duration_hrs","KEEP","Measure calculating ssr history all eng duration hrs. Respects the current filter context.","Calculates all eng duration hours in the current reporting context.",""
"meas.ssr_history_all_meeting_avg_count","KEEP","Count of ssr history all meeting avg count. Respects the current filter context.","Calculates all meeting average count in the current reporting context.",""
"meas.ssr_history_all_meeting_avg_eng_count","KEEP","Count of ssr history all meeting avg eng count. Respects the current filter context.","Returns the average all meeting average eng count.","CALCULATE(AVERAGE(ssr_history[stkhlds_all_act_type_meeting_eng_count]))"
"meas.ssr_history_all_meeting_engagement_rate","KEEP","Rate of ssr history all meeting engagement rate. Respects the current filter context.","Calculates all meeting engagement rate in the current reporting context.",""
"meas.ssr_history_all_phone_call_avg_count","KEEP","Count of ssr history all phone call avg count. Respects the current filter context.","Calculates all phone call average count in the current reporting context.",""
"meas.ssr_history_all_phone_call_avg_eng_count","KEEP","Count of ssr history all phone call avg eng count. Respects the current filter context.","Calculates all phone call average eng count in the current reporting context.",""
"meas.ssr_history_all_phone_call_count","KEEP","Count of ssr history all phone call count. Respects the current filter context.","Calculates all phone call count in the current reporting context.",""
"meas.ssr_history_all_phone_call_engagement_rate","KEEP","Rate of ssr history all phone call engagement rate. Respects the current filter context.","Calculates all phone call engagement rate in the current reporting context.",""
"meas.ssr_history_all_reps_count","KEEP","Count of ssr history all reps count. Respects the current filter context.","Calculates all reps count in the current reporting context.",""
"meas.ssr_history_all_social_media_avg_count","KEEP","Count of ssr history all social media avg count. Respects the current filter context.","Calculates all social media average count in the current reporting context.",""
"meas.ssr_history_all_social_media_avg_eng_count","KEEP","Count of ssr history all social media avg eng count. Respects the current filter context.","Calculates all social media average eng count in the current reporting context.",""
"meas.ssr_history_all_social_media_engagement_rate","KEEP","Rate of ssr history all social media engagement rate. Respects the current filter context.","Calculates all social media engagement rate in the current reporting context.",""
"meas.ssr_history_all_social_media_engagement_rate-test","KEEP","Rate of ssr history all social media engagement rate-test. Respects the current filter context.","Calculates all social media engagement rate-test in the current reporting context.",""
"meas.ssr_history_asof_open_pipeline_adj_amt","KEEP","Measure calculating ssr history asof open pipeline adj amt. Respects the current filter context.","Returns total open pipeline amount as of the selected as-of date where step is New Logo Selling or Existing Customer Selling.","-- NOTE Open pipeline needs to override normal filter dates and is depndant on a second SYNCED slicer tied to the cal_end_dates_no_relationship table 
			var end_date =  CALCULATE(LASTDATE(cal_start_dates[Date]), ALLSELECTED())  -- get the end date of the second slicer 
			var all_dates_tbl = CALCULATETABLE(ssr_history, cal_end_dates[Date] > date(1900,1,1) && cal_end_dates[Date] < date(2100,1,2)) -- override the normal date filter and get current filters through calc table
			var filt_tbl = FILTER(all_dates_tbl,ssr_history[step_name] in {""New Logo Selling"", ""Existing Customer Selling""}  && ssr_history[_sys_filt_end_date] >= end_date &&  ssr_history[_sys_filt_start_date] < end_date) -- apply the right steps and filter dates
			
			var res = SUMX(filt_tbl, ssr_history[opp_booking_amt] * ssr_history[step_success_prob] )
			
			return res"
"meas.ssr_history_asof_open_pipeline_adj_amt_sply","KEEP","Measure calculating ssr history asof open pipeline adj amt sply. Respects the current filter context.","Returns total open pipeline amount as of the selected as-of date in the same period last year where step is New Logo Selling or Existing Customer Selling.","-- NOTE Open pipeline needs to override normal filter dates and is depndant on a second SYNCED slicer tied to the cal_end_dates_no_relationship table 
			var temp_date =  CALCULATE(LASTDATE(cal_start_dates[Date]), ALLSELECTED())  -- get the end date of the second slicer 
			var end_date  = DATE(Year(Temp_date) -1, MONTH(temp_date), DAY(temp_date)) -- shift one year older
			var all_dates_tbl = CALCULATETABLE(ssr_history, cal_end_dates[Date] > date(1900,1,1) && cal_end_dates[Date] < date(2100,1,2)) -- override the normal date filter and get current filters through calc table
			var filt_tbl = FILTER(all_dates_tbl,ssr_history[step_name] in {""New Logo Selling"", ""Existing Customer Selling""}  && ssr_history[_sys_filt_end_date] >= end_date &&  ssr_history[_sys_filt_start_date] < end_date) -- apply the right steps and filter dates
			
			var res = SUMX(filt_tbl, ssr_history[opp_booking_amt] * ssr_history[step_success_prob] )
			
			return res"
"meas.ssr_history_asof_open_pipeline_adj_amt_sply_diff","KEEP","Measure calculating ssr history asof open pipeline adj amt sply diff. Respects the current filter context.","Returns asof open pipeline adjusted amount same period last year difference.","var res =DIVIDE ([meas.ssr_history_asof_open_pipeline_adj_amt]  - [meas.ssr_history_asof_open_pipeline_adj_amt_sply], [meas.ssr_history_asof_open_pipeline_adj_amt_sply])
			return res"
"meas.ssr_history_asof_open_pipeline_age","KEEP","Measure calculating ssr history asof open pipeline age. Respects the current filter context.","Returns total open pipeline amount as of the selected as-of date where step is New Logo Selling or Existing Customer Selling.","-- NOTE Open pipeline needs to override normal filter dates and is depndant on a second SYNCED slicer tied to the cal_end_dates_no_relationship table 
			var end_date =  CALCULATE(LASTDATE(cal_start_dates[Date]), ALLSELECTED())  -- get the end date of the second slicer 
			var all_dates_tbl = CALCULATETABLE(ssr_history, cal_end_dates[Date] > date(1900,1,1) && cal_end_dates[Date] < date(2100,1,2)) -- override the normal date filter and get current filters through calc table
			var filt_tbl = FILTER(all_dates_tbl,ssr_history[step_name] in {""New Logo Selling"", ""Existing Customer Selling""}  && ssr_history[_sys_filt_end_date] >= end_date &&  ssr_history[_sys_filt_start_date] < end_date) -- apply the right steps and filter dates
			
			var res = AVERAGEX(filt_tbl, ssr_history[step_length_in_days])
			
			return res"
"meas.ssr_history_asof_open_pipeline_age_sply","KEEP","Measure calculating ssr history asof open pipeline age sply. Respects the current filter context.","Returns total open pipeline amount as of the selected as-of date in the same period last year where step is New Logo Selling or Existing Customer Selling.","-- NOTE Open pipeline needs to override normal filter dates and is depndant on a second SYNCED slicer tied to the cal_end_dates_no_relationship table 
			var temp_date =  CALCULATE(LASTDATE(cal_start_dates[Date]), ALLSELECTED())  -- get the end date of the second slicer 
			var end_date  = DATE(Year(Temp_date) -1, MONTH(temp_date), DAY(temp_date)) -- shift one year older
			
			var all_dates_tbl = CALCULATETABLE(ssr_history, cal_end_dates[Date] > date(1900,1,1) && cal_end_dates[Date] < date(2100,1,2)) -- override the normal date filter and get current filters through calc table
			var filt_tbl = FILTER(all_dates_tbl,ssr_history[step_name] in {""New Logo Selling"", ""Existing Customer Selling""}  && ssr_history[_sys_filt_end_date] >= end_date &&  ssr_history[_sys_filt_start_date] < end_date) -- apply the right steps and filter dates
			
			var res = AVERAGEX(filt_tbl, ssr_history[step_length_in_days])
			
			return res"
"meas.ssr_history_asof_open_pipeline_age_sply_diff","KEEP","Measure calculating ssr history asof open pipeline age sply diff. Respects the current filter context.","Returns asof open pipeline age same period last year difference.","var res =DIVIDE ([meas.ssr_history_asof_open_pipeline_age]  - [meas.ssr_history_asof_open_pipeline_age_sply], [meas.ssr_history_asof_open_pipeline_age_sply])
			return res"
"meas.ssr_history_asof_open_pipeline_amt","KEEP","Measure calculating ssr history asof open pipeline amt. Respects the current filter context.","Returns total open pipeline amount as of the selected as-of date where step is New Logo Selling or Existing Customer Selling.","-- NOTE Open pipeline needs to override normal filter dates and is depndant on a second SYNCED slicer tied to the cal_end_dates_no_relationship table 
			var end_date =  CALCULATE(LASTDATE(cal_start_dates[Date]), ALLSELECTED())  -- get the end date of the second slicer 
			var all_dates_tbl = CALCULATETABLE(ssr_history, cal_end_dates[Date] > date(1900,1,1) && cal_end_dates[Date] < date(2100,1,2)) -- override the normal date filter and get current filters through calc table
			var filt_tbl = FILTER(all_dates_tbl,ssr_history[step_name] in {""New Logo Selling"", ""Existing Customer Selling""}  && ssr_history[_sys_filt_end_date] >= end_date &&  ssr_history[_sys_filt_start_date] < end_date) -- apply the right steps and filter dates
			
			var res = SUMX(filt_tbl, ssr_history[opp_booking_amt])
			
			return 
			res+0"
"meas.ssr_history_asof_open_pipeline_amt_sply","KEEP","Measure calculating ssr history asof open pipeline amt sply. Respects the current filter context.","Returns total open pipeline amount as of the selected as-of date in the same period last year where step is New Logo Selling or Existing Customer Selling.","-- NOTE Open pipeline needs to override normal filter dates and is depndant on a second SYNCED slicer tied to the cal_end_dates_no_relationship table 
			var temp_date =  CALCULATE(LASTDATE(cal_start_dates[Date]), ALLSELECTED())  -- get the end date of the second slicer 
			var end_date  = DATE(Year(Temp_date) -1, MONTH(temp_date), DAY(temp_date)) -- shift one year older
			
			var all_dates_tbl = CALCULATETABLE(ssr_history, cal_end_dates[Date] > date(1900,1,1) && cal_end_dates[Date] < date(2100,1,2)) -- override the normal date filter and get current filters through calc table
			var filt_tbl = FILTER(all_dates_tbl,ssr_history[step_name] in {""New Logo Selling"", ""Existing Customer Selling""}  && ssr_history[_sys_filt_end_date] >= end_date &&  ssr_history[_sys_filt_start_date] < end_date) -- apply the right steps and filter dates
			
			var res = SUMX(filt_tbl, ssr_history[opp_booking_amt])
			
			return res"
"meas.ssr_history_asof_open_pipeline_amt_sply_diff","KEEP","Measure calculating ssr history asof open pipeline amt sply diff. Respects the current filter context.","Returns asof open pipeline amount same period last year difference.","var res =DIVIDE ([meas.ssr_history_asof_open_pipeline_amt]  - [meas.ssr_history_asof_open_pipeline_amt_sply], [meas.ssr_history_asof_open_pipeline_amt_sply])
			return res"
"meas.ssr_history_asof_open_pipeline_count","KEEP","Count of ssr history asof open pipeline count. Respects the current filter context.","Returns the number of opportunities that are open as of the selected as-of date where step is New Logo Selling or Existing Customer Selling.","-- NOTE Open pipeline needs to override normal filter dates and is depndant on a second SYNCED slicer tied to the cal_end_dates_no_relationship table 
			var end_date =  CALCULATE(LASTDATE(cal_start_dates[Date]), ALLSELECTED())  -- get the end date of the second slicer 
			var all_dates_tbl = CALCULATETABLE(ssr_history, cal_end_dates[Date] > date(1900,1,1) && cal_end_dates[Date] < date(2100,1,2)) -- override the normal date filter and get current filters through calc table
			var filt_tbl = FILTER(all_dates_tbl,ssr_history[step_name] in {""New Logo Selling"", ""Existing Customer Selling""}  && ssr_history[_sys_filt_end_date] >= end_date &&  ssr_history[_sys_filt_start_date] < end_date) -- apply the right steps and filter dates
			var res = COuntX(filt_tbl, ssr_history[_sys_doc_id]) -- do the actual operation
			
			return res"
"meas.ssr_history_asof_open_pipeline_count_sply","KEEP","Count of ssr history asof open pipeline count sply. Respects the current filter context.","Returns the number of opportunities that are open as of the selected as-of date in the same period last year where step is New Logo Selling or Existing Customer Selling.","-- NOTE Open pipeline needs to override normal filter dates and is depndant on a second SYNCED slicer tied to the cal_end_dates_no_relationship table 
			var temp_date =  CALCULATE(LASTDATE(cal_start_dates[Date]), ALLSELECTED())  -- get the end date of the second slicer 
			var end_date  = DATE(Year(Temp_date) -1, MONTH(temp_date), DAY(temp_date)) -- shift one year older
			
			var all_dates_tbl = CALCULATETABLE(ssr_history, cal_end_dates[Date] > date(1900,1,1) && cal_end_dates[Date] < date(2100,1,2)) -- override the normal date filter and get current filters through calc table
			var filt_tbl = FILTER(all_dates_tbl,ssr_history[step_name] in {""New Logo Selling"", ""Existing Customer Selling""}  && ssr_history[_sys_filt_end_date] >= end_date &&  ssr_history[_sys_filt_start_date] < end_date) -- apply the right steps and filter dates
			var res = COuntX(filt_tbl, ssr_history[_sys_doc_id]) -- do the actual operation
			
			return res"
"meas.ssr_history_asof_open_pipeline_count_sply_diff","KEEP","Count of ssr history asof open pipeline count sply diff. Respects the current filter context.","Returns asof open pipeline count same period last year difference.","var res =DIVIDE ([meas.ssr_history_asof_open_pipeline_count]  - [meas.ssr_history_asof_open_pipeline_count_sply], [meas.ssr_history_asof_open_pipeline_count_sply])
			return res"
"meas.ssr_history_asof_open_pipeline_days_pushed","KEEP","Measure calculating ssr history asof open pipeline days pushed. Respects the current filter context.","Returns total open pipeline amount as of the selected as-of date where step is New Logo Selling or Existing Customer Selling.","-- NOTE Open pipeline needs to override normal filter dates and is depndant on a second SYNCED slicer tied to the cal_end_dates_no_relationship table 
			var end_date =  CALCULATE(LASTDATE(cal_start_dates[Date]), ALLSELECTED())  -- get the end date of the second slicer 
			var all_dates_tbl = CALCULATETABLE(ssr_history, cal_end_dates[Date] > date(1900,1,1) && cal_end_dates[Date] < date(2100,1,2)) -- override the normal date filter and get current filters through calc table
			var filt_tbl = FILTER(all_dates_tbl,ssr_history[step_name] in {""New Logo Selling"", ""Existing Customer Selling""}  && ssr_history[_sys_filt_end_date] >= end_date &&  ssr_history[_sys_filt_start_date] < end_date) -- apply the right steps and filter dates
			
			var res = AVERAGEX(filt_tbl, [trueai_days_pushed_pulled])
			
			return res"
"meas.ssr_history_asof_open_pipeline_days_pushed_sply","KEEP","Measure calculating ssr history asof open pipeline days pushed sply. Respects the current filter context.","Returns total open pipeline amount as of the selected as-of date in the same period last year where step is New Logo Selling or Existing Customer Selling.","-- NOTE Open pipeline needs to override normal filter dates and is depndant on a second SYNCED slicer tied to the cal_end_dates_no_relationship table 
			var temp_date =  CALCULATE(LASTDATE(cal_start_dates[Date]), ALLSELECTED())  -- get the end date of the second slicer 
			var end_date  = DATE(Year(Temp_date) -1, MONTH(temp_date), DAY(temp_date)) -- shift one year older
			
			var all_dates_tbl = CALCULATETABLE(ssr_history, cal_end_dates[Date] > date(1900,1,1) && cal_end_dates[Date] < date(2100,1,2)) -- override the normal date filter and get current filters through calc table
			var filt_tbl = FILTER(all_dates_tbl,ssr_history[step_name] in {""New Logo Selling"", ""Existing Customer Selling""}  && ssr_history[_sys_filt_end_date] >= end_date &&  ssr_history[_sys_filt_start_date] < end_date) -- apply the right steps and filter dates
			
			var res = AVERAGEX(filt_tbl, [trueai_days_pushed_pulled])
			
			return res"
"meas.ssr_history_asof_open_pipeline_days_pushed_sply_diff","KEEP","Measure calculating ssr history asof open pipeline days pushed sply diff. Respects the current filter context.","Returns asof open pipeline days pushed same period last year difference.","var res =DIVIDE ([meas.ssr_history_asof_open_pipeline_days_pushed]  - [meas.ssr_history_asof_open_pipeline_days_pushed_sply], [meas.ssr_history_asof_open_pipeline_days_pushed_sply])
			return res"
"meas.ssr_history_asof_open_pipeline_win_prob","KEEP","Measure calculating ssr history asof open pipeline win prob. Respects the current filter context.","Returns total open pipeline amount as of the selected as-of date where step is New Logo Selling or Existing Customer Selling.","-- NOTE Open pipeline needs to override normal filter dates and is depndant on a second SYNCED slicer tied to the cal_end_dates_no_relationship table 
			var end_date =  CALCULATE(LASTDATE(cal_start_dates[Date]), ALLSELECTED())  -- get the end date of the second slicer 
			var all_dates_tbl = CALCULATETABLE(ssr_history, cal_end_dates[Date] > date(1900,1,1) && cal_end_dates[Date] < date(2100,1,2)) -- override the normal date filter and get current filters through calc table
			var filt_tbl = FILTER(all_dates_tbl,ssr_history[step_name] in {""New Logo Selling"", ""Existing Customer Selling""}  && ssr_history[_sys_filt_end_date] >= end_date &&  ssr_history[_sys_filt_start_date] < end_date) -- apply the right steps and filter dates
			var res = AVERAGEX(filt_tbl, ssr_history[step_success_prob])
			return res"
"meas.ssr_history_asof_open_pipeline_win_prob_sply","KEEP","Measure calculating ssr history asof open pipeline win prob sply. Respects the current filter context.","Returns total open pipeline amount as of the selected as-of date in the same period last year where step is New Logo Selling or Existing Customer Selling.","-- NOTE Open pipeline needs to override normal filter dates and is depndant on a second SYNCED slicer tied to the cal_end_dates_no_relationship table 
			var temp_date =  CALCULATE(LASTDATE(cal_start_dates[Date]), ALLSELECTED())  -- get the end date of the second slicer 
			var end_date  = DATE(Year(Temp_date) -1, MONTH(temp_date), DAY(temp_date)) -- shift one year older
			
			var all_dates_tbl = CALCULATETABLE(ssr_history, cal_end_dates[Date] > date(1900,1,1) && cal_end_dates[Date] < date(2100,1,2)) -- override the normal date filter and get current filters through calc table
			var filt_tbl = FILTER(all_dates_tbl,ssr_history[step_name] in {""New Logo Selling"", ""Existing Customer Selling""}  && ssr_history[_sys_filt_end_date] >= end_date &&  ssr_history[_sys_filt_start_date] < end_date) -- apply the right steps and filter dates
			var res = AVERAGEX(filt_tbl, ssr_history[step_success_prob])
			return res"
"meas.ssr_history_asof_open_pipeline_win_prob_sply_diff","KEEP","Measure calculating ssr history asof open pipeline win prob sply diff. Respects the current filter context.","Returns asof open pipeline win probability same period last year difference.","var res =DIVIDE ([meas.ssr_history_asof_open_pipeline_win_prob]  - [meas.ssr_history_asof_open_pipeline_win_prob_sply], [meas.ssr_history_asof_open_pipeline_win_prob_sply])
			return res"
"meas.ssr_history_avg_act_capt_lvl","KEEP","Average of ssr history avg act capt lvl. Respects the current filter context.","Calculates average act capt lvl in the current reporting context.",""
"meas.ssr_history_avg_adj_duration_hrs","KEEP","Average of ssr history avg adj duration hrs. Respects the current filter context.","Calculates average adjusted duration hours in the current reporting context.",""
"meas.ssr_history_avg_adj_eng_duration_hrs","KEEP","Average of ssr history avg adj eng duration hrs. Respects the current filter context.","Calculates average adjusted eng duration hours in the current reporting context.",""
"meas.ssr_history_avg_adj_non_eng_duration_hrs","KEEP","Average of ssr history avg adj non eng duration hrs. Respects the current filter context.","Calculates average adjusted non eng duration hours in the current reporting context.",""
"meas.ssr_history_avg_booking_amt","KEEP","Average of ssr history avg booking amt. Respects the current filter context.","Calculates average booking amount in the current reporting context.",""
"meas.ssr_history_avg_initial_actual_amt_diff","KEEP","Average of ssr history avg initial actual amt diff. Respects the current filter context.","Returns average initial actual amount difference.","var _selected_item = SELECTEDVALUE(time_intelligence[filt_item])
			
			-- get the dates
			var curr_date = CALCULATE(MAX(cal_end_dates[Date])) // get the mgmt current end date
			var end_date = curr_date
			var end_date_sply = date(Year(end_date) -1,Month(end_date),day(end_date)) // get the yoy end date
			var start_year = Year(curr_date) 
			var start_qtr_month = (Quarter(curr_date) * 3) - 2  
			var start_month = Month(curr_date)
			var start_date_ytd = date(start_year,1,1)  
			var start_date_ytd_sply = date(start_year-1,1,1)
			var start_date_qtd = date(start_year,start_qtr_month ,1)  
			var start_date_qtd_sply = date(start_year -1,start_qtr_month,1)
			var start_date_mtd = date(start_year,start_month,1)  
			var start_date_mtd_sply = date(start_year -1,start_month,1)
			
			-- get data for overridden date periods but still contextual
			var mtd_delta =DIVIDE(
			    (
			      CALCULATE([meas.ssr_history_avg_initial_actual_booking_diff_amt],cal_end_dates[Date] >=  start_date_mtd &&  cal_end_dates[Date] <= end_date) - CALCULATE([meas.ssr_history_avg_initial_actual_booking_diff_amt],cal_end_dates[Date] >=  start_date_mtd_sply &&  cal_end_dates[Date] <= end_date_sply)
			    ),          // mtd calculation
			    CALCULATE([meas.ssr_history_avg_initial_actual_booking_diff_amt],cal_end_dates[Date] >=  start_date_mtd_sply &&  cal_end_dates[Date] <= end_date_sply)
			)
			
			var qtd_delta =DIVIDE(
			    (
			      CALCULATE([meas.ssr_history_avg_initial_actual_booking_diff_amt],cal_end_dates[Date] >=  start_date_qtd &&  cal_end_dates[Date] <= end_date) - CALCULATE([meas.ssr_history_avg_initial_actual_booking_diff_amt],cal_end_dates[Date] >=  start_date_qtd_sply &&  cal_end_dates[Date] <= end_date_sply)
			    ),          // qtd calculation
			    CALCULATE([meas.ssr_history_avg_initial_actual_booking_diff_amt],cal_end_dates[Date] >=  start_date_qtd_sply &&  cal_end_dates[Date] <= end_date_sply)
			)
			
			var ytd_delta =DIVIDE(
			    (
			      CALCULATE([meas.ssr_history_avg_initial_actual_booking_diff_amt],cal_end_dates[Date] >=  start_date_ytd &&  cal_end_dates[Date] <= end_date) - CALCULATE([meas.ssr_history_avg_initial_actual_booking_diff_amt],cal_end_dates[Date] >=  start_date_ytd_sply &&  cal_end_dates[Date] <= end_date_sply)
			    ),      // ytd calculation
			    CALCULATE([meas.ssr_history_avg_initial_actual_booking_diff_amt],cal_end_dates[Date] >=  start_date_ytd_sply &&  cal_end_dates[Date] <= end_date_sply)
			)
			
			var res = IF(
			    _selected_item=""MTD"", 
			    mtd_delta,
			    IF(
			        _selected_item=""QTD"",
			        qtd_delta,
			        IF(
			            _selected_item=""YTD"",
			            ytd_delta
			        )
			    )
			)
			
			
			RETURN
			res"
"meas.ssr_history_avg_initial_actual_booking_diff_amt","KEEP","Average of ssr history avg initial actual booking diff amt. Respects the current filter context.","Calculates average initial actual booking difference amount in the current reporting context.",""
"meas.ssr_history_avg_new_logo_won_amt","KEEP","Average of ssr history avg new logo won amt. Respects the current filter context.","Calculates average new logo won amount in the current reporting context.",""
"meas.ssr_history_avg_next_steps_prob","KEEP","Average of ssr history avg next steps prob. Respects the current filter context.","Calculates average next steps probability in the current reporting context.",""
"meas.ssr_history_avg_opp_initial_booking_amt","KEEP","Average of ssr history avg opp initial booking amt. Respects the current filter context.","Calculates average opportunity initial booking amount in the current reporting context.",""
"meas.ssr_history_avg_pred_conv_rate_mtd","KEEP","Rate of ssr history avg pred conv rate mtd. Respects the current filter context.","Returns the average average pred conv rate month-to-date.","-- get the dates
			var curr_date = CALCULATE(MAX(cal_end_dates[Date])) // get the mgmt current end date
			var end_date = curr_date
			var end_date_sply = date(Year(end_date) -1,Month(end_date),day(end_date)) // get the yoy end date
			var start_year = Year(curr_date) 
			var start_qtr_month = (Quarter(curr_date) * 3) - 2  
			var start_month = Month(curr_date)
			var start_date_ytd = date(start_year,1,1)  
			var start_date_ytd_sply = date(start_year-1,1,1)  
			var start_date_qtd = date(start_year,start_qtr_month ,1)  
			var start_date_qtd_sply = date(start_year -1,start_qtr_month,1)  
			var start_date_mtd = date(start_year,start_month,1)  
			var start_date_mtd_sply = date(start_year -1,start_month,1)  
			
			-- get data for overridden date periods but still contextual
			var dates_tbl =  CALCULATETABLE(ssr_history , cal_end_dates[Date] >=  start_date_mtd &&  cal_end_dates[Date] <= end_date)
			
			var res = CALCULATE(
			    AVERAGEX(
			        dates_tbl,
			        ssr_history[step_success_prob]
			    )
			)
			
			RETURN 
			IF( res = BLANK(), 0, res)"
"meas.ssr_history_avg_pred_conv_rate_mtd_sply","KEEP","Rate of ssr history avg pred conv rate mtd sply. Respects the current filter context.","Returns the average average pred conv rate month-to-date same period last year.","-- get the dates
			var curr_date = CALCULATE(MAX(cal_end_dates[Date])) // get the mgmt current end date
			var end_date = curr_date
			var end_date_sply = date(Year(end_date) -1,Month(end_date),day(end_date)) // get the yoy end date
			var start_year = Year(curr_date) 
			var start_qtr_month = (Quarter(curr_date) * 3) - 2  
			var start_month = Month(curr_date)
			var start_date_ytd = date(start_year,1,1)  
			var start_date_ytd_sply = date(start_year-1,1,1)  
			var start_date_qtd = date(start_year,start_qtr_month ,1)  
			var start_date_qtd_sply = date(start_year -1,start_qtr_month,1)  
			var start_date_mtd = date(start_year,start_month,1)  
			var start_date_mtd_sply = date(start_year -1,start_month,1)  
			
			-- get data for overridden date periods but still contextual
			var dates_tbl =  CALCULATETABLE(ssr_history , cal_end_dates[Date] >=  start_date_mtd_sply &&  cal_end_dates[Date] <= end_date_sply)
			
			var res = CALCULATE(
			    AVERAGEX(
			        dates_tbl,
			        ssr_history[step_success_prob]
			    )
			)
			
			RETURN 
			IF( res = BLANK(), 0, res+0)"
"meas.ssr_history_avg_pred_conv_rate_mtd_sply_diff","KEEP","Rate of ssr history avg pred conv rate mtd sply diff. Respects the current filter context.","Calculates average pred conv rate month-to-date same period last year difference in the current reporting context.",""
"meas.ssr_history_avg_pred_conv_rate_qtd","KEEP","Rate of ssr history avg pred conv rate qtd. Respects the current filter context.","Returns the average average pred conv rate quarter-to-date.","-- get the dates
			var curr_date = CALCULATE(MAX(cal_end_dates[Date])) // get the mgmt current end date
			var end_date = curr_date
			var end_date_sply = date(Year(end_date) -1,Month(end_date),day(end_date)) // get the yoy end date
			var start_year = Year(curr_date) 
			var start_qtr_month = (Quarter(curr_date) * 3) - 2  
			var start_month = Month(curr_date)
			var start_date_ytd = date(start_year,1,1)  
			var start_date_ytd_sply = date(start_year-1,1,1)  
			var start_date_qtd = date(start_year,start_qtr_month ,1)  
			var start_date_qtd_sply = date(start_year -1,start_qtr_month,1)  
			var start_date_mtd = date(start_year,start_month,1)  
			var start_date_mtd_sply = date(start_year -1,start_month,1)  
			
			-- get data for overridden date periods but still contextual
			var dates_tbl =  CALCULATETABLE(ssr_history , cal_end_dates[Date] >=  start_date_qtd &&  cal_end_dates[Date] <= end_date)
			
			var res = CALCULATE(
			    AVERAGEX(
			        dates_tbl,
			        ssr_history[step_success_prob]
			    )
			)
			
			RETURN
			IF( res = BLANK(), 0, res+0)"
"meas.ssr_history_avg_pred_conv_rate_qtd_sply","KEEP","Rate of ssr history avg pred conv rate qtd sply. Respects the current filter context.","Returns the average average pred conv rate quarter-to-date same period last year.","-- get the dates
			var curr_date = CALCULATE(MAX(cal_end_dates[Date])) // get the mgmt current end date
			var end_date = curr_date
			var end_date_sply = date(Year(end_date) -1,Month(end_date),day(end_date)) // get the yoy end date
			var start_year = Year(curr_date) 
			var start_qtr_month = (Quarter(curr_date) * 3) - 2  
			var start_month = Month(curr_date)
			var start_date_ytd = date(start_year,1,1)  
			var start_date_ytd_sply = date(start_year-1,1,1)  
			var start_date_qtd = date(start_year,start_qtr_month ,1)  
			var start_date_qtd_sply = date(start_year -1,start_qtr_month,1)  
			var start_date_mtd = date(start_year,start_month,1)  
			var start_date_mtd_sply = date(start_year -1,start_month,1)  
			
			-- get data for overridden date periods but still contextual
			var dates_tbl =  CALCULATETABLE(ssr_history , cal_end_dates[Date] >=  start_date_qtd_sply &&  cal_end_dates[Date] <= end_date_sply)
			
			var res = CALCULATE(
			    AVERAGEX(
			        dates_tbl,
			        ssr_history[step_success_prob]
			    )
			)
			
			RETURN
			IF( res = BLANK(), 0, res+0)"
"meas.ssr_history_avg_pred_conv_rate_qtd_sply_diff","KEEP","Rate of ssr history avg pred conv rate qtd sply diff. Respects the current filter context.","Calculates average pred conv rate quarter-to-date same period last year difference in the current reporting context.",""
"meas.ssr_history_avg_pred_conv_rate_ytd","KEEP","Rate of ssr history avg pred conv rate ytd. Respects the current filter context.","Returns the average average pred conv rate year-to-date.","-- get the dates
			var curr_date = CALCULATE(MAX(cal_end_dates[Date])) // get the mgmt current end date
			var end_date = curr_date
			var end_date_sply = date(Year(end_date) -1,Month(end_date),day(end_date)) // get the yoy end date
			var start_year = Year(curr_date) 
			var start_qtr_month = (Quarter(curr_date) * 3) - 2  
			var start_month = Month(curr_date)
			var start_date_ytd = date(start_year,1,1)  
			var start_date_ytd_sply = date(start_year-1,1,1)  
			var start_date_qtd = date(start_year,start_qtr_month ,1)  
			var start_date_qtd_sply = date(start_year -1,start_qtr_month,1)  
			var start_date_mtd = date(start_year,start_month,1)  
			var start_date_mtd_sply = date(start_year -1,start_month,1)  
			
			-- get data for overridden date periods but still contextual
			var dates_tbl =  CALCULATETABLE(ssr_history , cal_end_dates[Date] >=  start_date_ytd &&  cal_end_dates[Date] <= end_date)
			
			var res = CALCULATE(
			    AVERAGEX(
			        dates_tbl,
			        ssr_history[step_success_prob]
			    )
			)
			
			RETURN
			IF( res = BLANK(), 0, res+0)"
"meas.ssr_history_avg_pred_conv_rate_ytd_sply","KEEP","Rate of ssr history avg pred conv rate ytd sply. Respects the current filter context.","Returns the average average pred conv rate year-to-date same period last year.","-- get the dates
			var curr_date = CALCULATE(MAX(cal_end_dates[Date])) // get the mgmt current end date
			var end_date = curr_date
			var end_date_sply = date(Year(end_date) -1,Month(end_date),day(end_date)) // get the yoy end date
			var start_year = Year(curr_date) 
			var start_qtr_month = (Quarter(curr_date) * 3) - 2  
			var start_month = Month(curr_date)
			var start_date_ytd = date(start_year,1,1)  
			var start_date_ytd_sply = date(start_year-1,1,1)  
			var start_date_qtd = date(start_year,start_qtr_month ,1)  
			var start_date_qtd_sply = date(start_year -1,start_qtr_month,1)  
			var start_date_mtd = date(start_year,start_month,1)  
			var start_date_mtd_sply = date(start_year -1,start_month,1)  
			
			-- get data for overridden date periods but still contextual
			var dates_tbl =  CALCULATETABLE(ssr_history , cal_end_dates[Date] >=  start_date_ytd_sply &&  cal_end_dates[Date] <= end_date_sply)
			
			var res = CALCULATE(
			    AVERAGEX(
			        dates_tbl,
			        ssr_history[step_success_prob]
			    )
			)
			
			RETURN
			IF( res = BLANK(), 0, res+0)"
"meas.ssr_history_avg_pred_conv_rate_ytd_sply_diff","KEEP","Rate of ssr history avg pred conv rate ytd sply diff. Respects the current filter context.","Calculates average pred conv rate year-to-date same period last year difference in the current reporting context.",""
"meas.ssr_history_avg_pushed_pulled_days","KEEP","Average of ssr history avg pushed pulled days. Respects the current filter context.","Calculates average pushed pulled days in the current reporting context.",""
"meas.ssr_history_avg_pushed_pulled_days_diff","KEEP","Average of ssr history avg pushed pulled days diff. Respects the current filter context.","Returns average pushed pulled days difference.","var _selected_item = SELECTEDVALUE(time_intelligence[filt_item])
			
			-- get the dates
			var curr_date = CALCULATE(MAX(cal_end_dates[Date])) // get the mgmt current end date
			var end_date = curr_date
			var end_date_sply = date(Year(end_date) -1,Month(end_date),day(end_date)) // get the yoy end date
			var start_year = Year(curr_date) 
			var start_qtr_month = (Quarter(curr_date) * 3) - 2  
			var start_month = Month(curr_date)
			var start_date_ytd = date(start_year,1,1)  
			var start_date_ytd_sply = date(start_year-1,1,1)
			var start_date_qtd = date(start_year,start_qtr_month ,1)  
			var start_date_qtd_sply = date(start_year -1,start_qtr_month,1)
			var start_date_mtd = date(start_year,start_month,1)  
			var start_date_mtd_sply = date(start_year -1,start_month,1)
			
			-- get data for overridden date periods but still contextual
			var mtd_delta =DIVIDE(
			    (
			      CALCULATE([meas.ssr_history_avg_pushed_pulled_days],cal_end_dates[Date] >=  start_date_mtd &&  cal_end_dates[Date] <= end_date) - CALCULATE([meas.ssr_history_avg_pushed_pulled_days],cal_end_dates[Date] >=  start_date_mtd_sply &&  cal_end_dates[Date] <= end_date_sply)
			    ),          // mtd calculation
			    CALCULATE([meas.ssr_history_avg_pushed_pulled_days],cal_end_dates[Date] >=  start_date_mtd_sply &&  cal_end_dates[Date] <= end_date_sply)
			)
			
			var qtd_delta =DIVIDE(
			    (
			      CALCULATE([meas.ssr_history_avg_pushed_pulled_days],cal_end_dates[Date] >=  start_date_qtd &&  cal_end_dates[Date] <= end_date) - CALCULATE([meas.ssr_history_avg_pushed_pulled_days],cal_end_dates[Date] >=  start_date_qtd_sply &&  cal_end_dates[Date] <= end_date_sply)
			    ),          // qtd calculation
			    CALCULATE([meas.ssr_history_avg_pushed_pulled_days],cal_end_dates[Date] >=  start_date_qtd_sply &&  cal_end_dates[Date] <= end_date_sply)
			)
			
			var ytd_delta =DIVIDE(
			    (
			      CALCULATE([meas.ssr_history_avg_pushed_pulled_days],cal_end_dates[Date] >=  start_date_ytd &&  cal_end_dates[Date] <= end_date) - CALCULATE([meas.ssr_history_avg_pushed_pulled_days],cal_end_dates[Date] >=  start_date_ytd_sply &&  cal_end_dates[Date] <= end_date_sply)
			    ),      // ytd calculation
			    CALCULATE([meas.ssr_history_avg_pushed_pulled_days],cal_end_dates[Date] >=  start_date_ytd_sply &&  cal_end_dates[Date] <= end_date_sply)
			)
			
			var res = IF(
			    _selected_item=""MTD"", 
			    mtd_delta,
			    IF(
			        _selected_item=""QTD"",
			        qtd_delta,
			        IF(
			            _selected_item=""YTD"",
			            ytd_delta
			        )
			    )
			)
			
			
			RETURN
			res"
"meas.ssr_history_avg_won_amt","KEEP","Average of ssr history avg won amt. Respects the current filter context.","Returns the average average won amount for successful records.","CALCULATE(
			    AVERAGE(
			        ssr_history[opp_won_amt]
			    ), 
			    ssr_history[step_success] = True
			)"
"meas.ssr_history_avg_won_amt_diff","KEEP","Average of ssr history avg won amt diff. Respects the current filter context.","Returns average won amount difference.","var _selected_item = SELECTEDVALUE(time_intelligence[filt_item])
			
			-- get the dates
			var curr_date = CALCULATE(MAX(cal_end_dates[Date])) // get the mgmt current end date
			var end_date = curr_date
			var end_date_sply = date(Year(end_date) -1,Month(end_date),day(end_date)) // get the yoy end date
			var start_year = Year(curr_date) 
			var start_qtr_month = (Quarter(curr_date) * 3) - 2  
			var start_month = Month(curr_date)
			var start_date_ytd = date(start_year,1,1)  
			var start_date_ytd_sply = date(start_year-1,1,1)
			var start_date_qtd = date(start_year,start_qtr_month ,1)  
			var start_date_qtd_sply = date(start_year -1,start_qtr_month,1)
			var start_date_mtd = date(start_year,start_month,1)  
			var start_date_mtd_sply = date(start_year -1,start_month,1)
			
			-- get data for overridden date periods but still contextual
			var mtd_delta =DIVIDE(
			    (
			      CALCULATE([meas.ssr_history_avg_won_amt],cal_end_dates[Date] >=  start_date_mtd &&  cal_end_dates[Date] <= end_date) - CALCULATE([meas.ssr_history_avg_won_amt],cal_end_dates[Date] >=  start_date_mtd_sply &&  cal_end_dates[Date] <= end_date_sply)
			    ),          // mtd calculation
			    CALCULATE([meas.ssr_history_avg_won_amt],cal_end_dates[Date] >=  start_date_mtd_sply &&  cal_end_dates[Date] <= end_date_sply)
			)
			
			var qtd_delta =DIVIDE(
			    (
			      CALCULATE([meas.ssr_history_avg_won_amt],cal_end_dates[Date] >=  start_date_qtd &&  cal_end_dates[Date] <= end_date) - CALCULATE([meas.ssr_history_avg_won_amt],cal_end_dates[Date] >=  start_date_qtd_sply &&  cal_end_dates[Date] <= end_date_sply)
			    ),          // qtd calculation
			    CALCULATE([meas.ssr_history_avg_won_amt],cal_end_dates[Date] >=  start_date_qtd_sply &&  cal_end_dates[Date] <= end_date_sply)
			)
			
			var ytd_delta =DIVIDE(
			    (
			      CALCULATE([meas.ssr_history_avg_won_amt],cal_end_dates[Date] >=  start_date_ytd &&  cal_end_dates[Date] <= end_date) - CALCULATE([meas.ssr_history_avg_won_amt],cal_end_dates[Date] >=  start_date_ytd_sply &&  cal_end_dates[Date] <= end_date_sply)
			    ),      // ytd calculation
			    CALCULATE([meas.ssr_history_avg_won_amt],cal_end_dates[Date] >=  start_date_ytd_sply &&  cal_end_dates[Date] <= end_date_sply)
			)
			
			var res = IF(
			    _selected_item=""MTD"", 
			    mtd_delta,
			    IF(
			        _selected_item=""QTD"",
			        qtd_delta,
			        IF(
			            _selected_item=""YTD"",
			            ytd_delta
			        )
			    )
			)
			
			
			RETURN
			res"
"meas.ssr_history_avg_won_cycle_days","KEEP","Average of ssr history avg won cycle days. Respects the current filter context.","Calculates average won cycle days in the current reporting context.",""
"meas.ssr_history_avg_won_cycles_days_diff","KEEP","Average of ssr history avg won cycles days diff. Respects the current filter context.","Returns average won cycles days difference.","var _selected_item = SELECTEDVALUE(time_intelligence[filt_item])
			
			-- get the dates
			var curr_date = CALCULATE(MAX(cal_end_dates[Date])) // get the mgmt current end date
			var end_date = curr_date
			var end_date_sply = date(Year(end_date) -1,Month(end_date),day(end_date)) // get the yoy end date
			var start_year = Year(curr_date) 
			var start_qtr_month = (Quarter(curr_date) * 3) - 2  
			var start_month = Month(curr_date)
			var start_date_ytd = date(start_year,1,1)  
			var start_date_ytd_sply = date(start_year-1,1,1)
			var start_date_qtd = date(start_year,start_qtr_month ,1)  
			var start_date_qtd_sply = date(start_year -1,start_qtr_month,1)
			var start_date_mtd = date(start_year,start_month,1)  
			var start_date_mtd_sply = date(start_year -1,start_month,1)
			
			-- get data for overridden date periods but still contextual
			var mtd_delta =DIVIDE(
			    (
			      CALCULATE([meas.ssr_history_avg_won_cycle_days],cal_end_dates[Date] >=  start_date_mtd &&  cal_end_dates[Date] <= end_date) - CALCULATE([meas.ssr_history_avg_won_cycle_days],cal_end_dates[Date] >=  start_date_mtd_sply &&  cal_end_dates[Date] <= end_date_sply)
			    ),          // mtd calculation
			    CALCULATE([meas.ssr_history_avg_won_cycle_days],cal_end_dates[Date] >=  start_date_mtd_sply &&  cal_end_dates[Date] <= end_date_sply)
			)
			
			var qtd_delta =DIVIDE(
			    (
			      CALCULATE([meas.ssr_history_avg_won_cycle_days],cal_end_dates[Date] >=  start_date_qtd &&  cal_end_dates[Date] <= end_date) - CALCULATE([meas.ssr_history_avg_won_cycle_days],cal_end_dates[Date] >=  start_date_qtd_sply &&  cal_end_dates[Date] <= end_date_sply)
			    ),          // qtd calculation
			    CALCULATE([meas.ssr_history_avg_won_cycle_days],cal_end_dates[Date] >=  start_date_qtd_sply &&  cal_end_dates[Date] <= end_date_sply)
			)
			
			var ytd_delta =DIVIDE(
			    (
			      CALCULATE([meas.ssr_history_avg_won_cycle_days],cal_end_dates[Date] >=  start_date_ytd &&  cal_end_dates[Date] <= end_date) - CALCULATE([meas.ssr_history_avg_won_cycle_days],cal_end_dates[Date] >=  start_date_ytd_sply &&  cal_end_dates[Date] <= end_date_sply)
			    ),      // ytd calculation
			    CALCULATE([meas.ssr_history_avg_won_cycle_days],cal_end_dates[Date] >=  start_date_ytd_sply &&  cal_end_dates[Date] <= end_date_sply)
			)
			
			var res = IF(
			    _selected_item=""MTD"", 
			    mtd_delta,
			    IF(
			        _selected_item=""QTD"",
			        qtd_delta,
			        IF(
			            _selected_item=""YTD"",
			            ytd_delta
			        )
			    )
			)
			
			
			RETURN
			res"
"meas.ssr_history_avg_won_existing_customer_selling_amt","KEEP","Average of ssr history avg won existing customer selling amt. Respects the current filter context.","Returns the average average won existing customer selling amount where step is Existing Customer Selling, successful records.","CALCULATE(AVeRAGE(ssr_history[opp_won_amt]), ssr_history[step_name] in {""Existing Customer Selling""} && ssr_history[step_success] = true)"
"meas.ssr_history_avg_won_new_logo_amt","KEEP","Average of ssr history avg won new logo amt. Respects the current filter context.","Returns the average average won new logo amount where step is New Logo Selling, successful records.","CALCULATE(AVeRAGE(ssr_history[opp_won_amt]), ssr_history[step_name] in {""New Logo Selling""} && ssr_history[step_success] = true)"
"meas.ssr_history_booking_amt","KEEP","Measure calculating ssr history booking amt. Respects the current filter context.","Summarizes booking amount.","CALCULATE(SUM(ssr_history[opp_booking_amt]))"
"meas.ssr_history_cal_end_sel_date_count","KEEP","Count of ssr history cal end sel date count. Respects the current filter context.","Calculates the number of cal end sel date count.","//*** This is the ""earlier"" measure sub filtere approach for TS data  - use to get a filter measure and a count only (counts can be used in pie charts etc)
			
			-- function that through multiple steps get the most recent records in a table for each coid and then allow u to do agg ops on it 
			var sel_date = [meas.cal_end_sel_date] // get the selected date 
			
			//var temp_res =  CALCULATE(COUNT(ssr_history[_sys_doc_id]))
			var temp_tbl = CALCULATETABLE(ssr_history ,  cal_end_dates[Date] <= date(2100,1,1) ) // start by filtering the table to the appropriate period and override the end date to include open item,s 
			
			var filter_tbl  =
			FILTER (
			    temp_tbl,
			    ssr_history[_sys_doc_id] = 
			    CALCULATE (
			          MAX ( ssr_history[_sys_doc_id] ),
			        FILTER (
			            all(ssr_history),
			            ssr_history[_sys_ssr_id] = EARLIER ( ssr_history[_sys_ssr_id] ) // this checks all the other values if it is the relevant one
			            &&  ssr_history[_sys_filt_start_date] < sel_date  // this ensures that we exclude anything after the selected date - important!
			        )
			    )
			)
			Var res  = countx(filter_tbl,[_sys_doc_id] )
			RETURN res"
"meas.ssr_history_count_sys_doc_id","KEEP","Count of ssr history count sys doc id. Respects the current filter context.","Calculates the number of count sys doc id.","COUNT(ssr_history[_sys_doc_id])"
"meas.ssr_history_created_first_touched_age","KEEP","Measure calculating ssr history created first touched age. Respects the current filter context.","Returns created first touched age.","var _max_date = CALCULATE(MAX(cal_start_dates[Date]))   /// get the context current max date
			var _added_date = [meas.ssr_open_leads_accts_added_date]           // get the date when the leads added
			var _first_touched_date = [meas.ssr_open_leads_accts_first_touch_date]         // get the first touch date
			
			
			VAR _creatd_age = DATEDIFF(_added_date, _max_date, DAY)
			VAR _res_create = IF(
			    _creatd_age = 0,        // concate strings
			    ""-"",
			    _creatd_age & "" Days""
			)
			
			var _first_touch = DATEDIFF(_first_touched_date, _max_date, DAY)            // get the diff in days 
			
			VAR _res_first = IF(
			    _first_touch <= 0,
			    ""-"",
			    _first_touch & "" Days""              // concate day strings
			)
			
			RETURN
			_res_create & "" / "" & _res_first"
"meas.ssr_history_dur_hrs","KEEP","Measure calculating ssr history dur hrs. Respects the current filter context.","Calculates duration hours in the current reporting context.",""
"meas.ssr_history_duration_hrs","KEEP","Measure calculating ssr history duration hrs. Respects the current filter context.","Returns duration hours.","var dur = ssr_history[meas.ssr_history_duration_hrs_prospecting] +  ssr_history[meas.ssr_history_duration_hrs_new_logo] +  ssr_history[meas.ssr_history_duration_hrs_post_sales] +   [meas.ssr_history_duration_hrs_existing_customer_selling]
			var res  = dur
			return res"
"meas.ssr_history_duration_hrs_deals","KEEP","Measure calculating ssr history duration hrs deals. Respects the current filter context.","Returns duration hours deals.","DIVIDE ( [meas.ssr_history_duration_hrs_deals_accumulated],[meas.open_pipeline_total_deals] )"
"meas.ssr_history_duration_hrs_deals_stage","KEEP","Measure calculating ssr history duration hrs deals stage. Respects the current filter context.","Returns duration hours deals stage.","DIVIDE ( [meas.ssr_history_duration_hrs_deals_stage_accumulation],[meas.open_pipeline_total_deals] )"
"meas.ssr_history_duration_hrs_deals_stage_accumulation","KEEP","Measure calculating ssr history duration hrs deals stage accumulation. Respects the current filter context.","Returns duration hours deals stage accumulation.","VAR CurIdx = MAX ( open_pipeline[trueai_sort_id] )
			
			RETURN
			    SUMX (
			        FILTER (
			            ALL (open_pipeline ),                       
			            open_pipeline[trueai_sort_id] <= CurIdx    
			        ),
			        CALCULATE (
			            [meas.ssr_history_duration_hrs_new_logo]
			            + [meas.ssr_history_duration_hrs_existing_customer_selling]
			        )
			    )"
"meas.ssr_history_duration_hrs_existing_customer_selling","KEEP","Measure calculating ssr history duration hrs existing customer selling. Respects the current filter context.","Calculates duration hours existing customer selling in the current reporting context.",""
"meas.ssr_history_duration_hrs_existing_customer_selling_sales_process_step","KEEP","Measure calculating ssr history duration hrs existing customer selling sales process step. Respects the current filter context.","Summarizes duration hours existing customer selling sales process step where step is Existing Customer Selling.","var dur = calculate(
			    sum(
			        ssr_history[stkhlds_all_adj_dur]
			    ), 
			    KEEPFILTERS(
			        ssr_history[step_name] = ""Existing Customer Selling"" 
			    )
			) / 3600 // turn to hours
			var res  = dur
			return res"
"meas.ssr_history_duration_hrs_lost_deals","KEEP","Measure calculating ssr history duration hrs lost deals. Respects the current filter context.","Calculates duration hours lost deals in the current reporting context.",""
"meas.ssr_history_duration_hrs_new_logo","KEEP","Measure calculating ssr history duration hrs new logo. Respects the current filter context.","Summarizes duration hours new logo where step is New Logo Selling.","var dur = calculate(sum(ssr_history[stkhlds_all_adj_dur]), ssr_history[step_name] = ""New Logo Selling"" ) / 3600 // turn to hours
			var res  = dur
			return res"
"meas.ssr_history_duration_hrs_new_logo_sales_process_step","KEEP","Measure calculating ssr history duration hrs new logo sales process step. Respects the current filter context.","Summarizes duration hours new logo sales process step where step is New Logo Selling.","var dur = calculate(
			    sum(
			        ssr_history[stkhlds_all_adj_dur]
			    ), 
			    KEEPFILTERS(
			        ssr_history[step_name] = ""New Logo Selling""
			    )
			) / 3600 // turn to hours
			var res  = dur
			return res"
"meas.ssr_history_duration_hrs_per_acct","KEEP","Measure calculating ssr history duration hrs per acct. Respects the current filter context.","Average duration hours per touched account.","var dur =  CALCULATE(sum(ssr_history[stkhlds_all_adj_dur])) 
			var touched_accts = CALCULATE(DISTINCTCOUNTNOBLANK(ssr_history[_sys_ssr_id]) ) //only include steps that can have duration 
			var res = DIVIDE(dur, touched_accts, BLANK())
			return res / 3600"
"meas.ssr_history_duration_hrs_per_acct_existing_customer_selling","KEEP","Measure calculating ssr history duration hrs per acct existing customer selling. Respects the current filter context.","Calculates duration hours per account existing customer selling in the current reporting context.",""
"meas.ssr_history_duration_hrs_per_acct_new_logo","KEEP","Measure calculating ssr history duration hrs per acct new logo. Respects the current filter context.","Average duration hours per touched account.","var dur =  CALCULATE(sum(ssr_history[stkhlds_all_adj_dur]), ssr_history[step_name] = ""New Logo Selling"") 
			var touched_accts = CALCULATE(DISTINCTCOUNTNOBLANK(ssr_history[_sys_ssr_id]), ssr_history[step_name] = ""New Logo Selling"") 
			var res1 = DIVIDE(dur, touched_accts, BLANK())
			var res = res1/3600
			RETURN
			res"
"meas.ssr_history_duration_hrs_per_acct_post_sales","KEEP","Measure calculating ssr history duration hrs per acct post sales. Respects the current filter context.","Calculates duration hours per account post sales in the current reporting context.",""
"meas.ssr_history_duration_hrs_per_acct_post_sales_existing_customer_selling","KEEP","Measure calculating ssr history duration hrs per acct post sales existing customer selling. Respects the current filter context.","Calculates duration hours per account post sales existing customer selling in the current reporting context.",""
"meas.ssr_history_duration_hrs_per_acct_prospect_new_logo","KEEP","Measure calculating ssr history duration hrs per acct prospect new logo. Respects the current filter context.","Calculates duration hours per account prospect new logo in the current reporting context.",""
"meas.ssr_history_duration_hrs_per_acct_prospecting","KEEP","Measure calculating ssr history duration hrs per acct prospecting. Respects the current filter context.","Average duration hours per touched account.","var dur =  CALCULATE(sum(ssr_history[stkhlds_all_adj_dur]), ssr_history[step_name] = ""Prospecting"") 
			var touched_accts = CALCULATE(DISTINCTCOUNTNOBLANK(ssr_history[_sys_ssr_id]), ssr_history[step_name] = ""Prospecting"") 
			var res1 = DIVIDE(dur, touched_accts, BLANK())
			var res = res1/3600
			RETURN
			res"
"meas.ssr_history_duration_hrs_per_prior_step","KEEP","Measure calculating ssr history duration hrs per prior step. Respects the current filter context.","Calculates the number of duration hours per prior step.","var steps =  CALCULATE(DISTINCTCOUNT(ssr_history[_sys_doc_id])) 
			var res= divide([meas.ssr_history_duration_prior_step_hrs], steps , blank()) 
			return res"
"meas.ssr_history_duration_hrs_per_step","KEEP","Measure calculating ssr history duration hrs per step. Respects the current filter context.","Returns the average duration hours per step.","CALCULATE(AVERAGE(ssr_history[stkhlds_all_adj_dur]))/3600"
"meas.ssr_history_duration_hrs_post_sales","KEEP","Measure calculating ssr history duration hrs post sales. Respects the current filter context.","Summarizes duration hours post sales where step is Post-Sales Support.","var dur = calculate(sum(ssr_history[stkhlds_all_adj_dur]), ssr_history[step_name] = ""Post-Sales Support"" ) / 3600 // turn to hours
			var res  = round(dur / 10, 0) * 10 // make it ten hour increments
			return res"
"meas.ssr_history_duration_hrs_post_sales_existing_customer_selling","KEEP","Measure calculating ssr history duration hrs post sales existing customer selling. Respects the current filter context.","Returns duration hours post sales existing customer selling.","var dur =  ssr_history[meas.ssr_history_duration_hrs_post_sales] +   [meas.ssr_history_duration_hrs_existing_customer_selling]  // sum
			var res  = dur
			return res"
"meas.ssr_history_duration_hrs_post_sales_sales_process_step","KEEP","Measure calculating ssr history duration hrs post sales sales process step. Respects the current filter context.","Summarizes duration hours post sales sales process step where step is Post-Sales Support.","var dur = calculate(
			    sum(
			        ssr_history[stkhlds_all_adj_dur]
			    ), 
			    KEEPFILTERS(
			        ssr_history[step_name] = ""Post-Sales Support"" 
			    )
			) / 3600       // turn to hours
			var res  = round(dur / 10, 0) * 10 // make it ten hour increments
			return res"
"meas.ssr_history_duration_hrs_prosp_new_logo","KEEP","Measure calculating ssr history duration hrs prosp new logo. Respects the current filter context.","Returns duration hours prosp new logo.","var dur = ssr_history[meas.ssr_history_duration_hrs_prospecting] +  ssr_history[meas.ssr_history_duration_hrs_new_logo] 
			var res  = dur
			return res"
"meas.ssr_history_duration_hrs_prospecting","KEEP","Measure calculating ssr history duration hrs prospecting. Respects the current filter context.","Summarizes duration hours prospecting where step is Prospecting.","var dur = calculate(sum(ssr_history[stkhlds_all_adj_dur]), ssr_history[step_name] = ""Prospecting"" ) / 3600 // turn to hours
			var res  = dur
			return res"
"meas.ssr_history_duration_hrs_prospecting_sales_process_step","KEEP","Measure calculating ssr history duration hrs prospecting sales process step. Respects the current filter context.","Summarizes duration hours prospecting sales process step where step is Prospecting.","var dur = calculate(
			    sum(
			        ssr_history[stkhlds_all_adj_dur]
			    ), 
			    KEEPFILTERS(
			        ssr_history[step_name] = ""Prospecting""
			    )
			) / 3600 // turn to hours
			var res  = dur
			return res"
"meas.ssr_history_duration_hrs_rep_day","KEEP","Measure calculating ssr history duration hrs rep day. Respects the current filter context.","Calculates duration hours rep day in the current reporting context.",""
"meas.ssr_history_duration_hrs_rep_week","KEEP","Measure calculating ssr history duration hrs rep week. Respects the current filter context.","Calculates duration hours rep week in the current reporting context.",""
"meas.ssr_history_duration_prior_step_hrs","KEEP","Measure calculating ssr history duration prior step hrs. Respects the current filter context.","Calculates duration prior step hours in the current reporting context.",""
"meas.ssr_history_existing_customer_selling_annual_purchases_acct","KEEP","Measure calculating ssr history existing customer selling annual purchases acct. Respects the current filter context.","Returns existing customer selling annual purchases account.","var reps = 2.1
			
			var res = reps
			return res"
"meas.ssr_history_failure_lost_stage_early_count","KEEP","Count of ssr history failure lost stage early count. Respects the current filter context.","Calculates the number of failure lost stage early count.","CALCULATE(count(ssr_history[_sys_doc_id]),ssr_history[opp_lost_stage] = ""Early"")"
"meas.ssr_history_failure_lost_stage_late_count","KEEP","Count of ssr history failure lost stage late count. Respects the current filter context.","Calculates the number of failure lost stage late count.","CALCULATE(count(ssr_history[_sys_doc_id]),ssr_history[opp_lost_stage] = ""Late"")"
"meas.ssr_history_failure_lost_stage_mid_count","KEEP","Count of ssr history failure lost stage mid count. Respects the current filter context.","Calculates the number of failure lost stage mid count.","CALCULATE(count(ssr_history[_sys_doc_id]),ssr_history[opp_lost_stage] = ""Mid"")"
"meas.ssr_history_failure_lost_stage_nd_count","KEEP","Count of ssr history failure lost stage nd count. Respects the current filter context.","Calculates the number of failure lost stage nd count.","CALCULATE(count(ssr_history[_sys_doc_id]),ssr_history[opp_lost_stage] = ""ND"")"
"meas.ssr_history_first_touched_days","KEEP","Measure calculating ssr history first touched days. Respects the current filter context.","Returns first touched days.","var _max_date = CALCULATE(MAX(cal_start_dates[Date]))   /// get the context current max date
			var _first_touched_date = [meas.ssr_open_leads_accts_first_touch_date]         // get the first touch date
			
			var _first_touch = DATEDIFF(_first_touched_date, _max_date, DAY)            // get the diff in days 
			
			VAR _res_first = IF(
			    _first_touch <= 0,
			    ""-"",
			    _first_touch & "" Days""              // concate day strings
			)
			
			RETURN
			_res_first"
"meas.ssr_history_generated_pipeline_amt","KEEP","Rate of ssr history generated pipeline amt. Respects the current filter context.","Calculates generated pipeline amount in the current reporting context.",""
"meas.ssr_history_generated_pipeline_amt_diff","KEEP","Rate of ssr history generated pipeline amt diff. Respects the current filter context.","Returns generated pipeline amount difference.","var _selected_item = SELECTEDVALUE(time_intelligence[filt_item])
			
			-- get the dates
			var curr_date = CALCULATE(MAX(cal_end_dates[Date])) // get the mgmt current end date
			var end_date = curr_date
			var end_date_sply = date(Year(end_date) -1,Month(end_date),day(end_date)) // get the yoy end date
			var start_year = Year(curr_date) 
			var start_qtr_month = (Quarter(curr_date) * 3) - 2  
			var start_month = Month(curr_date)
			var start_date_ytd = date(start_year,1,1)  
			var start_date_ytd_sply = date(start_year-1,1,1)
			var start_date_qtd = date(start_year,start_qtr_month ,1)  
			var start_date_qtd_sply = date(start_year -1,start_qtr_month,1)
			var start_date_mtd = date(start_year,start_month,1)  
			var start_date_mtd_sply = date(start_year -1,start_month,1)
			
			-- get data for overridden date periods but still contextual
			var mtd_delta =DIVIDE(
			    (
			      CALCULATE([meas.ssr_history_generated_pipeline_amt],cal_end_dates[Date] >=  start_date_mtd &&  cal_end_dates[Date] <= end_date) - CALCULATE([meas.ssr_history_generated_pipeline_amt],cal_end_dates[Date] >=  start_date_mtd_sply &&  cal_end_dates[Date] <= end_date_sply)
			    ),          // mtd calculation
			    CALCULATE([meas.ssr_history_generated_pipeline_amt],cal_end_dates[Date] >=  start_date_mtd_sply &&  cal_end_dates[Date] <= end_date_sply)
			)
			
			var qtd_delta =DIVIDE(
			    (
			      CALCULATE([meas.ssr_history_generated_pipeline_amt],cal_end_dates[Date] >=  start_date_qtd &&  cal_end_dates[Date] <= end_date) - CALCULATE([meas.ssr_history_generated_pipeline_amt],cal_end_dates[Date] >=  start_date_qtd_sply &&  cal_end_dates[Date] <= end_date_sply)
			    ),          // qtd calculation
			    CALCULATE([meas.ssr_history_generated_pipeline_amt],cal_end_dates[Date] >=  start_date_qtd_sply &&  cal_end_dates[Date] <= end_date_sply)
			)
			
			var ytd_delta =DIVIDE(
			    (
			      CALCULATE([meas.ssr_history_generated_pipeline_amt],cal_end_dates[Date] >=  start_date_ytd &&  cal_end_dates[Date] <= end_date) - CALCULATE([meas.ssr_history_generated_pipeline_amt],cal_end_dates[Date] >=  start_date_ytd_sply &&  cal_end_dates[Date] <= end_date_sply)
			    ),      // ytd calculation
			    CALCULATE([meas.ssr_history_generated_pipeline_amt],cal_end_dates[Date] >=  start_date_ytd_sply &&  cal_end_dates[Date] <= end_date_sply)
			)
			
			var res = IF(
			    _selected_item=""MTD"", 
			    mtd_delta,
			    IF(
			        _selected_item=""QTD"",
			        qtd_delta,
			        IF(
			            _selected_item=""YTD"",
			            ytd_delta
			        )
			    )
			)
			
			
			RETURN
			res"
"meas.ssr_history_inbound_leads_touched_avg_days","KEEP","Average of ssr history inbound leads touched avg days. Respects the current filter context.","Calculates inbound leads touched average days in the current reporting context.",""
"meas.ssr_history_inbound_mkt_leads_touched_ratio","KEEP","Measure calculating ssr history inbound mkt leads touched ratio. Respects the current filter context.","Returns inbound mkt leads touched ratio.","var _mkt_inbound_leads = [meas.ssr_history_mkt_leads_inbound]
			var _touched_leads = [meas.ssr_history_mkt_inbound_leads_with_first_touch]
			var res = DIVIDE(
			    _touched_leads,
			    _mkt_inbound_leads,
			    0
			)
			return 
			res"
"meas.ssr_history_is_open_pipeline","KEEP","Measure calculating ssr history is open pipeline. Respects the current filter context.","Returns total open pipeline amount as of the selected as-of date where step is New Logo Selling or Existing Customer Selling.","-- NOTE Open pipeline needs to override normal filter dates and is depndant on a second SYNCED slicer tied to the cal_end_dates_no_relationship table 
			var end_date =  CALCULATE(LASTDATE(cal_start_dates[Date]), ALLSELECTED())  -- get the end date of the second slicer 
			var all_dates_tbl = CALCULATETABLE(ssr_history, cal_end_dates[Date] > date(1900,1,1) && cal_end_dates[Date] < date(2100,1,2)) -- override the normal date filter and get current filters through calc table
			var filt_tbl = FILTER(all_dates_tbl,ssr_history[step_name] in {""New Logo Selling"", ""Existing Customer Selling""}  && ssr_history[_sys_filt_end_date] >= end_date &&  ssr_history[_sys_filt_start_date] < end_date) -- apply the right steps and filter dates
			
			var res = CountX(filt_tbl, ssr_history[_sys_doc_id])
			
			return res"
"meas.ssr_history_last_engage_age_days","KEEP","Measure calculating ssr history last engage age days. Respects the current filter context.","Calculates last engage age days in the current reporting context.",""
"meas.ssr_history_leads","KEEP","Measure calculating ssr history leads. Respects the current filter context.","Calculates the number of leads where step is Lead Gen.","var res = CALCULATE(distinctcount(ssr_history[_sys_ssr_id]), ssr_history[step_name] = ""Lead Gen"") 
			return res"
"meas.ssr_history_leads_accts_engagement_rate","KEEP","Rate of ssr history leads accts engagement rate. Respects the current filter context.","Returns leads accounts engagement rate.","var _eng_rate =  [meas.ssr_history_open_leads_accts_engagement_rate]
			
			RETURN
			SWITCH(
			    TRUE(),
			    ISBLANK(_eng_rate), ""NA"",
			    _eng_rate <= 0.03, ""Low"",
			    _eng_rate > 0.03 && _eng_rate <= 0.10, ""Fair"",
			    _eng_rate > 0.10 && _eng_rate <= 0.20, ""Good"",
			    _eng_rate > 0.20, ""Great"",
			    ""Other""
			)"
"meas.ssr_history_leads_avg_mkt_sales_probability_of_conversion","KEEP","Average of ssr history leads avg mkt sales probability of conversion. Respects the current filter context.","Calculates leads average mkt sales probability of conversion in the current reporting context.",""
"meas.ssr_history_leads_count","KEEP","Count of ssr history leads count. Respects the current filter context.","Calculates the number of leads count.","var res = CALCULATE(
			    distinctcount(ssr[_sys_doc_id]),
			    users_history[trueai_user_role_department]=""MKT"",
			    ssr[trueai_leadsource_is_inbound]=true
			    ) 
			return res"
"meas.ssr_history_leads_dept_rate","KEEP","Rate of ssr history leads dept rate. Respects the current filter context.","Calculates the number of leads dept rate where step is Lead Gen.","VAR total_count =
			    CALCULATE(
			        DISTINCTCOUNT(ssr_history[_sys_ssr_id]), 
			        ssr_history[step_name] = ""Lead Gen"",
			        ALL(users_history[trueai_user_role_department]),
			        ALLSELECTED(cal_end_dates)
			    )
			VAR legend_count =
			    CALCULATE(
			        DISTINCTCOUNT(ssr_history[_sys_ssr_id]),
			        ssr_history[step_name] = ""Lead Gen""
			    )
			VAR res = DIVIDE(
			    legend_count,
			    total_count,
			    0
			)
			
			RETURN 
			res"
"meas.ssr_history_leads_gen_vi_vc","KEEP","Measure calculating ssr history leads gen vi vc. Respects the current filter context.","Summarizes leads generation vi vc where step is Lead Gen.","var res = CALCULATE(sum(ssr_history[vi_value_created]), ssr_history[step_name] = ""Lead Gen"") 
			return res"
"meas.ssr_history_leads_gen_vi_vc_rate","KEEP","Rate of ssr history leads gen vi vc rate. Respects the current filter context.","Summarizes leads generation vi vc rate where step is Lead Gen.","VAR total_sum =
			    CALCULATE(
			        sum(ssr_history[vi_value_created]), 
			        ssr_history[step_name] = ""Lead Gen"",
			        ALL(users_history[trueai_user_role_department]),
			        ALLSELECTED(cal_end_dates)
			    )
			VAR legend_sum =
			    CALCULATE(
			        sum(ssr_history[vi_value_created]),
			        ssr_history[step_name] = ""Lead Gen""
			    )
			VAR res = DIVIDE(
			    legend_sum,
			    total_sum,
			    0
			)
			
			RETURN 
			res"
"meas.ssr_history_leads_inbound","KEEP","Measure calculating ssr history leads inbound. Respects the current filter context.","Calculates the number of leads inbound where step is Lead Gen.","var res = CALCULATE(distinctcount(ssr_history[_sys_ssr_id]), ssr_history[step_name] = ""Lead Gen"",  ssr[col.trueai_leadsource_is_inbound] = true) 
			return res"
"meas.ssr_history_leads_inbound_probability_of_conversion","KEEP","Measure calculating ssr history leads inbound probability of conversion. Respects the current filter context.","Returns the average leads inbound probability of conversion where step is Untouched.","var res = CALCULATE(
			    AVERAGE(
			        ssr_history[step_next_success_prob]
			    ), 
			    ssr_history[step_name] = ""Untouched"",  
			    ssr[col.trueai_leadsource_is_inbound] = true
			) 
			return res"
"meas.ssr_history_leads_inbound_vi_vc","KEEP","Measure calculating ssr history leads inbound vi vc. Respects the current filter context.","Summarizes leads inbound vi vc where step is Lead Gen.","var res = CALCULATE(sum(ssr[col.trueai_vi_lead_gen_value_created]), ssr_history[step_name] = ""Lead Gen"",  ssr[col.trueai_leadsource_is_inbound] = true) 
			return res"
"meas.ssr_history_leads_mkt_gen","KEEP","Measure calculating ssr history leads mkt gen. Respects the current filter context.","Calculates leads mkt gen in the current reporting context.",""
"meas.ssr_history_leads_mkt_gen_probability_of_conversion ","KEEP","Measure calculating ssr history leads mkt gen probability of conversion. Respects the current filter context.","Returns the average leads mkt generation probability of conversion where step is Untouched.","var res = CALCULATE(AVERAGE(ssr_history[step_next_success_prob]), ssr_history[step_name] = ""Untouched"",  users[trueai_user_role_department] = ""MKT"") 
			return res"
"meas.ssr_history_leads_mkt_gen_vi_vc","KEEP","Measure calculating ssr history leads mkt gen vi vc. Respects the current filter context.","Summarizes leads mkt generation vi vc where step is Lead Gen.","var res = CALCULATE(sum(ssr[col.trueai_vi_lead_gen_value_created]), ssr_history[step_name] = ""Lead Gen"",  users[trueai_user_role_department] = ""MKT"") 
			return res"
"meas.ssr_history_leads_outbound","KEEP","Measure calculating ssr history leads outbound. Respects the current filter context.","Calculates the number of leads outbound where step is Lead Gen.","var res = CALCULATE(distinctcount(ssr_history[_sys_ssr_id]), ssr_history[step_name] = ""Lead Gen"",  ssr[col.trueai_leadsource_is_inbound] = false) 
			return res"
"meas.ssr_history_leads_outbound_probability_of_conversion","KEEP","Measure calculating ssr history leads outbound probability of conversion. Respects the current filter context.","Returns the average leads outbound probability of conversion where step is Untouched.","var res = CALCULATE(AVERAGE(ssr_history[step_next_success_prob]), ssr_history[step_name] = ""Untouched"",  ssr[col.trueai_leadsource_is_inbound] = false) 
			return res"
"meas.ssr_history_leads_outbound_vi_vc","KEEP","Measure calculating ssr history leads outbound vi vc. Respects the current filter context.","Summarizes leads outbound vi vc where step is Lead Gen.","var res = CALCULATE(sum(ssr[col.trueai_vi_lead_gen_value_created]), ssr_history[step_name] = ""Lead Gen"",  ssr[col.trueai_leadsource_is_inbound] = false) 
			return res"
"meas.ssr_history_leads_probability_of_conversion","KEEP","Measure calculating ssr history leads probability of conversion. Respects the current filter context.","Returns the average leads probability of conversion where step is Lead Gen, step Prospecting.","var lead_gen_tbl = CALCULATETABLE(ssr_history,ssr_history[step_name] = ""Lead Gen"")  // all the applicable lead gen steps 
			
			var lead_gen_tbl_prosp_conv_prob = ADDCOLUMNS(
			    lead_gen_tbl, 
			    ""prospecting_step_success_prob"", AVERAGEX(
			            filter(
			                All(
			                    ssr_history
			                ), 
			            [step_name] = ""Prospecting"" && [_sys_ssr_id] =  EARLIER([_sys_ssr_id])
			        ),
			        [step_success_prob]
			    )
			)  
			
			// AVERAGEX(FIlter(filt_ranked, [acct_won_rank] >= EARLIER([acct_won_rank])), [acct_won_amount]) ) -- running total sorted by rank   
			--var prospecting_tbl = CALCULATETABLE ( ssr_history,ssr_history[step_name] = ""Prospecting"") 
			var res = AVERAGEX(lead_gen_tbl_prosp_conv_prob, [prospecting_step_success_prob]) // read the prospecting vale 
			return res"
"meas.ssr_history_leads_probability_of_conversion_w_thresh","KEEP","Measure calculating ssr history leads probability of conversion w thresh. Respects the current filter context.","Calculates the number of leads probability of conversion w thresh where step is Lead Gen.","VAR _proba = [meas.ssr_history_leads_probability_of_conversion]
			//this measure helps you filter out small segments of a result so they don't ""pollute"" the result. Use this is a filter measure and make the condition ""greater than 0""
			// first get the current count but remove the groupiing filter context 
			var all_current_val =  CALCULATE(count(ssr_history[_sys_ssr_id]), ssr_history[_sys_ssr_id] <> ""abc"") // abc is a value that will never exist in the db
			// get the regular count in the current filter context
			var count_current_val = CALCULATE(distinctcount(ssr_history[_sys_ssr_id]), ssr_history[step_name] = ""Lead Gen"") 
			// see the ration of this value
			var ratio = DIVIDE(count_current_val, all_current_val)
			// set the threshold - in htis case 10%
			var thresh = 0.03
			// determine if the ratio is over the threshhold and resturn o
			var res  = IF(ratio >= thresh, _proba)
			return res"
"meas.ssr_history_leads_sales_gen_probability_of_conversion","KEEP","Measure calculating ssr history leads sales gen probability of conversion. Respects the current filter context.","Returns the average leads sales generation probability of conversion where step is Untouched.","var res = CALCULATE(AVERAGE(ssr_history[step_next_success_prob]), ssr_history[step_name] = ""Untouched"",  users[trueai_user_role_department] = ""SALES"") 
			
			return res"
"meas.ssr_history_leads_sales_gen_vi_vc","KEEP","Measure calculating ssr history leads sales gen vi vc. Respects the current filter context.","Summarizes leads sales generation vi vc where step is Lead Gen.","var res = CALCULATE(sum(ssr[col.trueai_vi_lead_gen_value_created]), ssr_history[step_name] = ""Lead Gen"",  users[trueai_user_role_department] = ""SALES"") 
			return res"
"meas.ssr_history_leads_touched","KEEP","Measure calculating ssr history leads touched. Respects the current filter context.","Calculates leads touched in the current reporting context.",""
"meas.ssr_history_leads_touched_avg_days","KEEP","Average of ssr history leads touched avg days. Respects the current filter context.","Calculates leads touched average days in the current reporting context.",""
"meas.ssr_history_leads_touched_ratio","KEEP","Measure calculating ssr history leads touched ratio. Respects the current filter context.","Calculates leads touched ratio in the current reporting context.",""
"meas.ssr_history_leads_touched_ratio_updated","KEEP","Measure calculating ssr history leads touched ratio updated. Respects the current filter context.","Calculates leads touched ratio updated in the current reporting context.",""
"meas.ssr_history_leads_touched_updated","KEEP","Measure calculating ssr history leads touched updated. Respects the current filter context.","Calculates leads touched updated in the current reporting context.",""
"meas.ssr_history_leads_updated","KEEP","Measure calculating ssr history leads updated. Respects the current filter context.","Returns the average leads updated where step is Lead Gen, step Prospecting.","var lead_gen_tbl = CALCULATETABLE(ssr_history,ssr_history[step_name] = ""Lead Gen"")  // all the applicable lead gen steps 
			
			var lead_gen_tbl_prosp_conv_prob = ADDCOLUMNS(
			    lead_gen_tbl, 
			    ""prospecting_step_success_prob"", AVERAGEX(
			            filter(
			                All(
			                    ssr_history
			                ), 
			            [step_name] = ""Prospecting"" && [_sys_ssr_id] =  EARLIER([_sys_ssr_id])
			        ),
			        [step_success_prob]
			    )
			)  
			
			// AVERAGEX(FIlter(filt_ranked, [acct_won_rank] >= EARLIER([acct_won_rank])), [acct_won_amount]) ) -- running total sorted by rank   
			--var prospecting_tbl = CALCULATETABLE ( ssr_history,ssr_history[step_name] = ""Prospecting"") 
			var res = AVERAGEX(lead_gen_tbl_prosp_conv_prob, [prospecting_step_success_prob]) // read the prospecting vale 
			return res"
"meas.ssr_history_leads_w_first_touch","KEEP","Measure calculating ssr history leads w first touch. Respects the current filter context.","Calculates leads w first touch in the current reporting context.",""
"meas.ssr_history_lost_amt","KEEP","Measure calculating ssr history lost amt. Respects the current filter context.","Returns the average lost amount where step is New Logo Selling or Existing Customer Selling.","CALCULATE(AVeRAGE(ssr_history[opp_booking_amt]), ssr_history[step_name] in {""New Logo Selling"", ""Existing Customer Selling""} && ssr_history[step_success] = false)"
"meas.ssr_history_mgmt_avg_won_amt_per_rep_diff","KEEP","Average of ssr history mgmt avg won amt per rep diff. Respects the current filter context.","Returns management average won amount per rep difference.","var _selected_item = SELECTEDVALUE(time_intelligence[filt_item])
			
			-- get the dates
			var curr_date = CALCULATE(MAX(cal_end_dates[Date])) // get the mgmt current end date
			var end_date = curr_date
			var end_date_sply = date(Year(end_date) -1,Month(end_date),day(end_date)) // get the yoy end date
			var start_year = Year(curr_date) 
			var start_qtr_month = (Quarter(curr_date) * 3) - 2  
			var start_month = Month(curr_date)
			var start_date_ytd = date(start_year,1,1)  
			var start_date_ytd_sply = date(start_year-1,1,1)
			var start_date_qtd = date(start_year,start_qtr_month ,1)  
			var start_date_qtd_sply = date(start_year -1,start_qtr_month,1)
			var start_date_mtd = date(start_year,start_month,1)  
			var start_date_mtd_sply = date(start_year -1,start_month,1)
			
			-- get data for overridden date periods but still contextual
			var mtd_delta =DIVIDE(
			    (
			      CALCULATE([meas.ssr_history_mgmt_rpt_avg_won_amt_per_rep],cal_end_dates[Date] >=  start_date_mtd &&  cal_end_dates[Date] <= end_date) - CALCULATE([meas.ssr_history_mgmt_rpt_avg_won_amt_per_rep],cal_end_dates[Date] >=  start_date_mtd_sply &&  cal_end_dates[Date] <= end_date_sply)
			    ),          // mtd calculation
			    CALCULATE([meas.ssr_history_mgmt_rpt_avg_won_amt_per_rep],cal_end_dates[Date] >=  start_date_mtd_sply &&  cal_end_dates[Date] <= end_date_sply)
			)
			
			var qtd_delta =DIVIDE(
			    (
			      CALCULATE([meas.ssr_history_mgmt_rpt_avg_won_amt_per_rep],cal_end_dates[Date] >=  start_date_qtd &&  cal_end_dates[Date] <= end_date) - CALCULATE([meas.ssr_history_mgmt_rpt_avg_won_amt_per_rep],cal_end_dates[Date] >=  start_date_qtd_sply &&  cal_end_dates[Date] <= end_date_sply)
			    ),          // qtd calculation
			    CALCULATE([meas.ssr_history_mgmt_rpt_avg_won_amt_per_rep],cal_end_dates[Date] >=  start_date_qtd_sply &&  cal_end_dates[Date] <= end_date_sply)
			)
			
			var ytd_delta =DIVIDE(
			    (
			      CALCULATE([meas.ssr_history_mgmt_rpt_avg_won_amt_per_rep],cal_end_dates[Date] >=  start_date_ytd &&  cal_end_dates[Date] <= end_date) - CALCULATE([meas.ssr_history_mgmt_rpt_avg_won_amt_per_rep],cal_end_dates[Date] >=  start_date_ytd_sply &&  cal_end_dates[Date] <= end_date_sply)
			    ),      // ytd calculation
			    CALCULATE([meas.ssr_history_mgmt_rpt_avg_won_amt_per_rep],cal_end_dates[Date] >=  start_date_ytd_sply &&  cal_end_dates[Date] <= end_date_sply)
			)
			
			var res = IF(
			    _selected_item=""MTD"", 
			    mtd_delta,
			    IF(
			        _selected_item=""QTD"",
			        qtd_delta,
			        IF(
			            _selected_item=""YTD"",
			            ytd_delta
			        )
			    )
			)
			
			
			RETURN
			res"
"meas.ssr_history_mgmt_expected_win_amt","KEEP","Measure calculating ssr history mgmt expected win amt. Respects the current filter context.","Returns management expected win amount where step is Prospecting or Post-Sales Support, successful records.","-- apply filters
			var filt_tbl = Filter(ssr_history,  ssr_history[step_success] = true && ssr_history[step_name] in {""Prospecting"", ""Post-Sales Support""} )
			
			-- do the agg 
			var res = SUMX(filt_tbl, ssr_history[opp_pipeline_amt] *   ssr_history[step_next_success_prob]) + 0
			
			return res"
"meas.ssr_history_mgmt_expected_win_amt_diff","KEEP","Measure calculating ssr history mgmt expected win amt diff. Respects the current filter context.","Returns management expected win amount difference.","var _selected_item = SELECTEDVALUE(time_intelligence[filt_item])
			
			-- get the dates
			var curr_date = CALCULATE(MAX(cal_end_dates[Date])) // get the mgmt current end date
			var end_date = curr_date
			var end_date_sply = date(Year(end_date) -1,Month(end_date),day(end_date)) // get the yoy end date
			var start_year = Year(curr_date) 
			var start_qtr_month = (Quarter(curr_date) * 3) - 2  
			var start_month = Month(curr_date)
			var start_date_ytd = date(start_year,1,1)  
			var start_date_ytd_sply = date(start_year-1,1,1)
			var start_date_qtd = date(start_year,start_qtr_month ,1)  
			var start_date_qtd_sply = date(start_year -1,start_qtr_month,1)
			var start_date_mtd = date(start_year,start_month,1)  
			var start_date_mtd_sply = date(start_year -1,start_month,1)
			
			-- get data for overridden date periods but still contextual
			var mtd_delta =DIVIDE(
			    (
			      CALCULATE([meas.ssr_history_mgmt_expected_win_amt],cal_end_dates[Date] >=  start_date_mtd &&  cal_end_dates[Date] <= end_date) - CALCULATE([meas.ssr_history_mgmt_expected_win_amt],cal_end_dates[Date] >=  start_date_mtd_sply &&  cal_end_dates[Date] <= end_date_sply)
			    ),          // mtd calculation
			    CALCULATE([meas.ssr_history_mgmt_expected_win_amt],cal_end_dates[Date] >=  start_date_mtd_sply &&  cal_end_dates[Date] <= end_date_sply)
			)
			
			var qtd_delta =DIVIDE(
			    (
			      CALCULATE([meas.ssr_history_mgmt_expected_win_amt],cal_end_dates[Date] >=  start_date_qtd &&  cal_end_dates[Date] <= end_date) - CALCULATE([meas.ssr_history_mgmt_expected_win_amt],cal_end_dates[Date] >=  start_date_qtd_sply &&  cal_end_dates[Date] <= end_date_sply)
			    ),          // qtd calculation
			    CALCULATE([meas.ssr_history_mgmt_expected_win_amt],cal_end_dates[Date] >=  start_date_qtd_sply &&  cal_end_dates[Date] <= end_date_sply)
			)
			
			var ytd_delta =DIVIDE(
			    (
			      CALCULATE([meas.ssr_history_mgmt_expected_win_amt],cal_end_dates[Date] >=  start_date_ytd &&  cal_end_dates[Date] <= end_date) - CALCULATE([meas.ssr_history_mgmt_expected_win_amt],cal_end_dates[Date] >=  start_date_ytd_sply &&  cal_end_dates[Date] <= end_date_sply)
			    ),      // ytd calculation
			    CALCULATE([meas.ssr_history_mgmt_expected_win_amt],cal_end_dates[Date] >=  start_date_ytd_sply &&  cal_end_dates[Date] <= end_date_sply)
			)
			
			var res = IF(
			    _selected_item=""MTD"", 
			    mtd_delta,
			    IF(
			        _selected_item=""QTD"",
			        qtd_delta,
			        IF(
			            _selected_item=""YTD"",
			            ytd_delta
			        )
			    )
			)
			
			
			RETURN
			res"
"meas.ssr_history_mgmt_leads_gen_conv_rate","KEEP","Rate of ssr history mgmt leads gen conv rate. Respects the current filter context.","Returns the average management leads generation conv rate where step is Lead Gen, step Prospecting.","var lead_gen_tbl = CALCULATETABLE(
			    ssr_history,
			    ssr_history[step_name] = ""Lead Gen""
			)  // all the applicable lead gen steps 
			
			var lead_gen_tbl_prosp_conv_prob = ADDCOLUMNS(
			    lead_gen_tbl, 
			    ""prospecting_step_success_prob"", AVERAGEX(
			            filter(
			                All(
			                    ssr_history
			                ), 
			            [step_name] = ""Prospecting"" && [_sys_ssr_id] =  EARLIER([_sys_ssr_id])
			        ),
			        [step_success_prob]
			    )
			)  
			
			var res = AVERAGEX(lead_gen_tbl_prosp_conv_prob, [prospecting_step_success_prob]) // read the prospecting vale 
			
			RETURN 
			res+0"
"meas.ssr_history_mgmt_leads_gen_conv_rate_diff","KEEP","Rate of ssr history mgmt leads gen conv rate diff. Respects the current filter context.","Returns management leads generation conv rate difference.","var _selected_item = SELECTEDVALUE(time_intelligence[filt_item])
			
			-- get the dates
			var curr_date = CALCULATE(MAX(cal_end_dates[Date])) // get the mgmt current end date
			var end_date = curr_date
			var end_date_sply = date(Year(end_date) -1,Month(end_date),day(end_date)) // get the yoy end date
			var start_year = Year(curr_date) 
			var start_qtr_month = (Quarter(curr_date) * 3) - 2  
			var start_month = Month(curr_date)
			var start_date_ytd = date(start_year,1,1)  
			var start_date_ytd_sply = date(start_year-1,1,1)
			var start_date_qtd = date(start_year,start_qtr_month ,1)  
			var start_date_qtd_sply = date(start_year -1,start_qtr_month,1)
			var start_date_mtd = date(start_year,start_month,1)  
			var start_date_mtd_sply = date(start_year -1,start_month,1)
			
			-- get data for overridden date periods but still contextual
			var mtd_delta =DIVIDE(
			    (
			      CALCULATE([meas.ssr_history_mgmt_leads_gen_conv_rate],cal_end_dates[Date] >=  start_date_mtd &&  cal_end_dates[Date] <= end_date) - CALCULATE([meas.ssr_history_mgmt_leads_gen_conv_rate],cal_end_dates[Date] >=  start_date_mtd_sply &&  cal_end_dates[Date] <= end_date_sply)
			    ),          // mtd calculation
			    CALCULATE([meas.ssr_history_mgmt_leads_gen_conv_rate],cal_end_dates[Date] >=  start_date_mtd_sply &&  cal_end_dates[Date] <= end_date_sply)
			)
			
			var qtd_delta =DIVIDE(
			    (
			      CALCULATE([meas.ssr_history_mgmt_leads_gen_conv_rate],cal_end_dates[Date] >=  start_date_qtd &&  cal_end_dates[Date] <= end_date) - CALCULATE([meas.ssr_history_mgmt_leads_gen_conv_rate],cal_end_dates[Date] >=  start_date_qtd_sply &&  cal_end_dates[Date] <= end_date_sply)
			    ),          // qtd calculation
			    CALCULATE([meas.ssr_history_mgmt_leads_gen_conv_rate],cal_end_dates[Date] >=  start_date_qtd_sply &&  cal_end_dates[Date] <= end_date_sply)
			)
			
			var ytd_delta =DIVIDE(
			    (
			      CALCULATE([meas.ssr_history_mgmt_leads_gen_conv_rate],cal_end_dates[Date] >=  start_date_ytd &&  cal_end_dates[Date] <= end_date) - CALCULATE([meas.ssr_history_mgmt_leads_gen_conv_rate],cal_end_dates[Date] >=  start_date_ytd_sply &&  cal_end_dates[Date] <= end_date_sply)
			    ),      // ytd calculation
			    CALCULATE([meas.ssr_history_mgmt_leads_gen_conv_rate],cal_end_dates[Date] >=  start_date_ytd_sply &&  cal_end_dates[Date] <= end_date_sply)
			)
			
			var res = IF(
			    _selected_item=""MTD"", 
			    mtd_delta,
			    IF(
			        _selected_item=""QTD"",
			        qtd_delta,
			        IF(
			            _selected_item=""YTD"",
			            ytd_delta
			        )
			    )
			)
			
			
			RETURN
			res"
"meas.ssr_history_mgmt_leads_gen_count","KEEP","Count of ssr history mgmt leads gen count. Respects the current filter context.","Calculates the number of management leads generation count where step is Lead Gen.","-- apply  filters
			var filt_tbl = Filter(ssr_history, ssr_history[step_name] = ""Lead Gen"" )
			
			var res = COUNTROWS(filt_tbl)
			
			RETURN 
			res+0"
"meas.ssr_history_mgmt_leads_gen_count_diff","KEEP","Count of ssr history mgmt leads gen count diff. Respects the current filter context.","Returns management leads generation count difference.","var _selected_item = SELECTEDVALUE(time_intelligence[filt_item])
			
			-- get the dates
			var curr_date = CALCULATE(MAX(cal_end_dates[Date])) // get the mgmt current end date
			var end_date = curr_date
			var end_date_sply = date(Year(end_date) -1,Month(end_date),day(end_date)) // get the yoy end date
			var start_year = Year(curr_date) 
			var start_qtr_month = (Quarter(curr_date) * 3) - 2  
			var start_month = Month(curr_date)
			var start_date_ytd = date(start_year,1,1)  
			var start_date_ytd_sply = date(start_year-1,1,1)
			var start_date_qtd = date(start_year,start_qtr_month ,1)  
			var start_date_qtd_sply = date(start_year -1,start_qtr_month,1)
			var start_date_mtd = date(start_year,start_month,1)  
			var start_date_mtd_sply = date(start_year -1,start_month,1)
			
			-- get data for overridden date periods but still contextual
			var mtd_delta =DIVIDE(
			    (
			      CALCULATE([meas.ssr_history_mgmt_leads_gen_count],cal_end_dates[Date] >=  start_date_mtd &&  cal_end_dates[Date] <= end_date) - CALCULATE([meas.ssr_history_mgmt_leads_gen_count],cal_end_dates[Date] >=  start_date_mtd_sply &&  cal_end_dates[Date] <= end_date_sply)
			    ),          // mtd calculation
			    CALCULATE([meas.ssr_history_mgmt_leads_gen_count],cal_end_dates[Date] >=  start_date_mtd_sply &&  cal_end_dates[Date] <= end_date_sply)
			)
			
			var qtd_delta =DIVIDE(
			    (
			      CALCULATE([meas.ssr_history_mgmt_leads_gen_count],cal_end_dates[Date] >=  start_date_qtd &&  cal_end_dates[Date] <= end_date) - CALCULATE([meas.ssr_history_mgmt_leads_gen_count],cal_end_dates[Date] >=  start_date_qtd_sply &&  cal_end_dates[Date] <= end_date_sply)
			    ),          // qtd calculation
			    CALCULATE([meas.ssr_history_mgmt_leads_gen_count],cal_end_dates[Date] >=  start_date_qtd_sply &&  cal_end_dates[Date] <= end_date_sply)
			)
			
			var ytd_delta =DIVIDE(
			    (
			      CALCULATE([meas.ssr_history_mgmt_leads_gen_count],cal_end_dates[Date] >=  start_date_ytd &&  cal_end_dates[Date] <= end_date) - CALCULATE([meas.ssr_history_mgmt_leads_gen_count],cal_end_dates[Date] >=  start_date_ytd_sply &&  cal_end_dates[Date] <= end_date_sply)
			    ),      // ytd calculation
			    CALCULATE([meas.ssr_history_mgmt_leads_gen_count],cal_end_dates[Date] >=  start_date_ytd_sply &&  cal_end_dates[Date] <= end_date_sply)
			)
			
			var res = IF(
			    _selected_item=""MTD"", 
			    mtd_delta,
			    IF(
			        _selected_item=""QTD"",
			        qtd_delta,
			        IF(
			            _selected_item=""YTD"",
			            ytd_delta
			        )
			    )
			)
			
			
			RETURN
			res"
"meas.ssr_history_mgmt_leads_gen_time","KEEP","Measure calculating ssr history mgmt leads gen time. Respects the current filter context.","Returns the average management leads generation time where step is Lead Gen.","-- get data for overridden date periods but still contextual
			var dates_tbl =  CALCULATETABLE(
			    ssr , 
			    ssr_history[step_name]=""Lead Gen""
			)
			
			var res = CALCULATE(
			    AVERAGEX(
			        dates_tbl,
			        ssr[col.trueai_time_to_touch_days]      // get the avg days of of first touch
			    )
			)
			
			RETURN 
			res+0"
"meas.ssr_history_mgmt_leads_gen_time_diff","KEEP","Measure calculating ssr history mgmt leads gen time diff. Respects the current filter context.","Returns management leads generation time difference.","var _selected_item = SELECTEDVALUE(time_intelligence[filt_item])
			
			-- get the dates
			var curr_date = CALCULATE(MAX(cal_end_dates[Date])) // get the mgmt current end date
			var end_date = curr_date
			var end_date_sply = date(Year(end_date) -1,Month(end_date),day(end_date)) // get the yoy end date
			var start_year = Year(curr_date) 
			var start_qtr_month = (Quarter(curr_date) * 3) - 2  
			var start_month = Month(curr_date)
			var start_date_ytd = date(start_year,1,1)  
			var start_date_ytd_sply = date(start_year-1,1,1)
			var start_date_qtd = date(start_year,start_qtr_month ,1)  
			var start_date_qtd_sply = date(start_year -1,start_qtr_month,1)
			var start_date_mtd = date(start_year,start_month,1)  
			var start_date_mtd_sply = date(start_year -1,start_month,1)
			
			-- get data for overridden date periods but still contextual
			var mtd_delta =DIVIDE(
			    (
			      CALCULATE([meas.ssr_history_mgmt_leads_gen_time],cal_end_dates[Date] >=  start_date_mtd &&  cal_end_dates[Date] <= end_date) - CALCULATE([meas.ssr_history_mgmt_leads_gen_time],cal_end_dates[Date] >=  start_date_mtd_sply &&  cal_end_dates[Date] <= end_date_sply)
			    ),          // mtd calculation
			    CALCULATE([meas.ssr_history_mgmt_leads_gen_time],cal_end_dates[Date] >=  start_date_mtd_sply &&  cal_end_dates[Date] <= end_date_sply)
			)
			
			var qtd_delta =DIVIDE(
			    (
			      CALCULATE([meas.ssr_history_mgmt_leads_gen_time],cal_end_dates[Date] >=  start_date_qtd &&  cal_end_dates[Date] <= end_date) - CALCULATE([meas.ssr_history_mgmt_leads_gen_time],cal_end_dates[Date] >=  start_date_qtd_sply &&  cal_end_dates[Date] <= end_date_sply)
			    ),          // qtd calculation
			    CALCULATE([meas.ssr_history_mgmt_leads_gen_time],cal_end_dates[Date] >=  start_date_qtd_sply &&  cal_end_dates[Date] <= end_date_sply)
			)
			
			var ytd_delta =DIVIDE(
			    (
			      CALCULATE([meas.ssr_history_mgmt_leads_gen_time],cal_end_dates[Date] >=  start_date_ytd &&  cal_end_dates[Date] <= end_date) - CALCULATE([meas.ssr_history_mgmt_leads_gen_time],cal_end_dates[Date] >=  start_date_ytd_sply &&  cal_end_dates[Date] <= end_date_sply)
			    ),      // ytd calculation
			    CALCULATE([meas.ssr_history_mgmt_leads_gen_time],cal_end_dates[Date] >=  start_date_ytd_sply &&  cal_end_dates[Date] <= end_date_sply)
			)
			
			var res = IF(
			    _selected_item=""MTD"", 
			    mtd_delta,
			    IF(
			        _selected_item=""QTD"",
			        qtd_delta,
			        IF(
			            _selected_item=""YTD"",
			            ytd_delta
			        )
			    )
			)
			
			
			RETURN
			res"
"meas.ssr_history_mgmt_pipeline_amt","KEEP","Measure calculating ssr history mgmt pipeline amt. Respects the current filter context.","Summarizes management pipeline amount where step is Prospecting or Post-Sales Support, successful records.","var reps = CALCULATE(
			    [meas.ssr_history_reps]
			)
			
			var _total_pipeline_amt = CALCULATE(
			    SUM(
			        ssr_history[opp_pipeline_amt]
			    ),              // getbthe pipeline amt for specified step name 
			    ssr_history[step_success] = true && ssr_history[step_name] in{""Prospecting"", ""Post-Sales Support""}
			)
			
			var res = DIVIDE(_total_pipeline_amt, reps)
			
			RETURN
			res"
"meas.ssr_history_mgmt_pipeline_amt_diff","KEEP","Measure calculating ssr history mgmt pipeline amt diff. Respects the current filter context.","Returns management pipeline amount difference.","var _selected_item = SELECTEDVALUE(time_intelligence[filt_item])
			
			-- get the dates
			var curr_date = CALCULATE(MAX(cal_end_dates[Date])) // get the mgmt current end date
			var end_date = curr_date
			var end_date_sply = date(Year(end_date) -1,Month(end_date),day(end_date)) // get the yoy end date
			var start_year = Year(curr_date) 
			var start_qtr_month = (Quarter(curr_date) * 3) - 2  
			var start_month = Month(curr_date)
			var start_date_ytd = date(start_year,1,1)  
			var start_date_ytd_sply = date(start_year-1,1,1)
			var start_date_qtd = date(start_year,start_qtr_month ,1)  
			var start_date_qtd_sply = date(start_year -1,start_qtr_month,1)
			var start_date_mtd = date(start_year,start_month,1)  
			var start_date_mtd_sply = date(start_year -1,start_month,1)
			
			-- get data for overridden date periods but still contextual
			var mtd_delta =DIVIDE(
			    (
			      CALCULATE([meas.ssr_history_mgmt_pipeline_amt],cal_end_dates[Date] >=  start_date_mtd &&  cal_end_dates[Date] <= end_date) - CALCULATE([meas.ssr_history_mgmt_pipeline_amt],cal_end_dates[Date] >=  start_date_mtd_sply &&  cal_end_dates[Date] <= end_date_sply)
			    ),          // mtd calculation
			    CALCULATE([meas.ssr_history_mgmt_pipeline_amt],cal_end_dates[Date] >=  start_date_mtd_sply &&  cal_end_dates[Date] <= end_date_sply)
			)
			
			var qtd_delta =DIVIDE(
			    (
			      CALCULATE([meas.ssr_history_mgmt_pipeline_amt],cal_end_dates[Date] >=  start_date_qtd &&  cal_end_dates[Date] <= end_date) - CALCULATE([meas.ssr_history_mgmt_pipeline_amt],cal_end_dates[Date] >=  start_date_qtd_sply &&  cal_end_dates[Date] <= end_date_sply)
			    ),          // qtd calculation
			    CALCULATE([meas.ssr_history_mgmt_pipeline_amt],cal_end_dates[Date] >=  start_date_qtd_sply &&  cal_end_dates[Date] <= end_date_sply)
			)
			
			var ytd_delta =DIVIDE(
			    (
			      CALCULATE([meas.ssr_history_mgmt_pipeline_amt],cal_end_dates[Date] >=  start_date_ytd &&  cal_end_dates[Date] <= end_date) - CALCULATE([meas.ssr_history_mgmt_pipeline_amt],cal_end_dates[Date] >=  start_date_ytd_sply &&  cal_end_dates[Date] <= end_date_sply)
			    ),      // ytd calculation
			    CALCULATE([meas.ssr_history_mgmt_pipeline_amt],cal_end_dates[Date] >=  start_date_ytd_sply &&  cal_end_dates[Date] <= end_date_sply)
			)
			
			var res = IF(
			    _selected_item=""MTD"", 
			    mtd_delta,
			    IF(
			        _selected_item=""QTD"",
			        qtd_delta,
			        IF(
			            _selected_item=""YTD"",
			            ytd_delta
			        )
			    )
			)
			
			
			RETURN
			res"
"meas.ssr_history_mgmt_pipeline_avg_amt","KEEP","Average of ssr history mgmt pipeline avg amt. Respects the current filter context.","Returns the average management pipeline average amount where step is Prospecting or Post-Sales Support, successful records.","-- apply  filters
			var filt_tbl = Filter(ssr_history,  ssr_history[step_success] = true && ssr_history[step_name] in {""Prospecting"", ""Post-Sales Support""} )
			
			-- do the agg 
			var res = AVERAGEX(filt_tbl, ssr_history[opp_pipeline_amt]) + 0
			
			return res"
"meas.ssr_history_mgmt_pipeline_avg_amt_diff","KEEP","Average of ssr history mgmt pipeline avg amt diff. Respects the current filter context.","Returns management pipeline average amount difference.","var _selected_item = SELECTEDVALUE(time_intelligence[filt_item])
			
			-- get the dates
			var curr_date = CALCULATE(MAX(cal_end_dates[Date])) // get the mgmt current end date
			var end_date = curr_date
			var end_date_sply = date(Year(end_date) -1,Month(end_date),day(end_date)) // get the yoy end date
			var start_year = Year(curr_date) 
			var start_qtr_month = (Quarter(curr_date) * 3) - 2  
			var start_month = Month(curr_date)
			var start_date_ytd = date(start_year,1,1)  
			var start_date_ytd_sply = date(start_year-1,1,1)
			var start_date_qtd = date(start_year,start_qtr_month ,1)  
			var start_date_qtd_sply = date(start_year -1,start_qtr_month,1)
			var start_date_mtd = date(start_year,start_month,1)  
			var start_date_mtd_sply = date(start_year -1,start_month,1)
			
			-- get data for overridden date periods but still contextual
			var mtd_delta =DIVIDE(
			    (
			      CALCULATE([meas.ssr_history_mgmt_pipeline_avg_amt],cal_end_dates[Date] >=  start_date_mtd &&  cal_end_dates[Date] <= end_date) - CALCULATE([meas.ssr_history_mgmt_pipeline_avg_amt],cal_end_dates[Date] >=  start_date_mtd_sply &&  cal_end_dates[Date] <= end_date_sply)
			    ),          // mtd calculation
			    CALCULATE([meas.ssr_history_mgmt_pipeline_avg_amt],cal_end_dates[Date] >=  start_date_mtd_sply &&  cal_end_dates[Date] <= end_date_sply)
			)
			
			var qtd_delta =DIVIDE(
			    (
			      CALCULATE([meas.ssr_history_mgmt_pipeline_avg_amt],cal_end_dates[Date] >=  start_date_qtd &&  cal_end_dates[Date] <= end_date) - CALCULATE([meas.ssr_history_mgmt_pipeline_avg_amt],cal_end_dates[Date] >=  start_date_qtd_sply &&  cal_end_dates[Date] <= end_date_sply)
			    ),          // qtd calculation
			    CALCULATE([meas.ssr_history_mgmt_pipeline_avg_amt],cal_end_dates[Date] >=  start_date_qtd_sply &&  cal_end_dates[Date] <= end_date_sply)
			)
			
			var ytd_delta =DIVIDE(
			    (
			      CALCULATE([meas.ssr_history_mgmt_pipeline_avg_amt],cal_end_dates[Date] >=  start_date_ytd &&  cal_end_dates[Date] <= end_date) - CALCULATE([meas.ssr_history_mgmt_pipeline_avg_amt],cal_end_dates[Date] >=  start_date_ytd_sply &&  cal_end_dates[Date] <= end_date_sply)
			    ),      // ytd calculation
			    CALCULATE([meas.ssr_history_mgmt_pipeline_avg_amt],cal_end_dates[Date] >=  start_date_ytd_sply &&  cal_end_dates[Date] <= end_date_sply)
			)
			
			var res = IF(
			    _selected_item=""MTD"", 
			    mtd_delta,
			    IF(
			        _selected_item=""QTD"",
			        qtd_delta,
			        IF(
			            _selected_item=""YTD"",
			            ytd_delta
			        )
			    )
			)
			
			
			RETURN
			res"
"meas.ssr_history_mgmt_pipeline_avg_win_prob","KEEP","Average of ssr history mgmt pipeline avg win prob. Respects the current filter context.","Returns the average management pipeline average win probability where step is Prospecting or Post-Sales Support, successful records.","-- apply  filters
			var filt_tbl = Filter(ssr_history,  ssr_history[step_success] = true && ssr_history[step_name] in {""Prospecting"", ""Post-Sales Support""} )
			
			-- do the agg 
			var res = AVERAGEX(filt_tbl, ssr_history[step_next_success_prob]) + 0
			
			return res"
"meas.ssr_history_mgmt_pipeline_avg_win_prob_diff","KEEP","Average of ssr history mgmt pipeline avg win prob diff. Respects the current filter context.","Returns management pipeline average win probability difference.","var _selected_item = SELECTEDVALUE(time_intelligence[filt_item])
			
			-- get the dates
			var curr_date = CALCULATE(MAX(cal_end_dates[Date])) // get the mgmt current end date
			var end_date = curr_date
			var end_date_sply = date(Year(end_date) -1,Month(end_date),day(end_date)) // get the yoy end date
			var start_year = Year(curr_date) 
			var start_qtr_month = (Quarter(curr_date) * 3) - 2  
			var start_month = Month(curr_date)
			var start_date_ytd = date(start_year,1,1)  
			var start_date_ytd_sply = date(start_year-1,1,1)
			var start_date_qtd = date(start_year,start_qtr_month ,1)  
			var start_date_qtd_sply = date(start_year -1,start_qtr_month,1)
			var start_date_mtd = date(start_year,start_month,1)  
			var start_date_mtd_sply = date(start_year -1,start_month,1)
			
			-- get data for overridden date periods but still contextual
			var mtd_delta =DIVIDE(
			    (
			      CALCULATE([meas.ssr_history_mgmt_pipeline_avg_win_prob],cal_end_dates[Date] >=  start_date_mtd &&  cal_end_dates[Date] <= end_date) - CALCULATE([meas.ssr_history_mgmt_pipeline_avg_win_prob],cal_end_dates[Date] >=  start_date_mtd_sply &&  cal_end_dates[Date] <= end_date_sply)
			    ),          // mtd calculation
			    CALCULATE([meas.ssr_history_mgmt_pipeline_avg_win_prob],cal_end_dates[Date] >=  start_date_mtd_sply &&  cal_end_dates[Date] <= end_date_sply)
			)
			
			var qtd_delta =DIVIDE(
			    (
			      CALCULATE([meas.ssr_history_mgmt_pipeline_avg_win_prob],cal_end_dates[Date] >=  start_date_qtd &&  cal_end_dates[Date] <= end_date) - CALCULATE([meas.ssr_history_mgmt_pipeline_avg_win_prob],cal_end_dates[Date] >=  start_date_qtd_sply &&  cal_end_dates[Date] <= end_date_sply)
			    ),          // qtd calculation
			    CALCULATE([meas.ssr_history_mgmt_pipeline_avg_win_prob],cal_end_dates[Date] >=  start_date_qtd_sply &&  cal_end_dates[Date] <= end_date_sply)
			)
			
			var ytd_delta =DIVIDE(
			    (
			      CALCULATE([meas.ssr_history_mgmt_pipeline_avg_win_prob],cal_end_dates[Date] >=  start_date_ytd &&  cal_end_dates[Date] <= end_date) - CALCULATE([meas.ssr_history_mgmt_pipeline_avg_win_prob],cal_end_dates[Date] >=  start_date_ytd_sply &&  cal_end_dates[Date] <= end_date_sply)
			    ),      // ytd calculation
			    CALCULATE([meas.ssr_history_mgmt_pipeline_avg_win_prob],cal_end_dates[Date] >=  start_date_ytd_sply &&  cal_end_dates[Date] <= end_date_sply)
			)
			
			var res = IF(
			    _selected_item=""MTD"", 
			    mtd_delta,
			    IF(
			        _selected_item=""QTD"",
			        qtd_delta,
			        IF(
			            _selected_item=""YTD"",
			            ytd_delta
			        )
			    )
			)
			
			
			RETURN
			res"
"meas.ssr_history_mgmt_pipeline_count","KEEP","Count of ssr history mgmt pipeline count. Respects the current filter context.","Returns management pipeline count where step is Prospecting or Post-Sales Support, successful records.","-- apply filters
			var filt_tbl = Filter(ssr_history,  ssr_history[step_success] = true && ssr_history[step_name] in {""Prospecting"", ""Post-Sales Support""} )
			
			-- do the agg 
			var res = COUNTX(filt_tbl, ssr_history[_sys_doc_id]) +0
			
			RETURN
			res"
"meas.ssr_history_mgmt_pipeline_count_diff","KEEP","Count of ssr history mgmt pipeline count diff. Respects the current filter context.","Returns management pipeline count difference.","var _selected_item = SELECTEDVALUE(time_intelligence[filt_item])
			
			-- get the dates
			var curr_date = CALCULATE(MAX(cal_end_dates[Date])) // get the mgmt current end date
			var end_date = curr_date
			var end_date_sply = date(Year(end_date) -1,Month(end_date),day(end_date)) // get the yoy end date
			var start_year = Year(curr_date) 
			var start_qtr_month = (Quarter(curr_date) * 3) - 2  
			var start_month = Month(curr_date)
			var start_date_ytd = date(start_year,1,1)  
			var start_date_ytd_sply = date(start_year-1,1,1)
			var start_date_qtd = date(start_year,start_qtr_month ,1)  
			var start_date_qtd_sply = date(start_year -1,start_qtr_month,1)
			var start_date_mtd = date(start_year,start_month,1)  
			var start_date_mtd_sply = date(start_year -1,start_month,1)
			
			-- get data for overridden date periods but still contextual
			var mtd_delta =DIVIDE(
			    (
			      CALCULATE([meas.ssr_history_mgmt_pipeline_count],cal_end_dates[Date] >=  start_date_mtd &&  cal_end_dates[Date] <= end_date) - CALCULATE([meas.ssr_history_mgmt_pipeline_count],cal_end_dates[Date] >=  start_date_mtd_sply &&  cal_end_dates[Date] <= end_date_sply)
			    ),          // mtd calculation
			    CALCULATE([meas.ssr_history_mgmt_pipeline_count],cal_end_dates[Date] >=  start_date_mtd_sply &&  cal_end_dates[Date] <= end_date_sply)
			)
			
			var qtd_delta =DIVIDE(
			    (
			      CALCULATE([meas.ssr_history_mgmt_pipeline_count],cal_end_dates[Date] >=  start_date_qtd &&  cal_end_dates[Date] <= end_date) - CALCULATE([meas.ssr_history_mgmt_pipeline_count],cal_end_dates[Date] >=  start_date_qtd_sply &&  cal_end_dates[Date] <= end_date_sply)
			    ),          // qtd calculation
			    CALCULATE([meas.ssr_history_mgmt_pipeline_count],cal_end_dates[Date] >=  start_date_qtd_sply &&  cal_end_dates[Date] <= end_date_sply)
			)
			
			var ytd_delta =DIVIDE(
			    (
			      CALCULATE([meas.ssr_history_mgmt_pipeline_count],cal_end_dates[Date] >=  start_date_ytd &&  cal_end_dates[Date] <= end_date) - CALCULATE([meas.ssr_history_mgmt_pipeline_count],cal_end_dates[Date] >=  start_date_ytd_sply &&  cal_end_dates[Date] <= end_date_sply)
			    ),      // ytd calculation
			    CALCULATE([meas.ssr_history_mgmt_pipeline_count],cal_end_dates[Date] >=  start_date_ytd_sply &&  cal_end_dates[Date] <= end_date_sply)
			)
			
			var res = IF(
			    _selected_item=""MTD"", 
			    mtd_delta,
			    IF(
			        _selected_item=""QTD"",
			        qtd_delta,
			        IF(
			            _selected_item=""YTD"",
			            ytd_delta
			        )
			    )
			)
			
			
			RETURN
			res"
"meas.ssr_history_mgmt_rpt_avg_won_amt_per_rep","KEEP","Average of ssr history mgmt rpt avg won amt per rep. Respects the current filter context.","Returns management rpt average won amount per rep where step is New Logo Selling or Existing Customer Selling, successful records.","var reps = [meas.ssr_history_reps]
			
			-- apply filters  for New Logo Selling and Existing Customer Selling
			var filt_tbl = Filter(ssr_history,  ssr_history[step_success] = true && ssr_history[step_name] in {""New Logo Selling"", ""Existing Customer Selling""} )
			
			-- do the agg 
			var total_amt = SUMX(filt_tbl, ssr_history[opp_won_amt]) +0             // get the sum of opp_pipeline_amt
			
			var res = DIVIDE(total_amt, reps, 0)
			
			RETURN
			res"
"meas.ssr_history_mgmt_rpt_leads_gen_conv_rate","KEEP","Rate of ssr history mgmt rpt leads gen conv rate. Respects the current filter context.","Returns the average management rpt leads generation conv rate where step is Prospecting.","var _min_date = [meas.context_date_min]
			var _max_date = [meas.context_date_max]
			
			-- get data for overridden date periods but still contextual
			var dates_tbl =  CALCULATETABLE(ssr_history , cal_end_dates[Date] >=  _min_date &&  cal_end_dates[Date] <= _max_date)
			
			-- apply addl. filters
			var filt_tbl = Filter(dates_tbl, ssr_history[step_name] = ""Prospecting"" )
			
			var res =   AVERAGEX(filt_tbl, [step_success_prob]) // do the agg opes 
			
			RETURN 
			res+0"
"meas.ssr_history_mgmt_rpt_leads_gen_count","KEEP","Count of ssr history mgmt rpt leads gen count. Respects the current filter context.","Calculates the number of management rpt leads generation count where step is Lead Gen.","var _min_date = [meas.context_date_min]
			var _max_date = [meas.context_date_max]
			
			-- get data for overridden date periods but still contextual
			var dates_tbl =  CALCULATETABLE(ssr_history , cal_end_dates[Date] >=  _min_date &&  cal_end_dates[Date] <= _max_date)
			
			-- apply addl. filters
			var filt_tbl = Filter(dates_tbl, ssr_history[step_name] = ""Lead Gen"" )
			
			var res =   COUNTROWS(filt_tbl) // 
			
			RETURN 
			res"
"meas.ssr_history_mgmt_rpt_next_step_bucket","KEEP","Measure calculating ssr history mgmt rpt next step bucket. Respects the current filter context.","Helper measure used for internal calculations, dynamic formatting, or visual behavior.","-- get the dates
			var curr_date = CALCULATE(MAX(cal_end_dates[Date])) // get the mgmt current end date
			var end_date = curr_date
			var end_date_sply = date(Year(end_date) -1,Month(end_date),day(end_date)) // get the yoy end date
			var start_year = Year(curr_date) 
			var start_qtr_month = (Quarter(curr_date) * 3) - 2  
			var start_month = Month(curr_date)
			var start_date_ytd = date(start_year,1,1)  
			var start_date_ytd_sply = date(start_year-1,1,1)  
			var start_date_qtd = date(start_year,start_qtr_month ,1)  
			var start_date_qtd_sply = date(start_year -1,start_qtr_month,1)  
			var start_date_mtd = date(start_year,start_month,1)  
			var start_date_mtd_sply = date(start_year -1,start_month,1)  
			
			
			-- get data for overridden date periods but still contextual
			var dates_tbl =  CALCULATETABLE(ssr_history , cal_end_dates[Date] >=  start_date_ytd &&  cal_end_dates[Date] <= end_date)
			
			-- apply addl. filters
			var filt_tbl = Filter(dates_tbl,  ssr_history[step_success] = true )
			
			-- do the agg 
			var res = AVERAGEX(ssr_history, ssr_history[step_next_success_prob]) + 0
			
			return res"
"meas.ssr_history_mgmt_rpt_pipeline_amt_mtd","KEEP","Measure calculating ssr history mgmt rpt pipeline amt mtd. Respects the current filter context.","Returns management rpt pipeline amount month-to-date where step is Prospecting or Post-Sales Support, successful records.","-- get the dates
			var curr_date = CALCULATE(MAX(cal_end_dates[Date])) // get the mgmt current end date
			var end_date = curr_date
			var end_date_sply = date(Year(end_date) -1,Month(end_date),day(end_date)) // get the yoy end date
			var start_year = Year(curr_date) 
			var start_qtr_month = (Quarter(curr_date) * 3) - 2  
			var start_month = Month(curr_date)
			var start_date_ytd = date(start_year,1,1)  
			var start_date_ytd_sply = date(start_year-1,1,1)  
			var start_date_qtd = date(start_year,start_qtr_month ,1)  
			var start_date_qtd_sply = date(start_year -1,start_qtr_month,1)  
			var start_date_mtd = date(start_year,start_month,1)  
			var start_date_mtd_sply = date(start_year -1,start_month,1)  
			
			
			-- get data for overridden date periods but still contextual
			var dates_tbl =  CALCULATETABLE(ssr_history , cal_end_dates[Date] >=  start_date_mtd &&  cal_end_dates[Date] <= end_date)
			
			-- apply addl. filters
			var filt_tbl = Filter(dates_tbl,  ssr_history[step_success] = true && ssr_history[step_name] in {""Prospecting"", ""Post-Sales Support""} )
			
			-- do the agg 
			var res = SUMX(filt_tbl, ssr_history[opp_pipeline_amt]) +0
			
			RETURN
			res"
"meas.ssr_history_mgmt_rpt_pipeline_amt_mtd_sply","KEEP","Measure calculating ssr history mgmt rpt pipeline amt mtd sply. Respects the current filter context.","Returns management rpt pipeline amount month-to-date same period last year where step is Prospecting or Post-Sales Support, successful records.","-- get the dates
			var curr_date = CALCULATE(MAX(cal_end_dates[Date])) // get the mgmt current end date
			var end_date = curr_date
			var end_date_sply = date(Year(end_date) -1,Month(end_date),day(end_date)) // get the yoy end date
			var start_year = Year(curr_date) 
			var start_qtr_month = (Quarter(curr_date) * 3) - 2  
			var start_month = Month(curr_date)
			var start_date_ytd = date(start_year,1,1)  
			var start_date_ytd_sply = date(start_year-1,1,1)  
			var start_date_qtd = date(start_year,start_qtr_month ,1)  
			var start_date_qtd_sply = date(start_year -1,start_qtr_month,1)  
			var start_date_mtd = date(start_year,start_month,1)  
			var start_date_mtd_sply = date(start_year -1,start_month,1)  
			
			
			-- get data for overridden date periods but still contextual
			var dates_tbl =  CALCULATETABLE(ssr_history , cal_end_dates[Date] >=  start_date_mtd_sply &&  cal_end_dates[Date] <= end_date_sply)
			
			-- apply addl. filters
			var filt_tbl = Filter(dates_tbl,  ssr_history[step_success] = true && ssr_history[step_name] in {""Prospecting"", ""Post-Sales Support""} )
			
			-- do the agg 
			var res = SUMX(filt_tbl, ssr_history[opp_pipeline_amt]) +0
			
			return res"
"meas.ssr_history_mgmt_rpt_pipeline_amt_mtd_sply_diff","KEEP","Measure calculating ssr history mgmt rpt pipeline amt mtd sply diff. Respects the current filter context.","Calculates management rpt pipeline amount month-to-date same period last year difference in the current reporting context.",""
"meas.ssr_history_mgmt_rpt_pipeline_amt_qtd","KEEP","Measure calculating ssr history mgmt rpt pipeline amt qtd. Respects the current filter context.","Returns management rpt pipeline amount quarter-to-date where step is Prospecting or Post-Sales Support, successful records.","-- get the dates
			var curr_date = CALCULATE(MAX(cal_end_dates[Date])) // get the mgmt current end date
			var end_date = curr_date
			var end_date_sply = date(Year(end_date) -1,Month(end_date),day(end_date)) // get the yoy end date
			var start_year = Year(curr_date) 
			var start_qtr_month = (Quarter(curr_date) * 3) - 2  
			var start_month = Month(curr_date)
			var start_date_ytd = date(start_year,1,1)  
			var start_date_ytd_sply = date(start_year-1,1,1)  
			var start_date_qtd = date(start_year,start_qtr_month ,1)  
			var start_date_qtd_sply = date(start_year -1,start_qtr_month,1)  
			var start_date_mtd = date(start_year,start_month,1)  
			var start_date_mtd_sply = date(start_year -1,start_month,1)  
			
			
			-- get data for overridden date periods but still contextual
			var dates_tbl =  CALCULATETABLE(ssr_history , cal_end_dates[Date] >=  start_date_qtd &&  cal_end_dates[Date] <= end_date)
			
			-- apply addl. filters
			var filt_tbl = Filter(dates_tbl,  ssr_history[step_success] = true && ssr_history[step_name] in {""Prospecting"", ""Post-Sales Support""} )
			
			-- do the agg 
			var res = SUMX(filt_tbl, ssr_history[opp_pipeline_amt]) +0
			
			RETURN
			res"
"meas.ssr_history_mgmt_rpt_pipeline_amt_qtd_sply","KEEP","Measure calculating ssr history mgmt rpt pipeline amt qtd sply. Respects the current filter context.","Returns management rpt pipeline amount quarter-to-date same period last year where step is Prospecting or Post-Sales Support, successful records.","-- get the dates
			var curr_date = CALCULATE(MAX(cal_end_dates[Date])) // get the mgmt current end date
			var end_date = curr_date
			var end_date_sply = date(Year(end_date) -1,Month(end_date),day(end_date)) // get the yoy end date
			var start_year = Year(curr_date) 
			var start_qtr_month = (Quarter(curr_date) * 3) - 2  
			var start_month = Month(curr_date)
			var start_date_ytd = date(start_year,1,1)  
			var start_date_ytd_sply = date(start_year-1,1,1)  
			var start_date_qtd = date(start_year,start_qtr_month ,1)  
			var start_date_qtd_sply = date(start_year -1,start_qtr_month,1)  
			var start_date_mtd = date(start_year,start_month,1)  
			var start_date_mtd_sply = date(start_year -1,start_month,1)  
			
			
			-- get data for overridden date periods but still contextual
			var dates_tbl =  CALCULATETABLE(ssr_history , cal_end_dates[Date] >=  start_date_qtd_sply &&  cal_end_dates[Date] <= end_date_sply)
			
			-- apply addl. filters
			var filt_tbl = Filter(dates_tbl,  ssr_history[step_success] = true && ssr_history[step_name] in {""Prospecting"", ""Post-Sales Support""} )
			
			-- do the agg 
			var res = SUMX(filt_tbl, ssr_history[opp_pipeline_amt]) +0
			
			return res"
"meas.ssr_history_mgmt_rpt_pipeline_amt_qtd_sply_diff","KEEP","Measure calculating ssr history mgmt rpt pipeline amt qtd sply diff. Respects the current filter context.","Returns management rpt pipeline amount quarter-to-date same period last year difference.","var res =DIVIDE ([meas.ssr_history_mgmt_rpt_pipeline_amt_qtd]  - [meas.ssr_history_mgmt_rpt_pipeline_amt_qtd_sply], [meas.ssr_history_mgmt_rpt_pipeline_amt_qtd])
			return res"
"meas.ssr_history_mgmt_rpt_pipeline_amt_ytd","KEEP","Measure calculating ssr history mgmt rpt pipeline amt ytd. Respects the current filter context.","Returns management rpt pipeline amount year-to-date where step is Prospecting or Post-Sales Support, successful records.","-- get the dates
			var curr_date = CALCULATE(MAX(cal_end_dates[Date])) // get the mgmt current end date
			var end_date = curr_date
			var end_date_sply = date(Year(end_date) -1,Month(end_date),day(end_date)) // get the yoy end date
			var start_year = Year(curr_date) 
			var start_qtr_month = (Quarter(curr_date) * 3) - 2  
			var start_month = Month(curr_date)
			var start_date_ytd = date(start_year,1,1)  
			var start_date_ytd_sply = date(start_year-1,1,1)  
			var start_date_qtd = date(start_year,start_qtr_month ,1)  
			var start_date_qtd_sply = date(start_year -1,start_qtr_month,1)  
			var start_date_mtd = date(start_year,start_month,1)  
			var start_date_mtd_sply = date(start_year -1,start_month,1)  
			
			
			-- get data for overridden date periods but still contextual
			var dates_tbl =  CALCULATETABLE(ssr_history , cal_end_dates[Date] >=  start_date_ytd &&  cal_end_dates[Date] <= end_date)
			
			-- apply addl. filters
			var filt_tbl = Filter(dates_tbl,  ssr_history[step_success] = true && ssr_history[step_name] in {""Prospecting"", ""Post-Sales Support""} )
			
			-- do the agg 
			var res = SUMX(filt_tbl, ssr_history[opp_pipeline_amt]) +0
			
			RETURN
			res"
"meas.ssr_history_mgmt_rpt_pipeline_amt_ytd_sply","KEEP","Measure calculating ssr history mgmt rpt pipeline amt ytd sply. Respects the current filter context.","Returns management rpt pipeline amount year-to-date same period last year where step is Prospecting or Post-Sales Support, successful records.","-- get the dates
			var curr_date = CALCULATE(MAX(cal_end_dates[Date])) // get the mgmt current end date
			var end_date = curr_date
			var end_date_sply = date(Year(end_date) -1,Month(end_date),day(end_date)) // get the yoy end date
			var start_year = Year(curr_date) 
			var start_qtr_month = (Quarter(curr_date) * 3) - 2  
			var start_month = Month(curr_date)
			var start_date_ytd = date(start_year,1,1)  
			var start_date_ytd_sply = date(start_year-1,1,1)  
			var start_date_qtd = date(start_year,start_qtr_month ,1)  
			var start_date_qtd_sply = date(start_year -1,start_qtr_month,1)  
			var start_date_mtd = date(start_year,start_month,1)  
			var start_date_mtd_sply = date(start_year -1,start_month,1)  
			
			
			-- get data for overridden date periods but still contextual
			var dates_tbl =  CALCULATETABLE(ssr_history , cal_end_dates[Date] >=  start_date_ytd_sply &&  cal_end_dates[Date] <= end_date_sply)
			
			-- apply addl. filters
			var filt_tbl = Filter(dates_tbl,  ssr_history[step_success] = true && ssr_history[step_name] in {""Prospecting"", ""Post-Sales Support""} )
			
			-- do the agg 
			var res = SUMX(filt_tbl, ssr_history[opp_pipeline_amt]) +0
			
			return res"
"meas.ssr_history_mgmt_rpt_pipeline_amt_ytd_sply_diff","KEEP","Measure calculating ssr history mgmt rpt pipeline amt ytd sply diff. Respects the current filter context.","Returns management rpt pipeline amount year-to-date same period last year difference.","var res =DIVIDE ([meas.ssr_history_mgmt_rpt_pipeline_amt_ytd]  - [meas.ssr_history_mgmt_rpt_pipeline_amt_ytd_sply], [meas.ssr_history_mgmt_rpt_pipeline_amt_ytd])
			return res"
"meas.ssr_history_mgmt_rpt_won_amt_mtd","KEEP","Measure calculating ssr history mgmt rpt won amt mtd. Respects the current filter context.","Returns management rpt won amount month-to-date where step is New Logo Selling or Existing Customer Selling, successful records.","-- get the dates
			var curr_date = CALCULATE(MAX(cal_end_dates[Date])) // get the mgmt current end date
			var end_date = curr_date
			var end_date_sply = date(Year(end_date) -1,Month(end_date),day(end_date)) // get the yoy end date
			var start_year = Year(curr_date) 
			var start_qtr_month = (Quarter(curr_date) * 3) - 2  
			var start_month = Month(curr_date)
			var start_date_ytd = date(start_year,1,1)  
			var start_date_ytd_sply = date(start_year-1,1,1)  
			var start_date_qtd = date(start_year,start_qtr_month ,1)  
			var start_date_qtd_sply = date(start_year -1,start_qtr_month,1)  
			var start_date_mtd = date(start_year,start_month,1)  
			var start_date_mtd_sply = date(start_year -1,start_month,1)  
			
			
			-- get data for overridden date periods but still contextual
			var dates_tbl =  CALCULATETABLE(ssr_history , cal_end_dates[Date] >=  start_date_mtd &&  cal_end_dates[Date] <= end_date)
			
			-- apply addl. filters
			var filt_tbl = Filter(dates_tbl,  ssr_history[step_success] = true && ssr_history[step_name] in {""New Logo Selling"", ""Existing Customer Selling""} )
			
			-- do the agg 
			var res = SUMX(filt_tbl, ssr_history[opp_won_amt]) +0
			
			return res"
"meas.ssr_history_mgmt_rpt_won_amt_mtd_sply","KEEP","Measure calculating ssr history mgmt rpt won amt mtd sply. Respects the current filter context.","Returns management rpt won amount month-to-date same period last year where step is New Logo Selling or Existing Customer Selling, successful records.","-- get the dates
			var curr_date = CALCULATE(MAX(cal_end_dates[Date])) // get the mgmt current end date
			var end_date = curr_date
			var end_date_sply = date(Year(end_date) -1,Month(end_date),day(end_date)) // get the yoy end date
			var start_year = Year(curr_date) 
			var start_qtr_month = (Quarter(curr_date) * 3) - 2  
			var start_month = Month(curr_date)
			var start_date_ytd = date(start_year,1,1)  
			var start_date_ytd_sply = date(start_year-1,1,1)  
			var start_date_qtd = date(start_year,start_qtr_month ,1)  
			var start_date_qtd_sply = date(start_year -1,start_qtr_month,1)  
			var start_date_mtd = date(start_year,start_month,1)  
			var start_date_mtd_sply = date(start_year -1,start_month,1)  
			
			
			-- get data for overridden date periods but still contextual
			var dates_tbl =  CALCULATETABLE(ssr_history , cal_end_dates[Date] >=  start_date_mtd_sply &&  cal_end_dates[Date] <= end_date_sply)
			
			-- apply addl. filters
			var filt_tbl = Filter(dates_tbl,  ssr_history[step_success] = true && ssr_history[step_name] in {""New Logo Selling"", ""Existing Customer Selling""} )
			
			-- do the agg 
			var res = SUMX(filt_tbl, ssr_history[opp_won_amt]) +0
			
			return res"
"meas.ssr_history_mgmt_rpt_won_amt_mtd_sply_diff","KEEP","Measure calculating ssr history mgmt rpt won amt mtd sply diff. Respects the current filter context.","Returns management rpt won amount month-to-date same period last year difference.","var res =DIVIDE ([meas.ssr_history_mgmt_rpt_won_amt_mtd]  - [meas.ssr_history_mgmt_rpt_won_amt_mtd_sply], [meas.ssr_history_mgmt_rpt_won_amt_mtd_sply])
			return res"
"meas.ssr_history_mgmt_rpt_won_amt_qtd","KEEP","Measure calculating ssr history mgmt rpt won amt qtd. Respects the current filter context.","Returns management rpt won amount quarter-to-date where step is New Logo Selling or Existing Customer Selling, successful records.","-- get the dates
			var curr_date = CALCULATE(MAX(cal_end_dates[Date])) // get the mgmt current end date
			var end_date = curr_date
			var end_date_sply = date(Year(end_date) -1,Month(end_date),day(end_date)) // get the yoy end date
			var start_year = Year(curr_date) 
			var start_qtr_month = (Quarter(curr_date) * 3) - 2  
			var start_month = Month(curr_date)
			var start_date_ytd = date(start_year,1,1)  
			var start_date_ytd_sply = date(start_year-1,1,1)  
			var start_date_qtd = date(start_year,start_qtr_month ,1)  
			var start_date_qtd_sply = date(start_year -1,start_qtr_month,1)  
			var start_date_mtd = date(start_year,start_month,1)  
			var start_date_mtd_sply = date(start_year -1,start_month,1)  
			
			
			
			-- get data for overridden date periods but still contextual
			var dates_tbl =  CALCULATETABLE(ssr_history , cal_end_dates[Date] >=  start_date_qtd &&  cal_end_dates[Date] <= end_date)
			
			-- apply addl. filters
			var filt_tbl = Filter(dates_tbl,  ssr_history[step_success] = true && ssr_history[step_name] in {""New Logo Selling"", ""Existing Customer Selling""} )
			
			-- do the agg 
			var res = SUMX(filt_tbl, ssr_history[opp_won_amt]) +0
			
			return res"
"meas.ssr_history_mgmt_rpt_won_amt_qtd_sply","KEEP","Measure calculating ssr history mgmt rpt won amt qtd sply. Respects the current filter context.","Returns management rpt won amount quarter-to-date same period last year where step is New Logo Selling or Existing Customer Selling, successful records.","-- get the dates
			var curr_date = CALCULATE(MAX(cal_end_dates[Date])) // get the mgmt current end date
			var end_date = curr_date
			var end_date_sply = date(Year(end_date) -1,Month(end_date),day(end_date)) // get the yoy end date
			var start_year = Year(curr_date) 
			var start_qtr_month = (Quarter(curr_date) * 3) - 2  
			var start_month = Month(curr_date)
			var start_date_ytd = date(start_year,1,1)  
			var start_date_ytd_sply = date(start_year-1,1,1)  
			var start_date_qtd = date(start_year,start_qtr_month ,1)  
			var start_date_qtd_sply = date(start_year -1,start_qtr_month,1)  
			var start_date_mtd = date(start_year,start_month,1)  
			var start_date_mtd_sply = date(start_year -1,start_month,1)  
			
			
			-- get data for overridden date periods but still contextual
			var dates_tbl =  CALCULATETABLE(ssr_history , cal_end_dates[Date] >=  start_date_qtd_sply &&  cal_end_dates[Date] <= end_date_sply)
			
			-- apply addl. filters
			var filt_tbl = Filter(dates_tbl,  ssr_history[step_success] = true && ssr_history[step_name] in {""New Logo Selling"", ""Existing Customer Selling""} )
			
			-- do the agg 
			var res = SUMX(filt_tbl, ssr_history[opp_won_amt]) +0
			
			return res"
"meas.ssr_history_mgmt_rpt_won_amt_qtd_sply_diff","KEEP","Measure calculating ssr history mgmt rpt won amt qtd sply diff. Respects the current filter context.","Returns management rpt won amount quarter-to-date same period last year difference.","var res =DIVIDE ([meas.ssr_history_mgmt_rpt_won_amt_qtd]  - [meas.ssr_history_mgmt_rpt_won_amt_qtd_sply], [meas.ssr_history_mgmt_rpt_won_amt_qtd_sply])
			return res"
"meas.ssr_history_mgmt_rpt_won_amt_ytd","KEEP","Measure calculating ssr history mgmt rpt won amt ytd. Respects the current filter context.","Returns management rpt won amount year-to-date where step is New Logo Selling or Existing Customer Selling, successful records.","-- get the dates
			var curr_date = CALCULATE(MAX(cal_end_dates[Date])) // get the mgmt current end date
			var end_date = curr_date
			var end_date_sply = date(Year(end_date) -1,Month(end_date),day(end_date)) // get the yoy end date
			var start_year = Year(curr_date) 
			var start_qtr_month = (Quarter(curr_date) * 3) - 2  
			var start_month = Month(curr_date)
			var start_date_ytd = date(start_year,1,1)  
			var start_date_ytd_sply = date(start_year-1,1,1)  
			var start_date_qtd = date(start_year,start_qtr_month ,1)  
			var start_date_qtd_sply = date(start_year -1,start_qtr_month,1)  
			var start_date_mtd = date(start_year,start_month,1)  
			var start_date_mtd_sply = date(start_year -1,start_month,1)  
			
			
			-- get data for overridden date periods but still contextual
			var dates_tbl =  CALCULATETABLE(ssr_history , cal_end_dates[Date] >=  start_date_ytd &&  cal_end_dates[Date] <= end_date)
			
			-- apply addl. filters
			var filt_tbl = Filter(dates_tbl,  ssr_history[step_success] = true && ssr_history[step_name] in {""New Logo Selling"", ""Existing Customer Selling""} )
			
			-- do the agg 
			var res = SUMX(filt_tbl, ssr_history[opp_won_amt]) +0
			
			return res"
"meas.ssr_history_mgmt_rpt_won_amt_ytd_sply","KEEP","Measure calculating ssr history mgmt rpt won amt ytd sply. Respects the current filter context.","Returns management rpt won amount year-to-date same period last year where step is New Logo Selling or Existing Customer Selling, successful records.","-- get the dates
			var curr_date = CALCULATE(MAX(cal_end_dates[Date])) // get the mgmt current end date
			var end_date = curr_date
			var end_date_sply = date(Year(end_date) -1,Month(end_date),day(end_date)) // get the yoy end date
			var start_year = Year(curr_date) 
			var start_qtr_month = (Quarter(curr_date) * 3) - 2  
			var start_month = Month(curr_date)
			var start_date_ytd = date(start_year,1,1)  
			var start_date_ytd_sply = date(start_year-1,1,1)  
			var start_date_qtd = date(start_year,start_qtr_month ,1)  
			var start_date_qtd_sply = date(start_year -1,start_qtr_month,1)  
			var start_date_mtd = date(start_year,start_month,1)  
			var start_date_mtd_sply = date(start_year -1,start_month,1)  
			
			
			-- get data for overridden date periods but still contextual
			var dates_tbl =  CALCULATETABLE(ssr_history , cal_end_dates[Date] >=  start_date_ytd_sply &&  cal_end_dates[Date] <= end_date_sply )
			
			-- apply addl. filters
			var filt_tbl = Filter(dates_tbl,  ssr_history[step_success] = true && ssr_history[step_name] in {""New Logo Selling"", ""Existing Customer Selling""} )
			
			-- do the agg 
			var res = SUMX(filt_tbl, ssr_history[opp_won_amt]) +0
			
			return res"
"meas.ssr_history_mgmt_rpt_won_amt_ytd_sply_diff","KEEP","Measure calculating ssr history mgmt rpt won amt ytd sply diff. Respects the current filter context.","Returns management rpt won amount year-to-date same period last year difference.","var res =DIVIDE ([meas.ssr_history_mgmt_rpt_won_amt_ytd]  - [meas.ssr_history_mgmt_rpt_won_amt_ytd_sply], [meas.ssr_history_mgmt_rpt_won_amt_ytd_sply])
			return res"
"meas.ssr_history_mkt_inbound_leads_with_first_touch","KEEP","Measure calculating ssr history mkt inbound leads with first touch. Respects the current filter context.","Calculates the number of mkt inbound leads with first touch.","var start_date = [meas.filter_date_min]
			var end_date =[meas.filter_date_max]
			var filt_ssr = CALCULATETABLE(ssr, cal_end_dates[Date] > date(1900,1,1) && cal_end_dates[Date] < date(2100,1,1)) // get rid of date context
			
			--var filt_ssr_hist = Filter(filt_ssr, ssr[_sys_doc_id] in SELECTColumn([_sys_ssr_id], inbound_leads)
			var test_tbl = filter(filt_ssr, ssr[trueai_first_touch] >=  start_date &&  ssr[trueai_first_touch] < end_date) // get the new date range
			var touch_cnt = CALCULATE(
			    COUNTROWS(DISTINCT(SELECTCOLUMNS(test_tbl, ""doc_id"", ssr[_sys_doc_id]))),
			    ssr[trueai_leadsource_is_inbound] = true,
			    users[trueai_user_role_department]=""MKT""
			)
			var res = CALCULATE(
			    [meas.ssr_history_mkt_leads_inbound],
			    ssr[trueai_first_touch] >=  start_date &&  ssr[trueai_first_touch] < end_date
			)
			
			return 
			COALESCE ( res, 0 )
			
			
			// CALCULATE(
			//     [meas.ssr_history_leads_w_first_touch],
			//     ssr[trueai_leadsource_is_inbound] = true, 
			//     users[trueai_user_role_department]=""MKT""
			// )"
"meas.ssr_history_mkt_leads_inbound","KEEP","Measure calculating ssr history mkt leads inbound. Respects the current filter context.","Calculates the number of mkt leads inbound where step is Lead Gen.","var res = CALCULATE(
			    distinctcount(ssr_history[_sys_ssr_id]), 
			    ssr_history[step_name] = ""Lead Gen"",  
			    ssr[trueai_leadsource_is_inbound] = true,    // get the mkt inbound leads 
			    users[trueai_user_role_department]=""MKT""
			) 
			return COALESCE ( res, 0 )"
"meas.ssr_history_mkt_leads_probability_of_conversion","KEEP","Measure calculating ssr history mkt leads probability of conversion. Respects the current filter context.","Calculates mkt leads probability of conversion in the current reporting context.",""
"meas.ssr_history_mkt_leads_touched","KEEP","Measure calculating ssr history mkt leads touched. Respects the current filter context.","Calculates mkt leads touched in the current reporting context.",""
"meas.ssr_history_mrr_won_amt","KEEP","Measure calculating ssr history mrr won amt. Respects the current filter context.","Calculates monthly recurring revenue won amount in the current reporting context.",""
"meas.ssr_history_mrr_won_amt_existing_customer_selling","KEEP","Measure calculating ssr history mrr won amt existing customer selling. Respects the current filter context.","Calculates monthly recurring revenue won amount existing customer selling in the current reporting context.",""
"meas.ssr_history_mrr_won_amt_new_logo","KEEP","Measure calculating ssr history mrr won amt new logo. Respects the current filter context.","Calculates monthly recurring revenue won amount new logo in the current reporting context.",""
"meas.ssr_history_new_logo_existing_customer_pipeline_amt","KEEP","Measure calculating ssr history new logo existing customer pipeline amt. Respects the current filter context.","Summarizes new logo existing customer pipeline amount where step is Prospecting, step Post-Sales Support.","var _step = SELECTEDVALUE(ssr_history[step_name])
			var _prospect_amt = CALCULATE(
			        SUM(ssr_history[opp_pipeline_amt]),
			        ssr_history[step_name] = ""Prospecting"",
			        ALLSELECTED(ssr_history),  // Ignores filters on ssr_history
			        TREATAS(VALUES(cal_end_dates[Date]), ssr_history[_sys_filt_end_date]) // Apply date slicer filter
			    )
			
			
			var _post_amt =CALCULATE(
			        SUM(ssr_history[opp_pipeline_amt]),
			        ssr_history[step_name] = ""Post-Sales Support"",
			        ALLSELECTED(ssr_history) , // Ignores filters on ssr_history,
			        TREATAS(VALUES(cal_end_dates[Date]), ssr_history[_sys_filt_end_date]) // Apply date slicer filter
			    )
			
			
			var total = _prospect_amt+_post_amt
			 
			 var res = IF(
			    _step=""New Logo Selling"", _prospect_amt,
			    IF(
			        _step =""Existing Customer Selling"",
			        _post_amt,
			        total
			    )
			 )
			
			RETURN 
			res"
"meas.ssr_history_not_sales_engineer_success_prob_avg","KEEP","Average of ssr history not sales engineer success prob avg. Respects the current filter context.","Calculates not sales engineer success probability average in the current reporting context.",""
"meas.ssr_history_open_lead_accts_last_act","KEEP","Measure calculating ssr history open lead accts last act. Respects the current filter context.","Calculates open lead accounts last act in the current reporting context.",""
"meas.ssr_history_open_leads_accts_engagement_rate","KEEP","Rate of ssr history open leads accts engagement rate. Respects the current filter context.","Calculates open leads accounts engagement rate in the current reporting context.",""
"meas.ssr_history_open_leads_accts_quality_bucket","KEEP","Measure calculating ssr history open leads accts propensity. Respects the current filter context.","Helper measure used for internal calculations, dynamic formatting, or visual behavior.",""
"meas.ssr_history_open_leads_accts_stkhlds_act_count","KEEP","Count of ssr history open leads accts stkhlds act count. Respects the current filter context.","Calculates open leads accounts stakeholders act count in the current reporting context.",""
"meas.ssr_history_open_leads_accts_stkhlds_contact_count","KEEP","Count of ssr history open leads accts stkhlds contact count. Respects the current filter context.","Calculates open leads accounts stakeholders contact count in the current reporting context.",""
"meas.ssr_history_open_leads_accts_total_dur","KEEP","Measure calculating ssr history open leads accts total dur. Respects the current filter context.","Calculates open leads accounts total duration in the current reporting context.",""
"meas.ssr_history_open_pipeline_amount_eop","KEEP","Measure calculating ssr history open pipeline amount eop. Respects the current filter context.","Summarizes open pipeline amount end of period.","// get the period dates based on current filter contetxt 
			var period_start = calculate(MIN(cal_end_dates[date]))
			var period_end = calculate(MAX(cal_end_dates[date]))
			
			var pipeline_sum = CALCULATE(sum(ssr_history[opp_pipeline_amt] ), 
			cal_end_dates[Date] > date(1900,1,1) && cal_end_dates[Date] <= date(2100,1,1) , // override the main date filter
			ssr_history[_sys_filt_start_date] <=  period_end 
			&&  ssr_history[_sys_filt_end_date] > period_start
			&& ssr_history[step_outcome] <> ""any string"" // one more overide
			
			) 
			var res = pipeline_sum
			return res"
"meas.ssr_history_open_pipeline_count_eop","KEEP","Count of ssr history open pipeline count eop. Respects the current filter context.","Calculates the number of open pipeline count end of period.","// get the period dates based on current filter contetxt 
			var period_start = [meas.context_date_min]
			var period_end = [meas.context_date_max]
			
			var pipeline_sum = CALCULATE(COUNT(ssr_history[_sys_doc_id]), 
			cal_end_dates[Date] > date(1900,1,1) && cal_end_dates[Date] < date(2100,1,1) , // override the main date filter
			ssr_history[_sys_filt_start_date] <=  period_end 
			&&  ssr_history[_sys_filt_end_date] > period_start
			&& ssr_history[step_outcome] <> ""any string"" // one more overide
			) 
			var res = pipeline_sum
			return res"
"meas.ssr_history_open_pipeline_count_eop_sply","KEEP","Count of ssr history open pipeline count eop sply. Respects the current filter context.","Calculates open pipeline count eop same period last year in the current reporting context.",""
"meas.ssr_history_open_pipeline_success_count_eop","KEEP","Count of ssr history open pipeline success count eop. Respects the current filter context.","Calculates the number of open pipeline success count end of period for successful records.","// get the period dates based on current filter contetxt 
			var period_start = calculate(MIN(cal_end_dates[date]))
			var period_end = calculate(MAX(cal_end_dates[date]))
			
			var pipeline_sum = CALCULATE(COUNT(ssr_history[_sys_doc_id]), 
			cal_end_dates[Date] > date(1900,1,1) && cal_end_dates[Date] < date(2100,1,1) , // override the main date filter
			ssr_history[_sys_filt_start_date] <=  period_end 
			&&  ssr_history[_sys_filt_end_date] > period_start
			&& ssr_history[step_outcome] <> ""any string""  // one more overide
			&& ssr_history[step_success] = True
			) 
			var res = pipeline_sum
			RETURN
			res"
"meas.ssr_history_open_pipeline_success_rate","KEEP","Rate of ssr history open pipeline success rate. Respects the current filter context.","Calculates the number of open pipeline success rate for successful records.","// get the period dates based on current filter contetxt 
			var period_start = calculate(MIN(cal_end_dates[date]))
			var period_end = calculate(MAX(cal_end_dates[date]))
			
			var success_count = CALCULATE(COUNT(ssr_history[_sys_doc_id]), 
			cal_end_dates[Date] > date(1900,1,1) && cal_end_dates[Date] < date(2100,1,1) , // override the main date filter
			ssr_history[_sys_filt_start_date] <=  period_end                            // get the total open pipeline count that success
			&&  ssr_history[_sys_filt_end_date] > period_start
			&& ssr_history[step_outcome] <> ""any string""  // one more overide
			&& ssr_history[step_success] = True
			)
			
			var total_count = CALCULATE(COUNT(ssr_history[_sys_doc_id]), 
			cal_end_dates[Date] > date(1900,1,1) && cal_end_dates[Date] < date(2100,1,1) , // override the main date filter
			ssr_history[_sys_filt_start_date] <=  period_end 
			&&  ssr_history[_sys_filt_end_date] > period_start                              // get the total open pipeline count
			&& ssr_history[step_outcome] <> ""any string""  // one more overide
			) 
			
			var res = DIVIDE(
			    success_count,
			    total_count,
			    0
			)
			
			RETURN
			res"
"meas.ssr_history_open_pipeline_win_rate","KEEP","Rate of ssr history open pipeline win rate. Respects the current filter context.","Returns open pipeline win rate.","var res = divide(ssr_history[meas.ssr_history_success_count] , ssr_history[meas.ssr_history_open_pipeline_count_eop])
			return 
			res"
"meas.ssr_history_open_pipeline_win_rate_sply","KEEP","Rate of ssr history open pipeline win rate sply. Respects the current filter context.","Calculates open pipeline win rate same period last year in the current reporting context.",""
"meas.ssr_history_opps_rev_avg_won_amt","KEEP","Average of ssr history opps rev avg won amt. Respects the current filter context.","Returns the average revenue average won amount.","CALCULATE(Average(ssr_history[opp_won_amt]), ssr_history[opp_won_amt] > 0 )"
"meas.ssr_history_opps_step_cycle_avg_success","KEEP","Average of ssr history opps step cycle avg success. Respects the current filter context.","Calculates step cycle average success in the current reporting context.",""
"meas.ssr_history_owner_full_name","KEEP","Measure calculating ssr history owner full name. Respects the current filter context.","Calculates owner full name in the current reporting context.",""
"meas.ssr_history_owner_group","KEEP","Measure calculating ssr history owner group. Respects the current filter context.","Calculates owner group in the current reporting context.",""
"meas.ssr_history_pipeline_amt","KEEP","Measure calculating ssr history pipeline amt. Respects the current filter context.","Summarizes pipeline amount.","CALCULATE(SUM(ssr_history[opp_pipeline_amt]))"
"meas.ssr_history_pipeline_amt_user_eop_avg","KEEP","Average of ssr history pipeline amt user eop avg. Respects the current filter context.","Calculates pipeline amount user eop average in the current reporting context.",""
"meas.ssr_history_pipeline_post_sales_amt","KEEP","Measure calculating ssr history pipeline post sales amt. Respects the current filter context.","Summarizes pipeline post sales amount where step is Post-Sales Support.","CALCULATE(SUM(ssr_history[opp_pipeline_amt]), ssr_history[step_name] = ""Post-Sales Support"")"
"meas.ssr_history_pipeline_post_sales_expansion_sale_amt","KEEP","Measure calculating ssr history pipeline post sales expansion sale amt. Respects the current filter context.","Summarizes pipeline post sales expansion sale amount where step is Post-Sales Support.","CALCULATE(SUM(ssr_history[opp_pipeline_amt]), ssr_history[step_name] = ""Post-Sales Support"" && ssr_history[opp_sale_type] = ""Expansion Sale"")"
"meas.ssr_history_pipeline_post_sales_renewals_amt","KEEP","Measure calculating ssr history pipeline post sales renewals amt. Respects the current filter context.","Summarizes pipeline post sales renewals amount where step is Post-Sales Support.","CALCULATE(SUM(ssr_history[opp_pipeline_amt]), ssr_history[step_name] = ""Post-Sales Support"" && ssr_history[opp_sale_type] = ""Renewal"")"
"meas.ssr_history_pipeline_prospecting_amt","KEEP","Measure calculating ssr history pipeline prospecting amt. Respects the current filter context.","Summarizes pipeline prospecting amount where step is Prospecting.","CALCULATE(SUM(ssr_history[opp_pipeline_amt]), ssr_history[step_name] = ""Prospecting"")"
"meas.ssr_history_propensity_high_count","KEEP","Count of ssr history propensity high count. Respects the current filter context.","Calculates the number of propensity high count.","var cnt = CALCULATE(count(ssr_history[_sys_doc_id]), ssr_history[entity_propensity] =""High"")
			var res =  if(ISBLANK(cnt), 0,cnt)
			return res"
"meas.ssr_history_propensity_highest_count","KEEP","Count of ssr history propensity highest count. Respects the current filter context.","Calculates the number of propensity highest count.","var cnt = CALCULATE(count(ssr_history[_sys_doc_id]), ssr_history[entity_propensity] =""Highest"")
			var res =  if(ISBLANK(cnt), 0,cnt)
			return res"
"meas.ssr_history_propensity_low_count","KEEP","Count of ssr history propensity low count. Respects the current filter context.","Calculates the number of propensity low count.","var cnt = CALCULATE(count(ssr_history[_sys_doc_id]), ssr_history[entity_propensity] =""Low"")
			var res =  if(ISBLANK(cnt), 0,cnt)
			return res"
"meas.ssr_history_propensity_lowest_count","KEEP","Count of ssr history propensity lowest count. Respects the current filter context.","Calculates the number of propensity lowest count.","var cnt = CALCULATE(count(ssr_history[_sys_doc_id]), ssr_history[entity_propensity] =""Lowest"")
			var res =  if(ISBLANK(cnt), 0,cnt)
			return res"
"meas.ssr_history_propensity_mid_count","KEEP","Count of ssr history propensity mid count. Respects the current filter context.","Calculates the number of propensity mid count.","var cnt = CALCULATE(count(ssr_history[_sys_doc_id]), ssr_history[entity_propensity] =""Mid"")
			var res =  if(ISBLANK(cnt), 0,cnt)
			return res"
"meas.ssr_history_rep_users_avg","KEEP","Average of ssr history rep users avg. Respects the current filter context.","Returns the average rep users average.","CALCULATE(AVERAGE(ssr_history[step_users_tot]))"
"meas.ssr_history_reps","KEEP","Measure calculating ssr history reps. Respects the current filter context.","Calculates reps in the current reporting context.",""
"meas.ssr_history_reps_existing_customer_selling","KEEP","Measure calculating ssr history reps existing customer selling. Respects the current filter context.","Calculates reps existing customer selling in the current reporting context.",""
"meas.ssr_history_reps_mtd","KEEP","Measure calculating ssr history reps mtd. Respects the current filter context.","Returns reps month-to-date.","-- get the dates
			var curr_date = CALCULATE(MAX(cal_end_dates[Date])) // get the mgmt current end date
			var end_date = curr_date
			var end_date_sply = date(Year(end_date) -1,Month(end_date),day(end_date)) // get the yoy end date
			var start_year = Year(curr_date) 
			var start_qtr_month = (Quarter(curr_date) * 3) - 2  
			var start_month = Month(curr_date)
			var start_date_ytd = date(start_year,1,1)  
			var start_date_ytd_sply = date(start_year-1,1,1)  
			var start_date_qtd = date(start_year,start_qtr_month ,1)  
			var start_date_qtd_sply = date(start_year -1,start_qtr_month,1)  
			var start_date_mtd = date(start_year,start_month,1)  
			var start_date_mtd_sply = date(start_year -1,start_month,1)  
			
			var res = CALCULATE(
			    [meas.ssr_history_reps],
			    cal_end_dates[Date] >=  start_date_mtd_sply &&  cal_end_dates[Date] <= end_date_sply
			)
			RETURN
			res"
"meas.ssr_history_reps_new_logo","KEEP","Measure calculating ssr history reps new logo. Respects the current filter context.","Calculates reps new logo in the current reporting context.",""
"meas.ssr_history_reps_post_sales","KEEP","Measure calculating ssr history reps post sales. Respects the current filter context.","Calculates reps post sales in the current reporting context.",""
"meas.ssr_history_reps_prospecting","KEEP","Measure calculating ssr history reps prospecting. Respects the current filter context.","Calculates reps prospecting in the current reporting context.",""
"meas.ssr_history_rev_acct_ltv","KEEP","Measure calculating ssr history rev acct ltv. Respects the current filter context.","Returns revenue account ltv.","DIVIDE( [meas.ssr_history_rev_retained_avg_acct_amt],[meas.ssr_history_rev_churned_rate] )"
"meas.ssr_history_rev_avg_won_amt","KEEP","Average of ssr history rev avg won amt. Respects the current filter context.","Returns the average revenue average won amount.","CALCULATE(Average(ssr_history[opp_won_amt]), ssr_history[opp_won_amt] > 0 )"
"meas.ssr_history_rev_avg_won_amt_existing_customer_selling","KEEP","Average of ssr history rev avg won amt existing customer selling. Respects the current filter context.","Returns the average revenue average won amount existing customer selling where step is Existing Customer Selling.","CALCULATE(Average(ssr_history[opp_won_amt]), ssr_history[opp_won_amt] > 0 ,ssr_history[step_name]=""Existing Customer Selling"")"
"meas.ssr_history_rev_avg_won_amt_new_logo","KEEP","Average of ssr history rev avg won amt new logo. Respects the current filter context.","Returns the average revenue average won amount new logo where step is New Logo Selling.","CALCULATE(Average(ssr_history[opp_won_amt]), ssr_history[opp_won_amt] > 0 ,ssr_history[step_name]=""New Logo Selling"")"
"meas.ssr_history_rev_cagr","KEEP","Measure calculating ssr history rev cagr. Respects the current filter context.","Summarizes revenue cagr.","-- annual num
			var start_year = Year([meas.context_date_min])
			var end_year = Year([meas.context_date_max]) 
			var period_years = end_year - start_year
			var start_date = date(start_year ,1,1) -- jan 1
			var start_date_end = Date(start_year, 12,31)
			
			var end_date = date(end_year , 1,1) -- jan 1 the prev  yr
			var end_date_end = Date(end_year , 12,31)
			
			var first_period_rev = calculate(sum(ssr_history[opp_won_amt]), cal_end_dates[date] >= start_date  && cal_end_dates[date] <= start_date_end  )
			var last_period_rev = calculate(sum(ssr_history[opp_won_amt]) , cal_end_dates[date] >= end_date  && cal_end_dates[date] <= end_date_end  )
			
			var cagr_growth_rate = divide(last_period_rev , first_period_rev ,blank() )  ^ (1/period_years) - 1
			return  
			cagr_growth_rate
			
			
			
			
			
			//https://powerbi.tips/2016/05/measures-calculate-cagr/"
"meas.ssr_history_rev_churned_amt","KEEP","Measure calculating ssr history rev churned amt. Respects the current filter context.","Calculates the number of revenue churned amount.","// get the period dates based on current filter contetxt 
			var period_start = [meas.context_date_min]
			var period_end = [meas.context_date_max]
			var period_in_months =  DATEDIFF(period_start, period_end + 1, month) * -1
			var prev_period_start = EDATE(period_start,period_in_months)
			var prev_period_end =   EDATE(period_end,period_in_months)
			
			 var overridden_dates_tbl =  CALCULATETABLE(ssr , cal_end_dates[Date] >=  date(1900,1,1) &&  cal_end_dates[Date] < date(2100,1,1)) -- get current filter context except all dates
			
			// get the tables - break out of filter context (AKK) and override based on first purch and churn
			var starting_custs =  Filter((overridden_dates_tbl), ssr[trueai_first_purchase] <= period_start && ssr[col.trueai_churn_date_no_blanks]  >= period_start)  // client before start of period,  churn after period started
			var retained_custs = Filter((overridden_dates_tbl), ssr[trueai_first_purchase] <= period_start && ssr[col.trueai_churn_date_no_blanks]  >= period_end)  // client before start of period,  churn after period end
			var churned_custs = Filter((overridden_dates_tbl), ssr[col.trueai_churn_date_no_blanks] >= period_start && ssr[col.trueai_churn_date_no_blanks] <= period_end)  // churned after period started, before period ended
			var ending_custs =  Filter((overridden_dates_tbl), ssr[trueai_first_purchase] <= period_end && ssr[col.trueai_churn_date_no_blanks]  >= period_end)  // // client before end of period, churn after  period ended
			
			// get the values based on temp tables
			var starting_cnt = COUNTROWS(starting_custs)
			var starting_amt = CALCULATE(SUM(ssr_history[opp_won_amt]),  cal_end_dates[date] >= prev_period_start &&  cal_end_dates[date] <= prev_period_end ,starting_custs) // look at last years rev for these 
			var retained_cnt = COUNTROWS(retained_custs)
			var retained_amt = CALCULATE(SUM(ssr_history[opp_won_amt]),  cal_end_dates[date] >= prev_period_start &&  cal_end_dates[date] <= prev_period_end ,EXCEPT(starting_custs, churned_custs)) // look at last years rev for these 
			var new_cnt = COUNTROWS( EXCEPT(ending_custs,starting_custs ))
			var new_amt = CALCULATE(SUM(ssr_history[opp_won_amt]), EXCEPT(ending_custs,starting_custs ) ) // not sure why we cannot use new customers here
			var churned_cnt = COUNTROWS(churned_custs) * -1  
			var churned_amt = CALCULATE(SUM(ssr_history[opp_won_amt]),  cal_end_dates[date] >= prev_period_start &&  cal_end_dates[date] <= prev_period_end ,EXCEPT(starting_custs,retained_custs)) * -1 
			var ending_cnt = COUNTROWS(ending_custs)
			var ending_amt = CALCULATE(SUM(ssr_history[opp_won_amt]),  cal_end_dates[date] >= period_start &&  cal_end_dates[date] <= period_end ,ending_custs) 
			
			// assign the res
			var res = churned_amt 
			return IF(isblank(res), 0, res)"
"meas.ssr_history_rev_churned_avg_age_months","KEEP","Average of ssr history rev churned avg age months. Respects the current filter context.","Calculates the number of revenue churned average age months.","// get the period dates based on current filter contetxt 
			var period_start = [meas.context_date_min]
			var period_end = [meas.context_date_max]
			var period_in_months =  DATEDIFF(period_start, period_end + 1, month) * -1
			var prev_period_start = EDATE(period_start,period_in_months)
			var prev_period_end =   EDATE(period_end,period_in_months)
			
			 var overridden_dates_tbl =  CALCULATETABLE(ssr , cal_end_dates[Date] >=  date(1900,1,1) &&  cal_end_dates[Date] < date(2100,1,1)) -- get current filter context except all dates
			
			// get the tables - break out of filter context (AKK) and override based on first purch and churn
			var starting_custs =  Filter((overridden_dates_tbl), ssr[trueai_first_purchase] <= period_start && ssr[col.trueai_churn_date_no_blanks]  >= period_start)  // client before start of period,  churn after period started
			var retained_custs = Filter((overridden_dates_tbl), ssr[trueai_first_purchase] <= period_start && ssr[col.trueai_churn_date_no_blanks]  >= period_end)  // client before start of period,  churn after period end
			var churned_custs = Filter((overridden_dates_tbl), ssr[col.trueai_churn_date_no_blanks] >= period_start && ssr[col.trueai_churn_date_no_blanks] <= period_end)  // churned after period started, before period ended
			var ending_custs =  Filter((overridden_dates_tbl), ssr[trueai_first_purchase] <= period_end && ssr[col.trueai_churn_date_no_blanks]  >= period_end)  // // client before end of period, churn after  period ended
			
			// get the values based on temp tables
			var starting_cnt = COUNTROWS(starting_custs)
			var starting_amt = CALCULATE(SUM(ssr_history[opp_won_amt]),  cal_end_dates[date] >= prev_period_start &&  cal_end_dates[date] <= prev_period_end ,starting_custs) // look at last years rev for these 
			var retained_cnt = COUNTROWS(retained_custs)
			var retained_amt = CALCULATE(SUM(ssr_history[opp_won_amt]),  cal_end_dates[date] >= prev_period_start &&  cal_end_dates[date] <= prev_period_end ,EXCEPT(starting_custs, churned_custs)) // look at last years rev for these 
			var new_cnt = COUNTROWS( EXCEPT(ending_custs,starting_custs ))
			var new_amt = CALCULATE(SUM(ssr_history[opp_won_amt]), EXCEPT(ending_custs,starting_custs ) ) // not sure why we cannot use new customers here
			var churned_cnt = COUNTROWS(churned_custs) * -1  
			var churned_amt = CALCULATE(SUM(ssr_history[opp_won_amt]),  cal_end_dates[date] >= prev_period_start &&  cal_end_dates[date] <= prev_period_end ,EXCEPT(starting_custs,retained_custs)) * -1 
			var ending_cnt = COUNTROWS(ending_custs)
			var ending_amt = CALCULATE(SUM(ssr_history[opp_won_amt]),  cal_end_dates[date] >= period_start &&  cal_end_dates[date] <= period_end ,ending_custs) 
			
			
			var avg_age = AVERAGEX(churned_custs, DateDiff(ssr[trueai_first_purchase], ssr[trueai_churned_on], month))
			
			// assign the res
			var res = avg_age 
			return res"
"meas.ssr_history_rev_churned_count","KEEP","Count of ssr history rev churned count. Respects the current filter context.","Calculates the number of revenue churned count.","// get the period dates based on current filter contetxt 
			// this is a test for git
			var period_start = [meas.context_date_min]      // get the context max date 
			var period_end = [meas.context_date_max]        // get the context min dat
			var period_in_months =  DATEDIFF(period_start, period_end + 1, month) * -1
			var prev_period_start = EDATE(period_start,period_in_months)
			var prev_period_end =   EDATE(period_end,period_in_months)
			
			 var overridden_dates_tbl =  CALCULATETABLE(ssr , cal_end_dates[Date] >=  date(1900,1,1) &&  cal_end_dates[Date] < date(2100,1,1)) -- get current filter context except all dates
			
			// get the tables - break out of filter context (AKK) and override based on first purch and churn
			var starting_custs =  Filter((overridden_dates_tbl), ssr[trueai_first_purchase] <= period_start && ssr[col.trueai_churn_date_no_blanks]  >= period_start)  // client before start of period,  churn after period started
			var retained_custs = Filter((overridden_dates_tbl), ssr[trueai_first_purchase] <= period_start && ssr[col.trueai_churn_date_no_blanks]  >= period_end)  // client before start of period,  churn after period end
			var churned_custs = Filter((overridden_dates_tbl), ssr[col.trueai_churn_date_no_blanks] >= period_start && ssr[col.trueai_churn_date_no_blanks] <= period_end)  // churned after period started, before period ended
			var ending_custs =  Filter((overridden_dates_tbl), ssr[trueai_first_purchase] <= period_end && ssr[col.trueai_churn_date_no_blanks]  >= period_end)  // // client before end of period, churn after  period ended
			
			// get the values based on temp tables
			var starting_cnt = COUNTROWS(starting_custs)
			var starting_amt = CALCULATE(SUM(ssr_history[opp_won_amt]),  cal_end_dates[date] >= prev_period_start &&  cal_end_dates[date] <= prev_period_end ,starting_custs) // look at last years rev for these 
			var retained_cnt = COUNTROWS(retained_custs)
			var retained_amt = CALCULATE(SUM(ssr_history[opp_won_amt]),  cal_end_dates[date] >= prev_period_start &&  cal_end_dates[date] <= prev_period_end ,EXCEPT(starting_custs, churned_custs)) // look at last years rev for these 
			var new_cnt = COUNTROWS( EXCEPT(ending_custs,starting_custs ))
			var new_amt = CALCULATE(SUM(ssr_history[opp_won_amt]), EXCEPT(ending_custs,starting_custs ) ) // not sure why we cannot use new customers here
			var churned_cnt = COUNTROWS(churned_custs) * -1  
			var churned_amt = CALCULATE(SUM(ssr_history[opp_won_amt]),  cal_end_dates[date] >= prev_period_start &&  cal_end_dates[date] <= prev_period_end ,EXCEPT(starting_custs,retained_custs)) * -1 
			var ending_cnt = COUNTROWS(ending_custs)
			var ending_amt = CALCULATE(SUM(ssr_history[opp_won_amt]),  cal_end_dates[date] >= period_start &&  cal_end_dates[date] <= period_end ,ending_custs) 
			
			
			
			// assign the res
			var res = churned_cnt 
			return IF(isblank(res), 0, res)"
"meas.ssr_history_rev_churned_rate","KEEP","Rate of ssr history rev churned rate. Respects the current filter context.","Returns revenue churned rate.","DIVIDE(abs([meas.ssr_history_rev_churned_count]),[meas.ssr_history_rev_starting_count] , blank())"
"meas.ssr_history_rev_ending_amt","KEEP","Measure calculating ssr history rev ending amt. Respects the current filter context.","Calculates the number of revenue ending amount.","// get the period dates based on current filter contetxt 
			var period_start = [meas.context_date_min]
			var period_end = [meas.context_date_max]
			var period_in_months =  DATEDIFF(period_start, period_end + 1, month) * -1
			var prev_period_start = EDATE(period_start,period_in_months)
			var prev_period_end =   EDATE(period_end,period_in_months)
			
			 var overridden_dates_tbl =  CALCULATETABLE(ssr , cal_end_dates[Date] >=  date(1900,1,1) &&  cal_end_dates[Date] < date(2100,1,1)) -- get current filter context except all dates
			
			// get the tables - break out of filter context (AKK) and override based on first purch and churn
			var starting_custs =  Filter((overridden_dates_tbl), ssr[trueai_first_purchase] <= period_start && ssr[col.trueai_churn_date_no_blanks]  >= period_start)  // client before start of period,  churn after period started
			var retained_custs = Filter((overridden_dates_tbl), ssr[trueai_first_purchase] <= period_start && ssr[col.trueai_churn_date_no_blanks]  >= period_end)  // client before start of period,  churn after period end
			var churned_custs = Filter((overridden_dates_tbl), ssr[col.trueai_churn_date_no_blanks] >= period_start && ssr[col.trueai_churn_date_no_blanks] <= period_end)  // churned after period started, before period ended
			var ending_custs =  Filter((overridden_dates_tbl), ssr[trueai_first_purchase] <= period_end && ssr[col.trueai_churn_date_no_blanks]  >= period_end)  // // client before end of period, churn after  period ended
			
			// get the values based on temp tables
			var starting_cnt = COUNTROWS(starting_custs)
			var starting_amt = CALCULATE(SUM(ssr_history[opp_won_amt]),  cal_end_dates[date] >= prev_period_start &&  cal_end_dates[date] <= prev_period_end ,starting_custs) // look at last years rev for these 
			var retained_cnt = COUNTROWS(retained_custs)
			var retained_amt = CALCULATE(SUM(ssr_history[opp_won_amt]),  cal_end_dates[date] >= prev_period_start &&  cal_end_dates[date] <= prev_period_end ,EXCEPT(starting_custs, churned_custs)) // look at last years rev for these 
			var new_cnt = COUNTROWS( EXCEPT(ending_custs,starting_custs ))
			var new_amt = CALCULATE(SUM(ssr_history[opp_won_amt]), EXCEPT(ending_custs,starting_custs ) ) // not sure why we cannot use new customers here
			var churned_cnt = COUNTROWS(churned_custs) * -1  
			var churned_amt = CALCULATE(SUM(ssr_history[opp_won_amt]),  cal_end_dates[date] >= prev_period_start &&  cal_end_dates[date] <= prev_period_end ,EXCEPT(starting_custs,retained_custs)) * -1 
			var ending_cnt = COUNTROWS(ending_custs)
			var ending_amt = CALCULATE(SUM(ssr_history[opp_won_amt]),  cal_end_dates[date] >= period_start &&  cal_end_dates[date] <= period_end ,ending_custs) 
			
			
			
			// assign the res
			var res = ending_amt 
			return IF(isblank(res), 0, res)"
"meas.ssr_history_rev_ending_avg_acct_amt","KEEP","Average of ssr history rev ending avg acct amt. Respects the current filter context.","Calculates revenue ending average account amount in the current reporting context.",""
"meas.ssr_history_rev_ending_count","KEEP","Count of ssr history rev ending count. Respects the current filter context.","Calculates the number of revenue ending count.","// get the period dates based on current filter contetxt 
			var period_start = [meas.context_date_min]
			var period_end = [meas.context_date_max]
			var period_in_months =  DATEDIFF(period_start, period_end + 1, month) * -1
			var prev_period_start = EDATE(period_start,period_in_months)
			var prev_period_end =   EDATE(period_end,period_in_months)
			
			 var overridden_dates_tbl =  CALCULATETABLE(ssr , cal_end_dates[Date] >=  date(1900,1,1) &&  cal_end_dates[Date] < date(2100,1,1)) -- get current filter context except all dates
			
			// get the tables - break out of filter context (AKK) and override based on first purch and churn
			var starting_custs =  Filter((overridden_dates_tbl), ssr[trueai_first_purchase] <= period_start && ssr[col.trueai_churn_date_no_blanks]  >= period_start)  // client before start of period,  churn after period started
			var retained_custs = Filter((overridden_dates_tbl), ssr[trueai_first_purchase] <= period_start && ssr[col.trueai_churn_date_no_blanks]  >= period_end)  // client before start of period,  churn after period end
			var churned_custs = Filter((overridden_dates_tbl), ssr[col.trueai_churn_date_no_blanks] >= period_start && ssr[col.trueai_churn_date_no_blanks] <= period_end)  // churned after period started, before period ended
			var ending_custs =  Filter((overridden_dates_tbl), ssr[trueai_first_purchase] <= period_end && ssr[col.trueai_churn_date_no_blanks]  >= period_end)  // // client before end of period, churn after  period ended
			
			// get the values based on temp tables
			var starting_cnt = COUNTROWS(starting_custs)
			var starting_amt = CALCULATE(SUM(ssr_history[opp_won_amt]),  cal_end_dates[date] >= prev_period_start &&  cal_end_dates[date] <= prev_period_end ,starting_custs) // look at last years rev for these 
			var retained_cnt = COUNTROWS(retained_custs)
			var retained_amt = CALCULATE(SUM(ssr_history[opp_won_amt]),  cal_end_dates[date] >= prev_period_start &&  cal_end_dates[date] <= prev_period_end ,EXCEPT(starting_custs, churned_custs)) // look at last years rev for these 
			var new_cnt = COUNTROWS( EXCEPT(ending_custs,starting_custs ))
			var new_amt = CALCULATE(SUM(ssr_history[opp_won_amt]), EXCEPT(ending_custs,starting_custs ) ) // not sure why we cannot use new customers here
			var churned_cnt = COUNTROWS(churned_custs) * -1  
			var churned_amt = CALCULATE(SUM(ssr_history[opp_won_amt]),  cal_end_dates[date] >= prev_period_start &&  cal_end_dates[date] <= prev_period_end ,EXCEPT(starting_custs,retained_custs)) * -1 
			var ending_cnt = COUNTROWS(ending_custs)
			var ending_amt = CALCULATE(SUM(ssr_history[opp_won_amt]),  cal_end_dates[date] >= period_start &&  cal_end_dates[date] <= period_end ,ending_custs) 
			
			// assign the res
			var res = ending_cnt 
			return IF(isblank(res), 0, res)"
"meas.ssr_history_rev_ending_max_acct_amt","KEEP","Measure calculating ssr history rev ending max acct amt. Respects the current filter context.","Summarizes revenue ending max account amount.","var  tbl_data = CALCULATETABLE(SUMMARIZE(ssr_history, ssr_history[_sys_ssr_id], ""opp_won_amount"", sum(ssr_history[opp_won_amt]))) // group by account
			var res = MAXX(tbl_data, [opp_won_amount]) // pick the max nums
			return  res"
"meas.ssr_history_rev_new_amt","KEEP","Measure calculating ssr history rev new amt. Respects the current filter context.","Calculates the number of revenue new amount.","// get the period dates based on current filter contetxt 
			var period_start = [meas.context_date_min]
			var period_end = [meas.context_date_max]
			var period_in_months =  DATEDIFF(period_start, period_end + 1, month) * -1
			var prev_period_start = EDATE(period_start,period_in_months)
			var prev_period_end =   EDATE(period_end,period_in_months)
			
			 var overridden_dates_tbl =  CALCULATETABLE(ssr , cal_end_dates[Date] >=  date(1900,1,1) &&  cal_end_dates[Date] < date(2100,1,1)) -- get current filter context except all dates
			
			// get the tables - break out of filter context (AKK) and override based on first purch and churn
			var starting_custs =  Filter((overridden_dates_tbl), ssr[trueai_first_purchase] <= period_start && ssr[col.trueai_churn_date_no_blanks]  >= period_start)  // client before start of period,  churn after period started
			var retained_custs = Filter((overridden_dates_tbl), ssr[trueai_first_purchase] <= period_start && ssr[col.trueai_churn_date_no_blanks]  >= period_end)  // client before start of period,  churn after period end
			var churned_custs = Filter((overridden_dates_tbl), ssr[col.trueai_churn_date_no_blanks] >= period_start && ssr[col.trueai_churn_date_no_blanks] <= period_end)  // churned after period started, before period ended
			var ending_custs =  Filter((overridden_dates_tbl), ssr[trueai_first_purchase] <= period_end && ssr[col.trueai_churn_date_no_blanks]  >= period_end)  // // client before end of period, churn after  period ended
			
			// get the values based on temp tables
			var starting_cnt = COUNTROWS(starting_custs)
			var starting_amt = CALCULATE(SUM(ssr_history[opp_won_amt]),  cal_end_dates[date] >= prev_period_start &&  cal_end_dates[date] <= prev_period_end ,starting_custs) // look at last years rev for these 
			var retained_cnt = COUNTROWS(retained_custs)
			var retained_amt = CALCULATE(SUM(ssr_history[opp_won_amt]),  cal_end_dates[date] >= prev_period_start &&  cal_end_dates[date] <= prev_period_end ,EXCEPT(starting_custs, churned_custs)) // look at last years rev for these 
			var new_cnt = COUNTROWS( EXCEPT(ending_custs,starting_custs ))
			var new_amt = CALCULATE(SUM(ssr_history[opp_won_amt]), EXCEPT(ending_custs,starting_custs ) ) // not sure why we cannot use new customers here
			var churned_cnt = COUNTROWS(churned_custs) * -1  
			var churned_amt = CALCULATE(SUM(ssr_history[opp_won_amt]),  cal_end_dates[date] >= prev_period_start &&  cal_end_dates[date] <= prev_period_end ,EXCEPT(starting_custs,retained_custs)) * -1 
			var ending_cnt = COUNTROWS(ending_custs)
			var ending_amt = CALCULATE(SUM(ssr_history[opp_won_amt]),  cal_end_dates[date] >= period_start &&  cal_end_dates[date] <= period_end ,ending_custs) 
			
			// assign the res
			var res = new_amt 
			return IF(isblank(res), 0, res)"
"meas.ssr_history_rev_new_count","KEEP","Count of ssr history rev new count. Respects the current filter context.","Calculates the number of revenue new count.","// get the period dates based on current filter contetxt 
			var period_start = [meas.context_date_min]
			var period_end = [meas.context_date_max]
			var period_in_months =  DATEDIFF(period_start, period_end + 1, month) * -1
			var prev_period_start = EDATE(period_start,period_in_months)
			var prev_period_end =   EDATE(period_end,period_in_months)
			
			 var overridden_dates_tbl =  CALCULATETABLE(ssr , cal_end_dates[Date] >=  date(1900,1,1) &&  cal_end_dates[Date] < date(2100,1,1)) -- get current filter context except all dates
			
			// get the tables - break out of filter context (AKK) and override based on first purch and churn
			var starting_custs =  Filter((overridden_dates_tbl), ssr[trueai_first_purchase] <= period_start && ssr[col.trueai_churn_date_no_blanks]  >= period_start)  // client before start of period,  churn after period started
			var retained_custs = Filter((overridden_dates_tbl), ssr[trueai_first_purchase] <= period_start && ssr[col.trueai_churn_date_no_blanks]  >= period_end)  // client before start of period,  churn after period end
			var churned_custs = Filter((overridden_dates_tbl), ssr[col.trueai_churn_date_no_blanks] >= period_start && ssr[col.trueai_churn_date_no_blanks] <= period_end)  // churned after period started, before period ended
			var ending_custs =  Filter((overridden_dates_tbl), ssr[trueai_first_purchase] <= period_end && ssr[col.trueai_churn_date_no_blanks]  >= period_end)  // // client before end of period, churn after  period ended
			
			// get the values based on temp tables
			var starting_cnt = COUNTROWS(starting_custs)
			var starting_amt = CALCULATE(SUM(ssr_history[opp_won_amt]),  cal_end_dates[date] >= prev_period_start &&  cal_end_dates[date] <= prev_period_end ,starting_custs) // look at last years rev for these 
			var retained_cnt = COUNTROWS(retained_custs)
			var retained_amt = CALCULATE(SUM(ssr_history[opp_won_amt]),  cal_end_dates[date] >= prev_period_start &&  cal_end_dates[date] <= prev_period_end ,EXCEPT(starting_custs, churned_custs)) // look at last years rev for these 
			var new_cnt = COUNTROWS( EXCEPT(ending_custs,starting_custs ))
			var new_amt = CALCULATE(SUM(ssr_history[opp_won_amt]), EXCEPT(ending_custs,starting_custs ) ) // not sure why we cannot use new customers here
			var churned_cnt = COUNTROWS(churned_custs) * -1  
			var churned_amt = CALCULATE(SUM(ssr_history[opp_won_amt]),  cal_end_dates[date] >= prev_period_start &&  cal_end_dates[date] <= prev_period_end ,EXCEPT(starting_custs,retained_custs)) * -1 
			var ending_cnt = COUNTROWS(ending_custs)
			var ending_amt = CALCULATE(SUM(ssr_history[opp_won_amt]),  cal_end_dates[date] >= period_start &&  cal_end_dates[date] <= period_end ,ending_custs) 
			
			
			// assign the res
			var res = new_cnt 
			return IF(isblank(res), 0, res)"
"meas.ssr_history_rev_new_growth_rate","KEEP","Rate of ssr history rev new growth rate. Respects the current filter context.","Returns revenue new growth rate.","DIVIDE([meas.ssr_history_rev_new_count],[meas.ssr_history_rev_starting_count] , blank())"
"meas.ssr_history_rev_pareto_count","KEEP","Count of ssr history rev pareto count. Respects the current filter context.","Summarizes revenue pareto count.","var period_start = calculate(MIN(cal_end_dates[Date]))
			var period_end = calculate(MAX(cal_end_dates[Date]))
			var period_in_months =  DATEDIFF(period_start, period_end + 1, month) * -1
			var  filt = CALCULATETABLE(SUMMARIZE(Filter(ALLSELECTED(ssr_history),ssr_history[opp_won_amt] <> 0 && RELATED(cal_end_dates[Date]) >= period_start &&  (RELATED(cal_end_dates[Date]) <= period_end )), ssr_history[_sys_ssr_id], ""acct_won_amount"", sum(ssr_history[opp_won_amt]))) // group by account
			var filt_ranked = ADDCOLUMNS(filt, ""acct_won_rank"",  RANKX(filt, [acct_won_amount]))    -- rank by amount
			var filt_ranked_totaled = ADDCOLUMNS(filt_ranked, ""acct_won_run_tot"",  SUMX(FIlter(filt_ranked, [acct_won_rank] >= EARLIER([acct_won_rank])), [acct_won_amount]) ) -- running total sorted by rank   
			var tot_amt = SUMX(filt, [acct_won_amount]) // get the total amount for all 
			var tot_count = COUNTX(filt,[acct_won_amount])  // get the total count for all
			var pareto = tot_amt * .2  // calculate the top pareto amount inverted
			var count_to_pareto = COUNTX(FILTER(filt_ranked_totaled, [acct_won_run_tot] >= pareto ), [acct_won_amount]) // apply a filter to the count where the running total is still less than bottom pareto
			
			var res  = count_to_pareto // get the inverse of that count
			
			return res// return count needed to get to 80%))))"
"meas.ssr_history_rev_pareto_count_tot","KEEP","Count of ssr history rev pareto count tot. Respects the current filter context.","Summarizes revenue pareto count total.","var period_start = calculate(MIN(cal_end_dates[Date]))
			var period_end = calculate(MAX(cal_end_dates[Date]))
			var period_in_months =  DATEDIFF(period_start, period_end + 1, month) * -1
			var  filt = CALCULATETABLE(SUMMARIZE(Filter(ALLSELECTED(ssr_history), ssr_history[opp_won_amt] <> 0 && RELATED(cal_end_dates[Date]) >= period_start &&  (RELATED(cal_end_dates[Date]) <= period_end )), ssr_history[_sys_ssr_id], ""acct_won_amount"", sum(ssr_history[opp_won_amt]))) // group by account
			--var filt_ranked = ADDCOLUMNS(filt, ""rank"",  RANKX(filt, [acct_won_amount]))    -- rank by amount
			--var filt_ranked_totaled = ADDCOLUMNS(filt_ranked, ""run_tot"",  SUMX(FIlter(filt_ranked, [rank] >= EARLIER([rank])), [acct_won_amount]) ) -- running total sorted by rank   
			var tot_amt = SUMX(filt, [acct_won_amount]) // get the total amount for all 
			var tot_count = COUNTX(filt,[acct_won_amount])  // get the total count for all
			--var pareto = tot_amt * .2  // calculate the top pareto amount inverted
			--var count_to_pareto = COUNTX(FILTER(filt_ranked_totaled, [run_tot] >= pareto ), [acct_won_amount]) // apply a filter to the count where the running total is still less than bottom pareto
			
			var res  = tot_count // get the inverse of that count
			
			return res// return count"
"meas.ssr_history_rev_pareto_percentage","KEEP","Rate of ssr history rev pareto percentage. Respects the current filter context.","Calculates revenue pareto percentage in the current reporting context.",""
"meas.ssr_history_rev_pareto_percentage_remaining","KEEP","Rate of ssr history rev pareto percentage remaining. Respects the current filter context.","Calculates revenue pareto percentage remaining in the current reporting context.",""
"meas.ssr_history_rev_period_growth_rate","KEEP","Rate of ssr history rev period growth rate. Respects the current filter context.","Summarizes revenue period growth rate.","var max_date = calculate(max(cal_end_dates[date]) )
			var min_date = calculate(min(cal_end_dates[date]))
			var period_days = DateDiff(min_date ,max_date  , DAY) 
			var prev_max_date = max_date - period_days 
			var prev_min_date = min_date - period_days 
			var prev_period_rev = calculate(sum(ssr_history[opp_won_amt]), cal_end_dates[date] >= prev_min_date  && cal_end_dates[date] < prev_max_date  )
			var curr_period_rev = calculate(sum(ssr_history[opp_won_amt]))
			var growth_rate = divide((curr_period_rev - prev_period_rev) , prev_period_rev, blank()) // diff dvided by orig
			return growth_rate"
"meas.ssr_history_rev_prev_date","KEEP","Measure calculating ssr history rev prev date. Respects the current filter context.","Calculates the number of revenue prev date.","// get the period dates based on current filter contetxt 
			var period_start = calculate(MIN(cal_end_dates[date]))
			var period_end = calculate(MAX(cal_end_dates[date]))
			var period_in_months =  DATEDIFF(period_start, period_end + 1, month) * -1
			var prev_period_start = EDATE(period_start,period_in_months)
			var prev_period_end =   EDATE(period_end,period_in_months)  >= period_start  // client before start of period,  churn after period started
			
			
			var overridden_dates_tbl =  CALCULATETABLE(ssr , cal_end_dates[Date] >=  prev_period_start &&  cal_end_dates[Date] < prev_period_end) -- get current filter context except all dates
			
			// get the tables - break out of filter context (AKK) and override based on first purch and churn
			var starting_custs =  Filter((overridden_dates_tbl), ssr[trueai_first_purchase] <= period_start && ssr[col.trueai_churn_date_no_blanks]  >= period_start)  // client before start of period,  churn after period started
			var retained_custs = Filter((overridden_dates_tbl), ssr[trueai_first_purchase] <= period_start && ssr[col.trueai_churn_date_no_blanks]  >= period_end)  // client before start of period,  churn after period end
			var churned_custs = Filter((overridden_dates_tbl), ssr[col.trueai_churn_date_no_blanks] >= period_start && ssr[col.trueai_churn_date_no_blanks] <= period_end)  // churned after period started, before period ended
			var ending_custs =  Filter((overridden_dates_tbl), ssr[trueai_first_purchase] <= period_end && ssr[col.trueai_churn_date_no_blanks]  >= period_end)  // // client before end of period, churn after  period ended
			
			// get the values based on temp tables
			var starting_cnt = COUNTROWS(starting_custs)
			var starting_amt = CALCULATE(SUM(ssr_history[opp_won_amt]),  cal_end_dates[date] >= prev_period_start &&  cal_end_dates[date] <= prev_period_end ,starting_custs) // look at last years rev for these 
			var retained_cnt = COUNTROWS(retained_custs)
			var retained_amt = CALCULATE(SUM(ssr_history[opp_won_amt]),  cal_end_dates[date] >= prev_period_start &&  cal_end_dates[date] <= prev_period_end ,EXCEPT(starting_custs, churned_custs)) // look at last years rev for these 
			var new_cnt = COUNTROWS( EXCEPT(ending_custs,starting_custs ))
			var new_amt = CALCULATE(SUM(ssr_history[opp_won_amt]), EXCEPT(ending_custs,starting_custs ) ) // not sure why we cannot use new customers here
			var churned_cnt = COUNTROWS(churned_custs) * -1  
			var churned_amt = CALCULATE(SUM(ssr_history[opp_won_amt]), EXCEPT(starting_custs,retained_custs) ) * -1 
			var ending_cnt = COUNTROWS(ending_custs)
			var ending_amt = CALCULATE(SUM(ssr_history[opp_won_amt]),  cal_end_dates[date] >= period_start &&  cal_end_dates[date] <= period_end ,ending_custs) 
			
			// assign the res
			var res = period_end & """"
			return IF(isblank(res), 0, res)"
"meas.ssr_history_rev_retained_amt","KEEP","Measure calculating ssr history rev retained amt. Respects the current filter context.","Calculates the number of revenue retained amount.","// get the period dates based on current filter contetxt 
			var period_start = [meas.context_date_min]
			var period_end = [meas.context_date_max]
			var period_in_months =  DATEDIFF(period_start, period_end + 1, month) * -1
			var prev_period_start = EDATE(period_start,period_in_months)
			var prev_period_end =   EDATE(period_end,period_in_months)
			
			 var overridden_dates_tbl =  CALCULATETABLE(ssr , cal_end_dates[Date] >=  date(1900,1,1) &&  cal_end_dates[Date] < date(2100,1,1)) -- get current filter context except all dates
			
			// get the tables - break out of filter context (AKK) and override based on first purch and churn
			var starting_custs =  Filter((overridden_dates_tbl), ssr[trueai_first_purchase] <= period_start && ssr[col.trueai_churn_date_no_blanks]  >= period_start)  // client before start of period,  churn after period started
			var retained_custs = Filter((overridden_dates_tbl), ssr[trueai_first_purchase] <= period_start && ssr[col.trueai_churn_date_no_blanks]  >= period_end)  // client before start of period,  churn after period end
			var churned_custs = Filter((overridden_dates_tbl), ssr[col.trueai_churn_date_no_blanks] >= period_start && ssr[col.trueai_churn_date_no_blanks] <= period_end)  // churned after period started, before period ended
			var ending_custs =  Filter((overridden_dates_tbl), ssr[trueai_first_purchase] <= period_end && ssr[col.trueai_churn_date_no_blanks]  >= period_end)  // // client before end of period, churn after  period ended
			
			// get the values based on temp tables
			var starting_cnt = COUNTROWS(starting_custs)
			var starting_amt = CALCULATE(SUM(ssr_history[opp_won_amt]),  cal_end_dates[date] >= prev_period_start &&  cal_end_dates[date] <= prev_period_end ,starting_custs) // look at last years rev for these 
			var retained_cnt = COUNTROWS(retained_custs)
			var retained_amt = CALCULATE(SUM(ssr_history[opp_won_amt]),  cal_end_dates[date] >= prev_period_start &&  cal_end_dates[date] <= prev_period_end ,EXCEPT(starting_custs, churned_custs)) // look at last years rev for these 
			var new_cnt = COUNTROWS( EXCEPT(ending_custs,starting_custs ))
			var new_amt = CALCULATE(SUM(ssr_history[opp_won_amt]), EXCEPT(ending_custs,starting_custs ) ) // not sure why we cannot use new customers here
			var churned_cnt = COUNTROWS(churned_custs) * -1  
			var churned_amt = CALCULATE(SUM(ssr_history[opp_won_amt]),  cal_end_dates[date] >= prev_period_start &&  cal_end_dates[date] <= prev_period_end ,EXCEPT(starting_custs,retained_custs)) * -1 
			var ending_cnt = COUNTROWS(ending_custs)
			var ending_amt = CALCULATE(SUM(ssr_history[opp_won_amt]),  cal_end_dates[date] >= period_start &&  cal_end_dates[date] <= period_end ,ending_custs) 
			
			
			
			// assign the res
			var res = retained_amt 
			return IF(isblank(res), 0, res)"
"meas.ssr_history_rev_retained_avg_acct_age","KEEP","Average of ssr history rev retained avg acct age. Respects the current filter context.","Calculates the number of revenue retained average account age.","// get the period dates based on current filter contetxt 
			var period_start = [meas.context_date_min]
			var period_end = [meas.context_date_max]
			var period_in_months =  DATEDIFF(period_start, period_end + 1, month) * -1
			var prev_period_start = EDATE(period_start,period_in_months)
			var prev_period_end =   EDATE(period_end,period_in_months)
			
			 var overridden_dates_tbl =  CALCULATETABLE(ssr , cal_end_dates[Date] >=  date(1900,1,1) &&  cal_end_dates[Date] < date(2100,1,1)) -- get current filter context except all dates
			
			// get the tables - break out of filter context (AKK) and override based on first purch and churn
			var starting_custs =  Filter((overridden_dates_tbl), ssr[trueai_first_purchase] <= period_start && ssr[col.trueai_churn_date_no_blanks]  >= period_start)  // client before start of period,  churn after period started
			var retained_custs = Filter((overridden_dates_tbl), ssr[trueai_first_purchase] <= period_start && ssr[col.trueai_churn_date_no_blanks]  >= period_end)  // client before start of period,  churn after period end
			var churned_custs = Filter((overridden_dates_tbl), ssr[col.trueai_churn_date_no_blanks] >= period_start && ssr[col.trueai_churn_date_no_blanks] <= period_end)  // churned after period started, before period ended
			var ending_custs =  Filter((overridden_dates_tbl), ssr[trueai_first_purchase] <= period_end && ssr[col.trueai_churn_date_no_blanks]  >= period_end)  // // client before end of period, churn after  period ended
			
			// get the values based on temp tables
			var starting_cnt = COUNTROWS(starting_custs)
			var starting_amt = CALCULATE(SUM(ssr_history[opp_won_amt]),  cal_end_dates[date] >= prev_period_start &&  cal_end_dates[date] <= prev_period_end ,starting_custs) // look at last years rev for these 
			var retained_cnt = COUNTROWS(retained_custs)
			var retained_amt = CALCULATE(SUM(ssr_history[opp_won_amt]),  cal_end_dates[date] >= prev_period_start &&  cal_end_dates[date] <= prev_period_end ,EXCEPT(starting_custs, churned_custs)) // look at last years rev for these 
			var new_cnt = COUNTROWS( EXCEPT(ending_custs,starting_custs ))
			var new_amt = CALCULATE(SUM(ssr_history[opp_won_amt]), EXCEPT(ending_custs,starting_custs ) ) // not sure why we cannot use new customers here
			var churned_cnt = COUNTROWS(churned_custs) * -1  
			var churned_amt = CALCULATE(SUM(ssr_history[opp_won_amt]),  cal_end_dates[date] >= prev_period_start &&  cal_end_dates[date] <= prev_period_end ,EXCEPT(starting_custs,retained_custs)) * -1 
			var ending_cnt = COUNTROWS(ending_custs)
			var ending_amt = CALCULATE(SUM(ssr_history[opp_won_amt]),  cal_end_dates[date] >= period_start &&  cal_end_dates[date] <= period_end ,ending_custs) 
			
			var avg_age = AVERAGEX(retained_custs, DateDiff(ssr[trueai_first_purchase],prev_period_end, month))
			
			// assign the res
			var res = avg_age 
			return res"
"meas.ssr_history_rev_retained_avg_acct_amt","KEEP","Average of ssr history rev retained avg acct amt. Respects the current filter context.","Returns revenue retained average account amount.","DIVIDE(ssr_history[meas.ssr_history_rev_retained_amt], ssr_history[meas.ssr_history_rev_retained_count] , blank())"
"meas.ssr_history_rev_retained_count","KEEP","Count of ssr history rev retained count. Respects the current filter context.","Calculates the number of revenue retained count.","// get the period dates based on current filter contetxt 
			var period_start = [meas.context_date_min]
			var period_end = [meas.context_date_max]
			var period_in_months =  DATEDIFF(period_start, period_end + 1, month) * -1
			var prev_period_start = EDATE(period_start,period_in_months)
			var prev_period_end =   EDATE(period_end,period_in_months)
			
			 var overridden_dates_tbl =  CALCULATETABLE(ssr , cal_end_dates[Date] >=  date(1900,1,1) &&  cal_end_dates[Date] < date(2100,1,1)) -- get current filter context except all dates
			
			// get the tables - break out of filter context (AKK) and override based on first purch and churn
			var starting_custs =  Filter((overridden_dates_tbl), ssr[trueai_first_purchase] <= period_start && ssr[col.trueai_churn_date_no_blanks]  >= period_start)  // client before start of period,  churn after period started
			var retained_custs = Filter((overridden_dates_tbl), ssr[trueai_first_purchase] <= period_start && ssr[col.trueai_churn_date_no_blanks]  >= period_end)  // client before start of period,  churn after period end
			var churned_custs = Filter((overridden_dates_tbl), ssr[col.trueai_churn_date_no_blanks] >= period_start && ssr[col.trueai_churn_date_no_blanks] <= period_end)  // churned after period started, before period ended
			var ending_custs =  Filter((overridden_dates_tbl), ssr[trueai_first_purchase] <= period_end && ssr[col.trueai_churn_date_no_blanks]  >= period_end)  // // client before end of period, churn after  period ended
			
			// get the values based on temp tables
			var starting_cnt = COUNTROWS(starting_custs)
			var starting_amt = CALCULATE(SUM(ssr_history[opp_won_amt]),  cal_end_dates[date] >= prev_period_start &&  cal_end_dates[date] <= prev_period_end ,starting_custs) // look at last years rev for these 
			var retained_cnt = COUNTROWS(retained_custs)
			var retained_amt = CALCULATE(SUM(ssr_history[opp_won_amt]),  cal_end_dates[date] >= prev_period_start &&  cal_end_dates[date] <= prev_period_end ,EXCEPT(starting_custs, churned_custs)) // look at last years rev for these 
			var new_cnt = COUNTROWS( EXCEPT(ending_custs,starting_custs ))
			var new_amt = CALCULATE(SUM(ssr_history[opp_won_amt]), EXCEPT(ending_custs,starting_custs ) ) // not sure why we cannot use new customers here
			var churned_cnt = COUNTROWS(churned_custs) * -1  
			var churned_amt = CALCULATE(SUM(ssr_history[opp_won_amt]),  cal_end_dates[date] >= prev_period_start &&  cal_end_dates[date] <= prev_period_end ,EXCEPT(starting_custs,retained_custs)) * -1 
			var ending_cnt = COUNTROWS(ending_custs)
			var ending_amt = CALCULATE(SUM(ssr_history[opp_won_amt]),  cal_end_dates[date] >= period_start &&  cal_end_dates[date] <= period_end ,ending_custs) 
			
			// assign the res
			var res = retained_cnt 
			return IF(isblank(res), 0, res)"
"meas.ssr_history_rev_retention_rate","KEEP","Rate of ssr history rev retention rate. Respects the current filter context.","Returns revenue retention rate.","DIVIDE([meas.ssr_history_rev_retained_amt],[meas.ssr_history_rev_starting_amount] , blank())"
"meas.ssr_history_rev_starting_amount","KEEP","Measure calculating ssr history rev starting amount. Respects the current filter context.","Calculates the number of revenue starting amount.","// get the period dates based on current filter contetxt 
			var period_start = [meas.context_date_min]
			var period_end = [meas.context_date_max]
			var period_in_months =  DATEDIFF(period_start, period_end + 1, month) * -1
			var prev_period_start = EDATE(period_start,period_in_months)
			var prev_period_end =   EDATE(period_end,period_in_months)
			
			 var overridden_dates_tbl =  CALCULATETABLE(ssr , cal_end_dates[Date] >=  date(1900,1,1) &&  cal_end_dates[Date] < date(2100,1,1)) -- get current filter context except all dates
			
			// get the tables - break out of filter context (AKK) and override based on first purch and churn
			var starting_custs =  Filter((overridden_dates_tbl), ssr[trueai_first_purchase] <= period_start && ssr[col.trueai_churn_date_no_blanks]  >= period_start)  // client before start of period,  churn after period started
			var retained_custs = Filter((overridden_dates_tbl), ssr[trueai_first_purchase] <= period_start && ssr[col.trueai_churn_date_no_blanks]  >= period_end)  // client before start of period,  churn after period end
			var churned_custs = Filter((overridden_dates_tbl), ssr[col.trueai_churn_date_no_blanks] >= period_start && ssr[col.trueai_churn_date_no_blanks] <= period_end)  // churned after period started, before period ended
			var ending_custs =  Filter((overridden_dates_tbl), ssr[trueai_first_purchase] <= period_end && ssr[col.trueai_churn_date_no_blanks]  >= period_end)  // // client before end of period, churn after  period ended
			
			// get the values based on temp tables
			var starting_cnt = COUNTROWS(starting_custs)
			var starting_amt = CALCULATE(SUM(ssr_history[opp_won_amt]),  cal_end_dates[date] >= prev_period_start &&  cal_end_dates[date] <= prev_period_end ,starting_custs) // look at last years rev for these 
			var retained_cnt = COUNTROWS(retained_custs)
			var retained_amt = CALCULATE(SUM(ssr_history[opp_won_amt]),  cal_end_dates[date] >= prev_period_start &&  cal_end_dates[date] <= prev_period_end ,EXCEPT(starting_custs, churned_custs)) // look at last years rev for these 
			var new_cnt = COUNTROWS( EXCEPT(ending_custs,starting_custs ))
			var new_amt = CALCULATE(SUM(ssr_history[opp_won_amt]), EXCEPT(ending_custs,starting_custs ) ) // not sure why we cannot use new customers here
			var churned_cnt = COUNTROWS(churned_custs) * -1  
			var churned_amt = CALCULATE(SUM(ssr_history[opp_won_amt]),  cal_end_dates[date] >= prev_period_start &&  cal_end_dates[date] <= prev_period_end ,EXCEPT(starting_custs,retained_custs)) * -1 
			var ending_cnt = COUNTROWS(ending_custs)
			var ending_amt = CALCULATE(SUM(ssr_history[opp_won_amt]),  cal_end_dates[date] >= period_start &&  cal_end_dates[date] <= period_end ,ending_custs) 
			
			
			// assign the res
			var res = starting_amt 
			return IF(isblank(res), 0, res)"
"meas.ssr_history_rev_starting_count","KEEP","Count of ssr history rev starting count. Respects the current filter context.","Calculates the number of revenue starting count.","// get the period dates based on current filter contetxt 
			var period_start = [meas.context_date_min]
			var period_end = [meas.context_date_max]
			var period_in_months =  DATEDIFF(period_start, period_end + 1, month) * -1
			var prev_period_start = EDATE(period_start,period_in_months)
			var prev_period_end =   EDATE(period_end,period_in_months)
			
			 var overridden_dates_tbl =  CALCULATETABLE(ssr , cal_end_dates[Date] >=  date(1900,1,1) &&  cal_end_dates[Date] < date(2100,1,1)) -- get current filter context except all dates
			
			// get the tables - break out of filter context (AKK) and override based on first purch and churn
			var starting_custs =  Filter((overridden_dates_tbl), ssr[trueai_first_purchase] <= period_start && ssr[col.trueai_churn_date_no_blanks]  >= period_start)  // client before start of period,  churn after period started
			var retained_custs = Filter((overridden_dates_tbl), ssr[trueai_first_purchase] <= period_start && ssr[col.trueai_churn_date_no_blanks]  >= period_end)  // client before start of period,  churn after period end
			var churned_custs = Filter((overridden_dates_tbl), ssr[col.trueai_churn_date_no_blanks] >= period_start && ssr[col.trueai_churn_date_no_blanks] <= period_end)  // churned after period started, before period ended
			var ending_custs =  Filter((overridden_dates_tbl), ssr[trueai_first_purchase] <= period_end && ssr[col.trueai_churn_date_no_blanks]  >= period_end)  // // client before end of period, churn after  period ended
			
			// get the values based on temp tables
			var starting_cnt = COUNTROWS(starting_custs)
			var starting_amt = CALCULATE(SUM(ssr_history[opp_won_amt]),  cal_end_dates[date] >= prev_period_start &&  cal_end_dates[date] <= prev_period_end ,starting_custs) // look at last years rev for these 
			var retained_cnt = COUNTROWS(retained_custs)
			var retained_amt = CALCULATE(SUM(ssr_history[opp_won_amt]),  cal_end_dates[date] >= prev_period_start &&  cal_end_dates[date] <= prev_period_end ,EXCEPT(starting_custs, churned_custs)) // look at last years rev for these 
			var new_cnt = COUNTROWS( EXCEPT(ending_custs,starting_custs ))
			var new_amt = CALCULATE(SUM(ssr_history[opp_won_amt]), EXCEPT(ending_custs,starting_custs ) ) // not sure why we cannot use new customers here
			var churned_cnt = COUNTROWS(churned_custs) * -1  
			var churned_amt = CALCULATE(SUM(ssr_history[opp_won_amt]),  cal_end_dates[date] >= prev_period_start &&  cal_end_dates[date] <= prev_period_end ,EXCEPT(starting_custs,retained_custs)) * -1 
			var ending_cnt = COUNTROWS(ending_custs)
			var ending_amt = CALCULATE(SUM(ssr_history[opp_won_amt]),  cal_end_dates[date] >= period_start &&  cal_end_dates[date] <= period_end ,ending_custs) 
			
			// assign the res
			var res = starting_cnt 
			return IF(isblank(res), 0, res)"
"meas.ssr_history_row_filler","KEEP","Measure calculating ssr history row filler. Respects the current filter context.","Returns row filler.",""""""
"meas.ssr_history_sales_engineer_success_prob_avg","KEEP","Average of ssr history sales engineer success prob avg. Respects the current filter context.","Calculates sales engineer success probability average in the current reporting context.",""
"meas.ssr_history_sales_leads_probability_of_conversion","KEEP","Measure calculating ssr history sales leads probability of conversion. Respects the current filter context.","Calculates sales leads probability of conversion in the current reporting context.",""
"meas.ssr_history_sel_date_card_count","KEEP","Count of ssr history sel date card count. Respects the current filter context.","Returns sel date card count.","var sel_date = [meas.sel_date] // get the selected date 
			
			var temp_tbl = CALCULATETABLE(ssr_history ,  cal_end_dates[Date] <= date(2100,1,1) ) // start by filtering the table to the appropriate period and override the end date to include open item,s 
			
			var filter_tbl  =
			FILTER (
			    temp_tbl,
			    ssr_history[_sys_doc_id] = 
			    CALCULATE (
			          MAX ( ssr_history[_sys_doc_id] ),
			        FILTER (
			            all(ssr_history),
			            ssr_history[_sys_ssr_id] = EARLIER ( ssr_history[_sys_ssr_id] ) // this checks all the other values if it is the relevant one
			            &&  ssr_history[step_end_date] < sel_date  // this ensures that we exclude anything after the selected date - important!
			        )
			        
			    )
			)
			Var res  = countx(filter_tbl,[_sys_doc_id] )
			RETURN res"
"meas.ssr_history_sel_date_count","KEEP","Count of ssr history sel date count. Respects the current filter context.","Calculates the number of sel date count.","//*** This is the ""earlier"" measure sub filtere approach for TS data  - use to get a filter measure and a count only (counts can be used in pie charts etc)
			
			-- function that through multiple steps get the most recent records in a table for each coid and then allow u to do agg ops on it 
			var sel_date = [meas.sel_date] // get the selected date 
			
			//var temp_res =  CALCULATE(COUNT(ssr_history[_sys_doc_id]))
			var temp_tbl = CALCULATETABLE(ssr_history ,  cal_end_dates[Date] <= date(2100,1,1) ) // start by filtering the table to the appropriate period and override the end date to include open item,s 
			
			var filter_tbl  =
			FILTER (
			    temp_tbl,
			    ssr_history[_sys_doc_id] = 
			    CALCULATE (
			          MAX ( ssr_history[_sys_doc_id] ),
			        FILTER (
			            all(ssr_history),
			            ssr_history[_sys_ssr_id] = EARLIER ( ssr_history[_sys_ssr_id] ) // this checks all the other values if it is the relevant one
			            &&  ssr_history[_sys_filt_start_date] < sel_date  // this ensures that we exclude anything after the selected date - important!
			        )
			    )
			)
			Var res  = countx(filter_tbl,[_sys_doc_id] )
			RETURN res"
"meas.ssr_history_sel_date_count2","KEEP","Count of ssr history sel date count2. Respects the current filter context.","Calculates the number of sel date count2.","//*** This is the summarized table approach fot TS data  - use to get a correct aggreate value for a card etc, not for filtering ***/ 
			
			-- function that through multiple steps get the most recent records in a table for each coid and then allow u to do agg ops on it 
			var sel_date = [meas.sel_date] // get the selected date 
			
			
			var temp_tbl = CALCULATETABLE(ssr_history ,   cal_end_dates[Date] <= date(2100,1,1) ) // start by filtering the table to the appropriate period and overrider the end date to include open item,s 
			
			var sum_tbl1 = SUMMARIZE(temp_tbl, [_sys_ssr_id], ""count_id"", Count([_sys_doc_id]), ""max_sys_doc_id"", MAX(ssr_history[_sys_doc_id])) // aggregate and get the most recent entry
			
			VAR most_recent_entries = 
			    FILTER(
			        temp_tbl, // use the already filtered table to ensure correct rows
			        ssr_history[_sys_doc_id] IN SELECTCOLUMNS(sum_tbl1, ""max_sys_doc_id"", [max_sys_doc_id]) // use an in stagtemetn w/ selectcol to filter just those rows
			        )
			        
			    
			
			var res =   COUNTROWS(sum_tbl1) // COUNTX(most_recent_entries, [_sys_doc_id]) // do the agg opes 
			
			RETURN res"
"meas.ssr_history_sel_date_count3","KEEP","Count of ssr history sel date count3. Respects the current filter context.","Calculates the number of sel date count3.","//*** This is the ""earlier"" measure sub filtere approach for TS data  - use to get a filter measure and a count only (counts can be used in pie charts etc)
			
			-- function that through multiple steps get the most recent records in a table for each coid and then allow u to do agg ops on it 
			var sel_date = [meas.sel_date] // get the selected date 
			
			//var temp_res =  CALCULATE(COUNT(ssr_history[_sys_doc_id]))
			var temp_tbl = CALCULATETABLE(ssr_history ,  cal_end_dates[Date] <= date(2100,1,1) ) // start by filtering the table to the appropriate period and override the end date to include open item,s 
			
			var filter_tbl  =
			FILTER (
			    temp_tbl,
			    ssr_history[_sys_doc_id] = 
			    CALCULATE (
			          MAX ( ssr_history[_sys_doc_id] ),
			        FILTER (
			            all(ssr_history),
			            ssr_history[_sys_ssr_id] = EARLIER ( ssr_history[_sys_ssr_id] ) // this checks all the other values if it is the relevant one
			            &&  ssr_history[step_end_date] < sel_date  // this ensures that we exclude anything after the selected date - important!
			        )
			    )
			)
			Var res  = countx(filter_tbl,[_sys_doc_id] )
			RETURN res"
"meas.ssr_history_sel_date_count4","KEEP","Count of ssr history sel date count4. Respects the current filter context.","Calculates the number of sel date count4.","//*** This is the ""earlier"" measure sub filtere approach for TS data  - use to get a filter measure and a count only (counts can be used in pie charts etc)
			
			-- function that through multiple steps get the most recent records in a table for each coid and then allow u to do agg ops on it 
			var sel_date = [meas.sel_date] // get the selected date 
			
			//var temp_res =  CALCULATE(COUNT(ssr_history[_sys_doc_id]))
			var temp_tbl = CALCULATETABLE(ssr_history ,  cal_end_dates[Date] <= date(2100,1,1) ) // start by filtering the table to the appropriate period and override the end date to include open item,s 
			
			var filter_tbl  =
			FILTER (
			    temp_tbl,
			    ssr_history[_sys_doc_id] = 
			    CALCULATE (
			          MAX ( ssr_history[_sys_doc_id] ),
			        FILTER (
			            all(ssr_history),
			            ssr_history[_sys_ssr_id] = EARLIER ( ssr_history[_sys_ssr_id] ) // this checks all the other values if it is the relevant one
			            &&  ssr_history[step_end_date] < sel_date &&  ssr_history[_sys_filt_start_date] < sel_date  // this ensures that we exclude anything after the selected date - important!  this measure is doing both step outcome and trueai added on date filtering 
			        )
			    )
			)
			Var res  = countx(filter_tbl,[_sys_doc_id] )
			RETURN res"
"meas.ssr_history_sel_date_most_recent_start_date","KEEP","Measure calculating ssr history sel date most recent start date. Respects the current filter context.","Calculates the number of sel date most recent start date.","-- function that through multiple steps get the most recent records in a table for each coid and then allow u to do agg ops on it 
			var sel_date = [meas.sel_date] // get the selected date 
			
			//var temp_res =  CALCULATE(COUNT(ssr_history[_sys_doc_id]))
			var temp_tbl = CALCULATETABLE(ssr_history ,  cal_end_dates[Date] <= date(2100,1,1) ) // start by filtering the table to the appropriate period and override the end date to include open item,s 
			
			var filter_tbl  =
			FILTER (
			    temp_tbl,
			    
			    
			    ssr_history[_sys_doc_id] = 
			    CALCULATE (
			          MAX ( ssr_history[_sys_doc_id] ),
			        FILTER (
			            all(ssr_history),
			            ssr_history[_sys_ssr_id] = EARLIER ( ssr_history[_sys_ssr_id] ) // this checks all the other values if it is the relevant one
			            &&  ssr_history[_sys_filt_start_date] < sel_date  // this ensures that we exclude anything after the selected date - important!
			        )
			    )
			)
			Var res  = MAXX(filter_tbl,[_sys_filt_start_date] )
			RETURN res"
"meas.ssr_history_sel_date_pipeline_generated","KEEP","Rate of ssr history sel date pipeline generated. Respects the current filter context.","Calculates the number of sel date pipeline generated.","//*** This is the summarized table approach fot TS data  - use to get a correct aggreate value for a card etc, not for filtering ***/ 
			
			-- function that through multiple steps get the most recent records in a table for each coid and then allow u to do agg ops on it 
			var sel_date = [meas.sel_date] // get the selected date 
			
			
			var temp_tbl = CALCULATETABLE(ssr_history ,   cal_end_dates[Date] <= date(2100,1,1) ) // start by filtering the table to the appropriate period and overrider the end date to include open item,s 
			
			var sum_tbl1 = SUMMARIZE(temp_tbl, [_sys_ssr_id], ""count_id"", Count([_sys_doc_id]), ""max_sys_doc_id"", MAX(ssr_history[_sys_doc_id])) // aggregate and get the most recent entry
			
			VAR most_recent_entries = 
			    FILTER(
			        temp_tbl, // use the already filtered table to ensure correct rows
			        ssr_history[_sys_doc_id] IN SELECTCOLUMNS(sum_tbl1, ""max_sys_doc_id"", [max_sys_doc_id]) // use an in stagtemetn w/ selectcol to filter just those rows
			        )
			        
			    
			
			var res =   SUMX(most_recent_entries, [opp_pipeline_amt]) // do the agg opes 
			
			RETURN res"
"meas.ssr_history_ssr_id_count","KEEP","Count of ssr history ssr id count. Respects the current filter context.","Calculates ssr id count in the current reporting context.",""
"meas.ssr_history_stakeholders_most_common_first_act","REVIEW","Measure calculating ssr history stakeholders most common first act. Respects the current filter context.","Redundant measure - slated for depreciation.","CALCULATE(MAX(ssr_history[stkhlds_all_first_act]))"
"meas.ssr_history_stakeholders_title_function_most_common","KEEP","Measure calculating ssr history stakeholders title function most common. Respects the current filter context.","Helper measure used for internal calculations, dynamic formatting, or visual behavior.","var tbl_context_filt_data1 = SELECTCOLUMNS( CALCULATETABLE(ssr_history), ""cat"", ssr_history[stkhlds_all_most_common_title_department])  // get the current context data w/ filters as a single col table    
			    var tbl_context_filt_data = Filter(tbl_context_filt_data1,ISBLANK([cat]) = false && [cat] <> """" )   //filter out blank and null
			
			    var all_filt_data_count = countrows(tbl_context_filt_data)  // get the count of the current filtered data w/ out grouping context for the ""all"" set
			    var tbl_context_filt_data_sum = SUMMARIZE((tbl_context_filt_data), [cat], ""cat_count"", count([cat])) // summarize by category
			    var tbl_context_filt_data_ranked = ADDCOLUMNS(tbl_context_filt_data_sum, ""cat_rank"", Rankx(tbl_context_filt_data_sum, [cat_count],,DESC,Dense)) // add ranking function on summarized table
			    
			    //now we have the data - now filter by rank to get the specific values we need
			    var top_count = MAXX(FILTER(tbl_context_filt_data_ranked,[cat_rank]=1), [cat_count]) 
			    var top_cat = MAXX(FILTER(tbl_context_filt_data_ranked,[cat_rank]=1), [cat])
			    var top_ratio =  DIVIDE(top_count, all_filt_data_count, BLANK())
			    // same for the second values
			    var second_count = MAXX(FILTER(tbl_context_filt_data_ranked,[cat_rank] =2), [cat_count])
			    var second_cat = MAXX(FILTER(tbl_context_filt_data_ranked,[cat_rank] =2), [cat])
			    var second_ratio =  DIVIDE(second_count, all_filt_data_count, BLANK())
			    
			
			    // pick the value we're interested in
			    var res = top_cat
			    return res"
"meas.ssr_history_stakeholders_title_function_most_common_portion","KEEP","Measure calculating ssr history stakeholders title function most common portion. Respects the current filter context.","Helper measure used for internal calculations, dynamic formatting, or visual behavior.","var tbl_context_filt_data1 = SELECTCOLUMNS( CALCULATETABLE(ssr_history), ""cat"", ssr_history[stkhlds_all_most_common_title_department])  // get the current context data w/ filters as a single col table    
			    var tbl_context_filt_data = Filter(tbl_context_filt_data1,ISBLANK([cat]) = false && [cat] <> """" )   //filter out blank and null
			
			    var all_filt_data_count = countrows(tbl_context_filt_data)  // get the count of the current filtered data w/ out grouping context for the ""all"" set
			    var tbl_context_filt_data_sum = SUMMARIZE((tbl_context_filt_data), [cat], ""cat_count"", count([cat])) // summarize by category
			    var tbl_context_filt_data_ranked = ADDCOLUMNS(tbl_context_filt_data_sum, ""cat_rank"", Rankx(tbl_context_filt_data_sum, [cat_count],,DESC,Dense)) // add ranking function on summarized table
			    
			    //now we have the data - now filter by rank to get the specific values we need
			    var top_count = MAXX(FILTER(tbl_context_filt_data_ranked,[cat_rank]=1), [cat_count]) 
			    var top_cat = MAXX(FILTER(tbl_context_filt_data_ranked,[cat_rank]=1), [cat])
			    var top_ratio =  DIVIDE(top_count, all_filt_data_count, BLANK())
			    // same for the second values
			    var second_count = MAXX(FILTER(tbl_context_filt_data_ranked,[cat_rank] =2), [cat_count])
			    var second_cat = MAXX(FILTER(tbl_context_filt_data_ranked,[cat_rank] =2), [cat])
			    var second_ratio =  DIVIDE(second_count, all_filt_data_count, BLANK())
			    
			    // pick the value we're interested in
			    var res = top_ratio
			    return res"
"meas.ssr_history_stakeholders_title_function_second_common","KEEP","Measure calculating ssr history stakeholders title function second common. Respects the current filter context.","Helper measure used for internal calculations, dynamic formatting, or visual behavior.","var tbl_context_filt_data1 = SELECTCOLUMNS( CALCULATETABLE(ssr_history), ""cat"", ssr_history[stkhlds_all_most_common_title_department])  // get the current context data w/ filters as a single col table    
			    var tbl_context_filt_data = Filter(tbl_context_filt_data1,ISBLANK([cat]) = false && [cat] <> """" )   //filter out blank and null
			
			    var all_filt_data_count = countrows(tbl_context_filt_data)  // get the count of the current filtered data w/ out grouping context for the ""all"" set
			    var tbl_context_filt_data_sum = SUMMARIZE((tbl_context_filt_data), [cat], ""cat_count"", count([cat])) // summarize by category
			    var tbl_context_filt_data_ranked = ADDCOLUMNS(tbl_context_filt_data_sum, ""cat_rank"", Rankx(tbl_context_filt_data_sum, [cat_count],,DESC,Dense)) // add ranking function on summarized table
			    
			    //now we have the data - now filter by rank to get the specific values we need
			    var top_count = MAXX(FILTER(tbl_context_filt_data_ranked,[cat_rank]=1), [cat_count]) 
			    var top_cat = MAXX(FILTER(tbl_context_filt_data_ranked,[cat_rank]=1), [cat])
			    var top_ratio =  DIVIDE(top_count, all_filt_data_count, BLANK())
			    // same for the second values
			    var second_count = MAXX(FILTER(tbl_context_filt_data_ranked,[cat_rank] =2), [cat_count])
			    var second_cat = MAXX(FILTER(tbl_context_filt_data_ranked,[cat_rank] =2), [cat])
			    var second_ratio =  DIVIDE(second_count, all_filt_data_count, BLANK())
			    
			
			    // pick the value we're interested in
			    var res = second_cat
			    return res"
"meas.ssr_history_stakeholders_title_function_second_common_portion","KEEP","Measure calculating ssr history stakeholders title function second common portion. Respects the current filter context.","Helper measure used for internal calculations, dynamic formatting, or visual behavior.","var tbl_context_filt_data1 = SELECTCOLUMNS( CALCULATETABLE(ssr_history), ""cat"", ssr_history[stkhlds_all_most_common_title_seniority])  // get the current context data w/ filters as a single col table    
			    var tbl_context_filt_data = Filter(tbl_context_filt_data1,ISBLANK([cat]) = false && [cat] <> """" )   //filter out blank and null
			
			    var all_filt_data_count = countrows(tbl_context_filt_data)  // get the count of the current filtered data w/ out grouping context for the ""all"" set
			    var tbl_context_filt_data_sum = SUMMARIZE((tbl_context_filt_data), [cat], ""cat_count"", count([cat])) // summarize by category
			    var tbl_context_filt_data_ranked = ADDCOLUMNS(tbl_context_filt_data_sum, ""cat_rank"", Rankx(tbl_context_filt_data_sum, [cat_count],,DESC,Dense)) // add ranking function on summarized table
			    
			    //now we have the data - now filter by rank to get the specific values we need
			    var top_count = MAXX(FILTER(tbl_context_filt_data_ranked,[cat_rank]=1), [cat_count]) 
			    var top_cat = MAXX(FILTER(tbl_context_filt_data_ranked,[cat_rank]=1), [cat])
			    var top_ratio =  DIVIDE(top_count, all_filt_data_count, BLANK())
			    // same for the second values
			    var second_count = MAXX(FILTER(tbl_context_filt_data_ranked,[cat_rank] =2), [cat_count])
			    var second_cat = MAXX(FILTER(tbl_context_filt_data_ranked,[cat_rank] =2), [cat])
			    var second_ratio =  DIVIDE(second_count, all_filt_data_count, BLANK())
			    
			
			    // pick the value we're interested in
			    var res = second_ratio
			    return res"
"meas.ssr_history_stakeholders_title_level__most_common_highest","KEEP","Measure calculating ssr history stakeholders title level most common highest. Respects the current filter context.","Helper measure used for internal calculations, dynamic formatting, or visual behavior.","var tbl_context_filt_data1 = SELECTCOLUMNS( CALCULATETABLE(ssr_history), ""cat"", ssr_history[stkhlds_all_max_title_seniority])  // get the current context data w/ filters as a single col table    
			    var tbl_context_filt_data = Filter(tbl_context_filt_data1,ISBLANK([cat]) = false && [cat] <> """" )   //filter out blank and null
			
			    var all_filt_data_count = countrows(tbl_context_filt_data)  // get the count of the current filtered data w/ out grouping context for the ""all"" set
			    var tbl_context_filt_data_sum = SUMMARIZE((tbl_context_filt_data), [cat], ""cat_count"", count([cat])) // summarize by category
			    var tbl_context_filt_data_ranked = ADDCOLUMNS(tbl_context_filt_data_sum, ""cat_rank"", Rankx(tbl_context_filt_data_sum, [cat_count],,DESC,Dense)) // add ranking function on summarized table
			    
			    //now we have the data - now filter by rank to get the specific values we need
			    var top_count = MAXX(FILTER(tbl_context_filt_data_ranked,[cat_rank]=1), [cat_count]) 
			    var top_cat = MAXX(FILTER(tbl_context_filt_data_ranked,[cat_rank]=1), [cat])
			    var top_ratio =  DIVIDE(top_count, all_filt_data_count, BLANK())
			    // same for the second values
			    var second_count = MAXX(FILTER(tbl_context_filt_data_ranked,[cat_rank] =2), [cat_count])
			    var second_cat = MAXX(FILTER(tbl_context_filt_data_ranked,[cat_rank] =2), [cat])
			    var second_ratio =  DIVIDE(second_count, all_filt_data_count, BLANK())
			    
			
			    // pick the value we're interested in
			    var res = top_cat
			    return res"
"meas.ssr_history_stakeholders_title_level__most_common_highest_portion","KEEP","Measure calculating ssr history stakeholders title level most common highest portion. Respects the current filter context.","Helper measure used for internal calculations, dynamic formatting, or visual behavior.","var tbl_context_filt_data1 = SELECTCOLUMNS( CALCULATETABLE(ssr_history), ""cat"", ssr_history[stkhlds_all_max_title_seniority])  // get the current context data w/ filters as a single col table    
			    var tbl_context_filt_data = Filter(tbl_context_filt_data1,ISBLANK([cat]) = false && [cat] <> """" )   //filter out blank and null
			
			    var all_filt_data_count = countrows(tbl_context_filt_data)  // get the count of the current filtered data w/ out grouping context for the ""all"" set
			    var tbl_context_filt_data_sum = SUMMARIZE((tbl_context_filt_data), [cat], ""cat_count"", count([cat])) // summarize by category
			    var tbl_context_filt_data_ranked = ADDCOLUMNS(tbl_context_filt_data_sum, ""cat_rank"", Rankx(tbl_context_filt_data_sum, [cat_count],,DESC,Dense)) // add ranking function on summarized table
			    
			    //now we have the data - now filter by rank to get the specific values we need
			    var top_count = MAXX(FILTER(tbl_context_filt_data_ranked,[cat_rank]=1), [cat_count]) 
			    var top_cat = MAXX(FILTER(tbl_context_filt_data_ranked,[cat_rank]=1), [cat])
			    var top_ratio =  DIVIDE(top_count, all_filt_data_count, BLANK())
			    // same for the second values
			    var second_count = MAXX(FILTER(tbl_context_filt_data_ranked,[cat_rank] =2), [cat_count])
			    var second_cat = MAXX(FILTER(tbl_context_filt_data_ranked,[cat_rank] =2), [cat])
			    var second_ratio =  DIVIDE(second_count, all_filt_data_count, BLANK())
			    
			
			    // pick the value we're interested in
			    var res = top_ratio
			    return res"
"meas.ssr_history_stakeholders_title_level_most_common","KEEP","Measure calculating ssr history stakeholders title level most common. Respects the current filter context.","Helper measure used for internal calculations, dynamic formatting, or visual behavior.","var tbl_context_filt_data1 = SELECTCOLUMNS( CALCULATETABLE(ssr_history), ""cat"", ssr_history[stkhlds_all_most_common_title_seniority])  // get the current context data w/ filters as a single col table    
			    var tbl_context_filt_data = Filter(tbl_context_filt_data1,ISBLANK([cat]) = false && [cat] <> """" )   //filter out blank and null
			
			    var all_filt_data_count = countrows(tbl_context_filt_data)  // get the count of the current filtered data w/ out grouping context for the ""all"" set
			    var tbl_context_filt_data_sum = SUMMARIZE((tbl_context_filt_data), [cat], ""cat_count"", count([cat])) // summarize by category
			    var tbl_context_filt_data_ranked = ADDCOLUMNS(tbl_context_filt_data_sum, ""cat_rank"", Rankx(tbl_context_filt_data_sum, [cat_count],,DESC,Dense)) // add ranking function on summarized table
			    
			    //now we have the data - now filter by rank to get the specific values we need
			    var top_count = MAXX(FILTER(tbl_context_filt_data_ranked,[cat_rank]=1), [cat_count]) 
			    var top_cat = MAXX(FILTER(tbl_context_filt_data_ranked,[cat_rank]=1), [cat])
			    var top_ratio =  DIVIDE(top_count, all_filt_data_count, BLANK())
			    // same for the second values
			    var second_count = MAXX(FILTER(tbl_context_filt_data_ranked,[cat_rank] =2), [cat_count])
			    var second_cat = MAXX(FILTER(tbl_context_filt_data_ranked,[cat_rank] =2), [cat])
			    var second_ratio =  DIVIDE(second_count, all_filt_data_count, BLANK())
			    
			
			    // pick the value we're interested in
			    var res = top_cat
			    return res"
"meas.ssr_history_stakeholders_title_level_most_common_portion","KEEP","Measure calculating ssr history stakeholders title level most common portion. Respects the current filter context.","Helper measure used for internal calculations, dynamic formatting, or visual behavior.","var tbl_context_filt_data1 = SELECTCOLUMNS( CALCULATETABLE(ssr_history), ""cat"", ssr_history[stkhlds_all_most_common_title_seniority])  // get the current context data w/ filters as a single col table    
			    var tbl_context_filt_data = Filter(tbl_context_filt_data1,ISBLANK([cat]) = false && [cat] <> """" )   //filter out blank and null
			
			    var all_filt_data_count = countrows(tbl_context_filt_data)  // get the count of the current filtered data w/ out grouping context for the ""all"" set
			    var tbl_context_filt_data_sum = SUMMARIZE((tbl_context_filt_data), [cat], ""cat_count"", count([cat])) // summarize by category
			    var tbl_context_filt_data_ranked = ADDCOLUMNS(tbl_context_filt_data_sum, ""cat_rank"", Rankx(tbl_context_filt_data_sum, [cat_count],,DESC,Dense)) // add ranking function on summarized table
			    
			    //now we have the data - now filter by rank to get the specific values we need
			    var top_count = MAXX(FILTER(tbl_context_filt_data_ranked,[cat_rank]=1), [cat_count]) 
			    var top_cat = MAXX(FILTER(tbl_context_filt_data_ranked,[cat_rank]=1), [cat])
			    var top_ratio =  DIVIDE(top_count, all_filt_data_count, BLANK())
			    // same for the second values
			    var second_count = MAXX(FILTER(tbl_context_filt_data_ranked,[cat_rank] =2), [cat_count])
			    var second_cat = MAXX(FILTER(tbl_context_filt_data_ranked,[cat_rank] =2), [cat])
			    var second_ratio =  DIVIDE(second_count, all_filt_data_count, BLANK())
			    
			
			    // pick the value we're interested in
			    var res = top_ratio
			    return res"
"meas.ssr_history_stakeholders_title_level_second_common","KEEP","Measure calculating ssr history stakeholders title level second common. Respects the current filter context.","Helper measure used for internal calculations, dynamic formatting, or visual behavior.","var tbl_context_filt_data1 = SELECTCOLUMNS( CALCULATETABLE(ssr_history), ""cat"", ssr_history[stkhlds_all_most_common_title_seniority])  // get the current context data w/ filters as a single col table    
			    var tbl_context_filt_data = Filter(tbl_context_filt_data1,ISBLANK([cat]) = false && [cat] <> """" )   //filter out blank and null
			
			    var all_filt_data_count = countrows(tbl_context_filt_data)  // get the count of the current filtered data w/ out grouping context for the ""all"" set
			    var tbl_context_filt_data_sum = SUMMARIZE((tbl_context_filt_data), [cat], ""cat_count"", count([cat])) // summarize by category
			    var tbl_context_filt_data_ranked = ADDCOLUMNS(tbl_context_filt_data_sum, ""cat_rank"", Rankx(tbl_context_filt_data_sum, [cat_count],,DESC,Dense)) // add ranking function on summarized table
			    
			    //now we have the data - now filter by rank to get the specific values we need
			    var top_count = MAXX(FILTER(tbl_context_filt_data_ranked,[cat_rank]=1), [cat_count]) 
			    var top_cat = MAXX(FILTER(tbl_context_filt_data_ranked,[cat_rank]=1), [cat])
			    var top_ratio =  DIVIDE(top_count, all_filt_data_count, BLANK())
			    // same for the second values
			    var second_count = MAXX(FILTER(tbl_context_filt_data_ranked,[cat_rank] =2), [cat_count])
			    var second_cat = MAXX(FILTER(tbl_context_filt_data_ranked,[cat_rank] =2), [cat])
			    var second_ratio =  DIVIDE(second_count, all_filt_data_count, BLANK())
			    
			
			    // pick the value we're interested in
			    var res = second_cat
			    return res"
"meas.ssr_history_stakeholders_title_level_second_common_portion","KEEP","Measure calculating ssr history stakeholders title level second common portion. Respects the current filter context.","Helper measure used for internal calculations, dynamic formatting, or visual behavior.","var tbl_context_filt_data1 = SELECTCOLUMNS( CALCULATETABLE(ssr_history), ""cat"", ssr_history[stkhlds_all_most_common_title_department])  // get the current context data w/ filters as a single col table    
			    var tbl_context_filt_data = Filter(tbl_context_filt_data1,ISBLANK([cat]) = false && [cat] <> """" )   //filter out blank and null
			
			    var all_filt_data_count = countrows(tbl_context_filt_data)  // get the count of the current filtered data w/ out grouping context for the ""all"" set
			    var tbl_context_filt_data_sum = SUMMARIZE((tbl_context_filt_data), [cat], ""cat_count"", count([cat])) // summarize by category
			    var tbl_context_filt_data_ranked = ADDCOLUMNS(tbl_context_filt_data_sum, ""cat_rank"", Rankx(tbl_context_filt_data_sum, [cat_count],,DESC,Dense)) // add ranking function on summarized table
			    
			    //now we have the data - now filter by rank to get the specific values we need
			    var top_count = MAXX(FILTER(tbl_context_filt_data_ranked,[cat_rank]=1), [cat_count]) 
			    var top_cat = MAXX(FILTER(tbl_context_filt_data_ranked,[cat_rank]=1), [cat])
			    var top_ratio =  DIVIDE(top_count, all_filt_data_count, BLANK())
			    // same for the second values
			    var second_count = MAXX(FILTER(tbl_context_filt_data_ranked,[cat_rank] =2), [cat_count])
			    var second_cat = MAXX(FILTER(tbl_context_filt_data_ranked,[cat_rank] =2), [cat])
			    var second_ratio =  DIVIDE(second_count, all_filt_data_count, BLANK())
			    
			
			    
			    // pick the value we're interested in
			    var res = second_ratio
			    return res"
"meas.ssr_history_step_count","KEEP","Count of ssr history step count. Respects the current filter context.","Calculates the number of step count.","var res = CALCULATE(
			    count(ssr_history[_sys_doc_id])
			    )
			return res"
"meas.ssr_history_step_count_prospecting","KEEP","Count of ssr history step count prospecting. Respects the current filter context.","Calculates the number of step count prospecting where step is Prospecting.","var res = CALCULATE(
			    count(ssr_history[_sys_doc_id]),
			    ssr_history[step_name] = ""Prospecting""
			    )
			return res"
"meas.ssr_history_step_count_sply","KEEP","Count of ssr history step count sply. Respects the current filter context.","Calculates the number of step count same period last year.","// get the same period last year SPLY
			var sply_start = date(Year(Min(cal_end_dates[Date])) -1, Month(Min(cal_end_dates[Date])), Day(Min(cal_end_dates[Date])))
			var sply_end = date(Year(MAX(cal_end_dates[Date])) -1, Month(MAX(cal_end_dates[Date])), Day(MAX(cal_end_dates[Date])))
			
			var res = CALCULATE(Count(ssr_history[_sys_doc_id]), cal_end_dates[Date] >= sply_start &&  cal_end_dates[Date] <= sply_end)  
			return res"
"meas.ssr_history_step_count_sply_diff","KEEP","Count of ssr history step count sply diff. Respects the current filter context.","Calculates the number of step count same period last year difference for successful records.","// get the same period last year SPLY
			var sply_start = date(Year(Min(cal_end_dates[Date])) -1, Month(Min(cal_end_dates[Date])), Day(Min(cal_end_dates[Date])))
			var sply_end = date(Year(MAX(cal_end_dates[Date])) -1, Month(MAX(cal_end_dates[Date])), Day(MAX(cal_end_dates[Date])))
			
			
			var _curr_count =CALCULATE(
			    count(ssr_history[_sys_doc_id]),
			    ssr_history[step_success] =True
			)
			
			var _sply_count = CALCULATE(
			    Count(ssr_history[_sys_doc_id]), 
			    cal_end_dates[Date] >= sply_start &&  cal_end_dates[Date] <= sply_end,
			    ssr_history[step_outcome] = ""Closed Won""
			) 
			
			var res = DIVIDE(
			    _curr_count - _sply_count,
			    _sply_count,
			    0
			)
			
			RETURN
			res"
"meas.ssr_history_step_cycle_avg","KEEP","Average of ssr history step cycle avg. Respects the current filter context.","Returns the average step cycle average.","var days = CALCULATE(AVERAGE(ssr_history[step_length_in_days]))
			var res = days
			return res"
"meas.ssr_history_step_cycle_avg_failure","KEEP","Average of ssr history step cycle avg failure. Respects the current filter context.","Returns the average step cycle average failure.","var days = CALCULATE(AVERAGE(ssr_history[step_length_in_days]),ssr_history[step_success]=false)
			var res = days
			return res"
"meas.ssr_history_step_cycle_avg_success","KEEP","Average of ssr history step cycle avg success. Respects the current filter context.","Returns the average step cycle average success for successful records.","var days = CALCULATE(AVERAGE(ssr_history[step_length_in_days]),ssr_history[step_success]=true)
			var res = days
			return res"
"meas.ssr_history_step_cycle_initially_expected","KEEP","Measure calculating ssr history step cycle initially expected. Respects the current filter context.","Returns the average step cycle initially expected.","var days = CALCULATE(AVERAGE(ssr_history[step_expected_length_in_days]))
			var res = days
			return res"
"meas.ssr_history_step_outcome","REVIEW","Measure calculating ssr history step outcome. Respects the current filter context.","Redundant measure - slated for depreciation.","CALCULATE(MAX(ssr_history[step_outcome]))"
"meas.ssr_history_step_owner_avg_act_capt_lvl","KEEP","Average of ssr history step owner avg act capt lvl. Respects the current filter context.","Calculates step owner average act capt lvl in the current reporting context.",""
"meas.ssr_history_step_owner_full_name_with_acl","KEEP","Measure calculating ssr history step owner full name with acl. Respects the current filter context.","Calculates step owner full name with acl in the current reporting context.",""
"meas.ssr_history_step_post_sales_count","KEEP","Count of ssr history step post sales count. Respects the current filter context.","Calculates the number of step post sales count where step is Post-Sales Support.","var res = CALCULATE(
			    count(ssr_history[_sys_doc_id]),
			    ssr_history[step_name]=""Post-Sales Support""
			    )
			return res"
"meas.ssr_history_step_success_count_false","KEEP","Count of ssr history step success count false. Respects the current filter context.","Calculates step success count false in the current reporting context.",""
"meas.ssr_history_step_success_count_true","KEEP","Count of ssr history step success count true. Respects the current filter context.","Calculates step success count true in the current reporting context.",""
"meas.ssr_history_step_success_prob","KEEP","Measure calculating ssr history step success prob. Respects the current filter context.","Calculates step success probability in the current reporting context.",""
"meas.ssr_history_step_users_tot","KEEP","Measure calculating ssr history step users tot. Respects the current filter context.","Calculates step users total in the current reporting context.",""
"meas.ssr_history_success_count","KEEP","Count of ssr history success count. Respects the current filter context.","Calculates the number of success count for successful records.","CALCULATE(count(ssr_history[_sys_doc_id]),ssr_history[step_success] = true)"
"meas.ssr_history_success_count_existing_customer_selling","KEEP","Count of ssr history success count existing customer selling. Respects the current filter context.","Calculates the number of success count existing customer selling where step is Existing Customer Selling, successful records.","CALCULATE(count(ssr_history[_sys_doc_id]),ssr_history[step_name]= ""Existing Customer Selling"" && ssr_history[step_success] = true)"
"meas.ssr_history_success_count_for_new_logo_and_existing_customer_selling","KEEP","Count of ssr history success count for new logo and existing customer selling. Respects the current filter context.","Returns success count for new logo and existing customer selling.","var res = [meas.ssr_history_success_count_new_logo] + [meas.ssr_history_success_count_existing_customer_selling] 
			return res"
"meas.ssr_history_success_count_lead_gen","KEEP","Count of ssr history success count lead gen. Respects the current filter context.","Calculates the number of success count lead generation where step is Untouched, successful records.","CALCULATE(
			    count(ssr_history[_sys_doc_id]),
			    ssr_history[step_name]= ""Untouched"" &&  ssr_history[step_success] = true
			)"
"meas.ssr_history_success_count_mkt_prospecting_inbound","KEEP","Count of ssr history success count mkt prospecting inbound. Respects the current filter context.","Calculates the number of success count mkt prospecting inbound where step is Prospecting, successful records.","var res = CALCULATE(count(ssr_history[_sys_doc_id]),ssr_history[step_name]= ""Prospecting"" && ssr_history[step_success] = true)  
			RETURN
			res+0"
"meas.ssr_history_success_count_new_logo","KEEP","Count of ssr history success count new logo. Respects the current filter context.","Calculates the number of success count new logo where step is New Logo Selling, successful records.","CALCULATE(count(ssr_history[_sys_doc_id]),ssr_history[step_name]= ""New Logo Selling"" && ssr_history[step_success] = true)"
"meas.ssr_history_success_count_new_logo_pros","KEEP","Count of ssr history success count new logo pros. Respects the current filter context.","Calculates success count new logo pros in the current reporting context.",""
"meas.ssr_history_success_count_post_sales","KEEP","Count of ssr history success count post sales. Respects the current filter context.","Calculates the number of success count post sales where step is Post-Sales Support, successful records.","CALCULATE(count(ssr_history[_sys_doc_id]),ssr_history[step_name]= ""Post-Sales Support"" && ssr_history[step_success] = true)"
"meas.ssr_history_success_count_prospecting","KEEP","Count of ssr history success count prospecting. Respects the current filter context.","Calculates the number of success count prospecting where step is Prospecting, successful records.","CALCULATE(count(ssr_history[_sys_doc_id]),ssr_history[step_name]= ""Prospecting"" && ssr_history[step_success] = true)"
"meas.ssr_history_success_count_prospecting_inbound","KEEP","Count of ssr history success count prospecting inbound. Respects the current filter context.","Returns success count prospecting inbound.","CALCULATE(
			    [meas.ssr_history_success_count_prospecting],
			    ssr[trueai_leadsource_is_inbound]=true
			)"
"meas.ssr_history_success_count_sply","KEEP","Count of ssr history success count sply. Respects the current filter context.","Calculates the number of success count same period last year for successful records.","// get the same period last year SPLY by overriding the cal dates
			var sply_start = date(Year(Min(cal_end_dates[Date])) -1, Month(Min(cal_end_dates[Date])), Day(Min(cal_end_dates[Date])))
			var sply_end = date(Year(MAX(cal_end_dates[Date])) -1, Month(MAX(cal_end_dates[Date])), Day(MAX(cal_end_dates[Date])))
			
			var res = CALCULATE(Count(ssr_history[_sys_doc_id]), cal_end_dates[Date] >= sply_start &&  cal_end_dates[Date] <= sply_end,  ssr_history[step_success] = true)  
			
			return res"
"meas.ssr_history_success_count_untouched","KEEP","Count of ssr history success count untouched. Respects the current filter context.","Calculates the number of success count untouched where step is Untouched, successful records.","CALCULATE(count(ssr_history[_sys_doc_id]),ssr_history[step_name]= ""Untouched"" && ssr_history[step_success] = true)"
"meas.ssr_history_success_prob_avg","KEEP","Average of ssr history success prob avg. Respects the current filter context.","Returns the average success probability average.","CALCULATE(AVERAGE(ssr_history[step_success_prob]))"
"meas.ssr_history_success_prob_avg_combined_post_sales_existing_customer_selling","KEEP","Average of ssr history success prob avg combined post sales existing customer selling. Respects the current filter context.","Calculates success probability average combined post sales existing customer selling in the current reporting context.",""
"meas.ssr_history_success_prob_avg_combined_prospecting_new_logo","KEEP","Average of ssr history success prob avg combined prospecting new logo. Respects the current filter context.","Calculates success probability average combined prospecting new logo in the current reporting context.",""
"meas.ssr_history_success_prob_avg_combined_prospecting_post_sales_support","KEEP","Average of ssr history success prob avg combined prospecting post sales support. Respects the current filter context.","Returns the average success probability average combined prospecting post sales support where step is Prospecting or Post-Sales Support.","var prob1 = CALCULATE(AVERAGE(ssr_history[step_next_success_prob]), ssr_history[step_name] in { ""Prospecting"", ""Post-Sales Support""})
			var res = prob1 
			return res"
"meas.ssr_history_success_prob_avg_combined_prospecting_post_sales_support_sply","KEEP","Average of ssr history success prob avg combined prospecting post sales support sply. Respects the current filter context.","Returns success probability average combined prospecting post sales support same period last year.","// get the same period last year SPLY by overriding the cal dates
			var sply_start = date(Year(Min(cal_end_dates[Date])) -1, Month(Min(cal_end_dates[Date])), Day(Min(cal_end_dates[Date])))
			var sply_end = date(Year(MAX(cal_end_dates[Date])) -1, Month(MAX(cal_end_dates[Date])), Day(MAX(cal_end_dates[Date])))
			
			var res = CALCULATE((ssr_history[meas.ssr_history_success_prob_avg_combined_prospecting_post_sales_support]), cal_end_dates[Date] >= sply_start &&  cal_end_dates[Date] <= sply_end)  
			return res"
"meas.ssr_history_success_prob_avg_existing_customer_selling","KEEP","Average of ssr history success prob avg existing customer selling. Respects the current filter context.","Returns the average success probability average existing customer selling where step is Existing Customer Selling.","CALCULATE(AVERAGE(ssr_history[step_success_prob]), ssr_history[step_name] = ""Existing Customer Selling"")"
"meas.ssr_history_success_prob_avg_new_logo","KEEP","Average of ssr history success prob avg new logo. Respects the current filter context.","Returns the average success probability average new logo where step is New Logo Selling.","CALCULATE(AVERAGE(ssr_history[step_success_prob]), ssr_history[step_name] = ""New Logo Selling"")"
"meas.ssr_history_success_prob_avg_post_sales","KEEP","Average of ssr history success prob avg post sales. Respects the current filter context.","Returns the average success probability average post sales where step is Post-Sales Support.","CALCULATE(AVERAGE(ssr_history[step_success_prob]), ssr_history[step_name] = ""Post-Sales Support"")"
"meas.ssr_history_success_prob_avg_prospecting","KEEP","Average of ssr history success prob avg prospecting. Respects the current filter context.","Returns the average success probability average prospecting where step is Prospecting.","CALCULATE(AVERAGE(ssr_history[step_success_prob]), ssr_history[step_name] = ""Prospecting"")"
"meas.ssr_history_success_prob_leadgen_conversion_rate","KEEP","Rate of ssr history success prob leadgen conversion rate. Respects the current filter context.","Calculates success probability leadgen conversion rate in the current reporting context.",""
"meas.ssr_history_success_rate","KEEP","Rate of ssr history success rate. Respects the current filter context.","Calculates the number of success rate.","DIVIDE([meas.ssr_history_success_count], count(ssr_history[_sys_doc_id]))"
"meas.ssr_history_success_rate_combined_new_logo_and_existing_customer_selling","KEEP","Rate of ssr history success rate combined new logo and existing customer selling. Respects the current filter context.","Returns success rate combined new logo and existing customer selling.","var prob1 = [meas.ssr_history_success_rate_new_logo]
			var prob2 = [meas.ssr_history_success_rate_existing_customer_selling]
			var res = (prob1 + prob2) / 2 -- p1 + p2 / 2 = p0
			return res"
"meas.ssr_history_success_rate_combined_post_sales_existing_customer_selling","KEEP","Rate of ssr history success rate combined post sales existing customer selling. Respects the current filter context.","Calculates success rate combined post sales existing customer selling in the current reporting context.",""
"meas.ssr_history_success_rate_combined_prospecting_new_logo","KEEP","Rate of ssr history success rate combined prospecting new logo. Respects the current filter context.","Calculates success rate combined prospecting new logo in the current reporting context.",""
"meas.ssr_history_success_rate_existing_customer_selling","KEEP","Rate of ssr history success rate existing customer selling. Respects the current filter context.","Calculates success rate existing customer selling in the current reporting context.",""
"meas.ssr_history_success_rate_mkt_prospecting_inbound","KEEP","Rate of ssr history success rate mkt prospecting inbound. Respects the current filter context.","Calculates success rate mkt prospecting inbound in the current reporting context.",""
"meas.ssr_history_success_rate_new_logo","KEEP","Rate of ssr history success rate new logo. Respects the current filter context.","Calculates success rate new logo in the current reporting context.",""
"meas.ssr_history_success_rate_post_sales","KEEP","Rate of ssr history success rate post sales. Respects the current filter context.","Calculates success rate post sales in the current reporting context.",""
"meas.ssr_history_success_rate_prospecting","KEEP","Rate of ssr history success rate prospecting. Respects the current filter context.","Calculates success rate prospecting in the current reporting context.",""
"meas.ssr_history_success_rate_prospecting_inbound","KEEP","Rate of ssr history success rate prospecting inbound. Respects the current filter context.","Returns success rate prospecting inbound.","CALCULATE(
			    [meas.ssr_history_success_rate_prospecting],
			    ssr[trueai_leadsource_is_inbound]=true
			)"
"meas.ssr_history_success_rate_sply","KEEP","Rate of ssr history success rate sply. Respects the current filter context.","Calculates the number of success rate same period last year.","// get the same period last year SPLY
			var sply_start = date(Year(Min(cal_end_dates[Date])) -1, Month(Min(cal_end_dates[Date])), Day(Min(cal_end_dates[Date])))
			var sply_end = date(Year(MAX(cal_end_dates[Date])) -1, Month(MAX(cal_end_dates[Date])), Day(MAX(cal_end_dates[Date])))
			
			var cnt = CALCULATE(Count(ssr_history[_sys_doc_id]), cal_end_dates[Date] >= sply_start &&  cal_end_dates[Date] <= sply_end)  
			
			var res =DIVIDE([meas.ssr_history_success_count_sply], cnt)
			
			return res"
"meas.ssr_history_success_rate_sply_diff","KEEP","Rate of ssr history success rate sply diff. Respects the current filter context.","Calculates success rate same period last year difference in the current reporting context.",""
"meas.ssr_history_success_rate_untouched","KEEP","Rate of ssr history success rate untouched. Respects the current filter context.","Calculates success rate untouched in the current reporting context.",""
"meas.ssr_history_sum_opp_cross_sale_amt","KEEP","Measure calculating ssr history sum opp cross sale amt. Respects the current filter context.","Summarizes sum opportunity cross sale amount.","SUM(ssr_history[opp_cross_sale_amt])"
"meas.ssr_history_sum_opp_downgrade_amt","KEEP","Measure calculating ssr history sum opp downgrade amt. Respects the current filter context.","Summarizes sum opportunity downgrade amount.","SUM(ssr_history[opp_downgrade_amt])"
"meas.ssr_history_sum_opp_expansion_amt","KEEP","Measure calculating ssr history sum opp expansion amt. Respects the current filter context.","Summarizes sum opportunity expansion amount.","SUM(ssr_history[opp_expansion_amt])"
"meas.ssr_history_sum_opp_nd_amt","KEEP","Measure calculating ssr history sum opp nd amt. Respects the current filter context.","Summarizes sum opportunity nd amount.","SUM(ssr_history[opp_nd_amt])"
"meas.ssr_history_sum_opp_one_time_amt","KEEP","Measure calculating ssr history sum opp one time amt. Respects the current filter context.","Summarizes sum opportunity one time amount.","SUM(ssr_history[opp_one_time_amt])"
"meas.ssr_history_sum_opp_renewal_amt","KEEP","Measure calculating ssr history sum opp renewal amt. Respects the current filter context.","Summarizes sum opportunity renewal amount.","SUM(ssr_history[opp_renewal_amt])"
"meas.ssr_history_table_row_count","KEEP","Count of ssr history table row count. Respects the current filter context.","Calculates table row count in the current reporting context.",""
"meas.ssr_history_target_abandoned_acct_count_mtd","KEEP","Count of ssr history target abandoned acct count mtd. Respects the current filter context.","Returns target abandoned account count month-to-date.","-- get the dates
			var curr_date = CALCULATE(MAX(cal_end_dates[Date])) // get the mgmt current end date
			var end_date = curr_date
			var end_date_sply = date(Year(end_date) -1,Month(end_date),day(end_date)) // get the yoy end date
			var start_year = Year(curr_date) 
			var start_qtr_month = (Quarter(curr_date) * 3) - 2  
			var start_month = Month(curr_date)
			var start_date_ytd = date(start_year,1,1)  
			var start_date_ytd_sply = date(start_year-1,1,1)  
			var start_date_qtd = date(start_year,start_qtr_month ,1)  
			var start_date_qtd_sply = date(start_year -1,start_qtr_month,1)  
			var start_date_mtd = date(start_year,start_month,1)  
			var start_date_mtd_sply = date(start_year -1,start_month,1)  
			
			
			var res = CALCULATE(
			    [meas.ssr_target_abandoned_acct_count],
			    cal_end_dates[Date] >=  start_date_mtd &&  cal_end_dates[Date] <= end_date
			)
			RETURN
			IF( res = BLANK(), 0, res)"
"meas.ssr_history_target_abandoned_acct_count_mtd_sply","KEEP","Count of ssr history target abandoned acct count mtd sply. Respects the current filter context.","Returns target abandoned account count month-to-date same period last year.","-- get the dates
			var curr_date = CALCULATE(MAX(cal_end_dates[Date])) // get the mgmt current end date
			var end_date = curr_date
			var end_date_sply = date(Year(end_date) -1,Month(end_date),day(end_date)) // get the yoy end date
			var start_year = Year(curr_date) 
			var start_qtr_month = (Quarter(curr_date) * 3) - 2  
			var start_month = Month(curr_date)
			var start_date_ytd = date(start_year,1,1)  
			var start_date_ytd_sply = date(start_year-1,1,1)  
			var start_date_qtd = date(start_year,start_qtr_month ,1)  
			var start_date_qtd_sply = date(start_year -1,start_qtr_month,1)  
			var start_date_mtd = date(start_year,start_month,1)  
			var start_date_mtd_sply = date(start_year -1,start_month,1)  
			
			
			var res = CALCULATE(
			    [meas.ssr_target_abandoned_acct_count],
			    cal_end_dates[Date] >=  start_date_mtd_sply &&  cal_end_dates[Date] <= end_date_sply
			)
			RETURN
			IF( res = BLANK(), 0, res)"
"meas.ssr_history_target_abandoned_acct_count_mtd_sply_diff","KEEP","Count of ssr history target abandoned acct count mtd sply diff. Respects the current filter context.","Calculates target abandoned account count month-to-date same period last year difference in the current reporting context.",""
"meas.ssr_history_target_abandoned_acct_count_qtd","KEEP","Count of ssr history target abandoned acct count qtd. Respects the current filter context.","Returns target abandoned account count quarter-to-date.","-- get the dates
			var curr_date = CALCULATE(MAX(cal_end_dates[Date])) // get the mgmt current end date
			var end_date = curr_date
			var end_date_sply = date(Year(end_date) -1,Month(end_date),day(end_date)) // get the yoy end date
			var start_year = Year(curr_date) 
			var start_qtr_month = (Quarter(curr_date) * 3) - 2  
			var start_month = Month(curr_date)
			var start_date_ytd = date(start_year,1,1)  
			var start_date_ytd_sply = date(start_year-1,1,1)  
			var start_date_qtd = date(start_year,start_qtr_month ,1)  
			var start_date_qtd_sply = date(start_year -1,start_qtr_month,1)  
			var start_date_mtd = date(start_year,start_month,1)  
			var start_date_mtd_sply = date(start_year -1,start_month,1)  
			
			
			var res = CALCULATE(
			    [meas.ssr_target_abandoned_acct_count],
			    cal_end_dates[Date] >=  start_date_qtd &&  cal_end_dates[Date] <= end_date
			)
			RETURN
			IF( res = BLANK(), 0, res)"
"meas.ssr_history_target_abandoned_acct_count_qtd_sply","KEEP","Count of ssr history target abandoned acct count qtd sply. Respects the current filter context.","Returns target abandoned account count quarter-to-date same period last year.","-- get the dates
			var curr_date = CALCULATE(MAX(cal_end_dates[Date])) // get the mgmt current end date
			var end_date = curr_date
			var end_date_sply = date(Year(end_date) -1,Month(end_date),day(end_date)) // get the yoy end date
			var start_year = Year(curr_date) 
			var start_qtr_month = (Quarter(curr_date) * 3) - 2  
			var start_month = Month(curr_date)
			var start_date_ytd = date(start_year,1,1)  
			var start_date_ytd_sply = date(start_year-1,1,1)  
			var start_date_qtd = date(start_year,start_qtr_month ,1)  
			var start_date_qtd_sply = date(start_year -1,start_qtr_month,1)  
			var start_date_mtd = date(start_year,start_month,1)  
			var start_date_mtd_sply = date(start_year -1,start_month,1)  
			
			
			var res = CALCULATE(
			    [meas.ssr_target_abandoned_acct_count],
			    cal_end_dates[Date] >=  start_date_qtd_sply &&  cal_end_dates[Date] <= end_date_sply
			)
			RETURN
			IF( res = BLANK(), 0, res)"
"meas.ssr_history_target_abandoned_acct_count_qtd_sply_diff","KEEP","Count of ssr history target abandoned acct count qtd sply diff. Respects the current filter context.","Calculates target abandoned account count quarter-to-date same period last year difference in the current reporting context.",""
"meas.ssr_history_target_abandoned_acct_count_ytd","KEEP","Count of ssr history target abandoned acct count ytd. Respects the current filter context.","Returns target abandoned account count year-to-date.","-- get the dates
			var curr_date = CALCULATE(MAX(cal_end_dates[Date])) // get the mgmt current end date
			var end_date = curr_date
			var end_date_sply = date(Year(end_date) -1,Month(end_date),day(end_date)) // get the yoy end date
			var start_year = Year(curr_date) 
			var start_qtr_month = (Quarter(curr_date) * 3) - 2  
			var start_month = Month(curr_date)
			var start_date_ytd = date(start_year,1,1)  
			var start_date_ytd_sply = date(start_year-1,1,1)  
			var start_date_qtd = date(start_year,start_qtr_month ,1)  
			var start_date_qtd_sply = date(start_year -1,start_qtr_month,1)  
			var start_date_mtd = date(start_year,start_month,1)  
			var start_date_mtd_sply = date(start_year -1,start_month,1)  
			
			
			var res = CALCULATE(
			    [meas.ssr_target_abandoned_acct_count],
			    cal_end_dates[Date] >=  start_date_ytd &&  cal_end_dates[Date] <= end_date
			)
			RETURN
			IF( res = BLANK(), 0, res)"
"meas.ssr_history_target_abandoned_acct_count_ytd_sply","KEEP","Count of ssr history target abandoned acct count ytd sply. Respects the current filter context.","Returns target abandoned account count year-to-date same period last year.","-- get the dates
			var curr_date = CALCULATE(MAX(cal_end_dates[Date])) // get the mgmt current end date
			var end_date = curr_date
			var end_date_sply = date(Year(end_date) -1,Month(end_date),day(end_date)) // get the yoy end date
			var start_year = Year(curr_date) 
			var start_qtr_month = (Quarter(curr_date) * 3) - 2  
			var start_month = Month(curr_date)
			var start_date_ytd = date(start_year,1,1)  
			var start_date_ytd_sply = date(start_year-1,1,1)  
			var start_date_qtd = date(start_year,start_qtr_month ,1)  
			var start_date_qtd_sply = date(start_year -1,start_qtr_month,1)  
			var start_date_mtd = date(start_year,start_month,1)  
			var start_date_mtd_sply = date(start_year -1,start_month,1)  
			
			
			var _accts = CALCULATE(
			    [meas.ssr_target_abandoned_acct_count],
			    cal_end_dates[Date] >=  start_date_ytd_sply &&  cal_end_dates[Date] <= end_date_sply
			)
			RETURN
			_accts"
"meas.ssr_history_target_abandoned_acct_count_ytd_sply_diff","KEEP","Count of ssr history target abandoned acct count ytd sply diff. Respects the current filter context.","Calculates target abandoned account count year-to-date same period last year difference in the current reporting context.",""
"meas.ssr_history_target_acct_count","KEEP","Count of ssr history target acct count. Respects the current filter context.","Returns target account count.","var selected_date = CALCULATE(MAX(cal_start_dates[Date])) // get the max date from cal_start_date
			
			var temp_tbl = CALCULATETABLE(ssr_history ,  cal_end_dates[Date] <= date(2100,1,1) ) // start by filtering the table to the appropriate period and override the end date to include open item,s 
			
			var filter_tbl  =
			FILTER (
			    temp_tbl,
			    ssr_history[_sys_doc_id] = 
			    CALCULATE (
			          MAX ( ssr_history[_sys_doc_id] ),
			        FILTER (
			            all(ssr_history),
			            ssr_history[_sys_ssr_id] = EARLIER ( ssr_history[_sys_ssr_id] ) // this checks all the other values if it is the relevant one
			            &&  ssr_history[_sys_filt_start_date] < selected_date  // this ensures that we exclude anything after the selected date - important!
			        )
			    )
			)
			Var res  = countx(filter_tbl,[_sys_doc_id] )
			RETURN res"
"meas.ssr_history_target_acct_count_mtd","KEEP","Count of ssr history target acct count mtd. Respects the current filter context.","Returns target account count month-to-date.","-- get the dates
			var curr_date = CALCULATE(MAX(cal_end_dates[Date])) // get the mgmt current end date
			var end_date = curr_date
			var end_date_sply = date(Year(end_date) -1,Month(end_date),day(end_date)) // get the yoy end date
			var start_year = Year(curr_date) 
			var start_qtr_month = (Quarter(curr_date) * 3) - 2  
			var start_month = Month(curr_date)
			var start_date_ytd = date(start_year,1,1)  
			var start_date_ytd_sply = date(start_year-1,1,1)  
			var start_date_qtd = date(start_year,start_qtr_month ,1)  
			var start_date_qtd_sply = date(start_year -1,start_qtr_month,1)  
			var start_date_mtd = date(start_year,start_month,1)  
			var start_date_mtd_sply = date(start_year -1,start_month,1)  
			
			
			-- get data for overridden date periods but still contextual
			var dates_tbl =  CALCULATETABLE(ssr_history , cal_end_dates[Date] >=  start_date_mtd &&  cal_end_dates[Date] <= end_date)
			
			var _accts = CALCULATE(
			    [meas.ssr_target_acct_count],
			    cal_end_dates[Date] >=  start_date_mtd &&  cal_end_dates[Date] <= end_date
			)
			RETURN
			IF( _accts = BLANK(), 0, _accts)"
"meas.ssr_history_target_acct_count_mtd_sply","KEEP","Count of ssr history target acct count mtd sply. Respects the current filter context.","Returns target account count month-to-date same period last year.","-- get the dates
			var curr_date = CALCULATE(MAX(cal_end_dates[Date])) // get the mgmt current end date
			var end_date = curr_date
			var end_date_sply = date(Year(end_date) -1,Month(end_date),day(end_date)) // get the yoy end date
			var start_year = Year(curr_date) 
			var start_qtr_month = (Quarter(curr_date) * 3) - 2  
			var start_month = Month(curr_date)
			var start_date_ytd = date(start_year,1,1)  
			var start_date_ytd_sply = date(start_year-1,1,1)  
			var start_date_qtd = date(start_year,start_qtr_month ,1)  
			var start_date_qtd_sply = date(start_year -1,start_qtr_month,1)  
			var start_date_mtd = date(start_year,start_month,1)  
			var start_date_mtd_sply = date(start_year -1,start_month,1)  
			
			var _accts = CALCULATE(
			    [meas.ssr_target_acct_count],
			    cal_end_dates[Date] >=  start_date_mtd_sply &&  cal_end_dates[Date] <= end_date_sply
			)
			RETURN
			IF( _accts = BLANK(), 0, _accts)"
"meas.ssr_history_target_acct_count_mtd_sply_diff","KEEP","Count of ssr history target acct count mtd sply diff. Respects the current filter context.","Calculates target account count month-to-date same period last year difference in the current reporting context.",""
"meas.ssr_history_target_acct_count_qtd","KEEP","Count of ssr history target acct count qtd. Respects the current filter context.","Returns target account count quarter-to-date.","-- get the dates
			var curr_date = CALCULATE(MAX(cal_end_dates[Date])) // get the mgmt current end date
			var end_date = curr_date
			var end_date_sply = date(Year(end_date) -1,Month(end_date),day(end_date)) // get the yoy end date
			var start_year = Year(curr_date) 
			var start_qtr_month = (Quarter(curr_date) * 3) - 2  
			var start_month = Month(curr_date)
			var start_date_ytd = date(start_year,1,1)  
			var start_date_ytd_sply = date(start_year-1,1,1)  
			var start_date_qtd = date(start_year,start_qtr_month ,1)  
			var start_date_qtd_sply = date(start_year -1,start_qtr_month,1)  
			var start_date_mtd = date(start_year,start_month,1)  
			var start_date_mtd_sply = date(start_year -1,start_month,1)  
			
			VAR _accts = CALCULATE(
			    [meas.ssr_target_acct_count],
			    cal_end_dates[Date] >=  start_date_qtd &&  cal_end_dates[Date] <= end_date
			)
			RETURN
			IF( _accts = BLANK(), 0, _accts)"
"meas.ssr_history_target_acct_count_qtd_sply","KEEP","Count of ssr history target acct count qtd sply. Respects the current filter context.","Returns target account count quarter-to-date same period last year.","-- get the dates
			var curr_date = CALCULATE(MAX(cal_end_dates[Date])) // get the mgmt current end date
			var end_date = curr_date
			var end_date_sply = date(Year(end_date) -1,Month(end_date),day(end_date)) // get the yoy end date
			var start_year = Year(curr_date) 
			var start_qtr_month = (Quarter(curr_date) * 3) - 2  
			var start_month = Month(curr_date)
			var start_date_ytd = date(start_year,1,1)  
			var start_date_ytd_sply = date(start_year-1,1,1)  
			var start_date_qtd = date(start_year,start_qtr_month ,1)  
			var start_date_qtd_sply = date(start_year -1,start_qtr_month,1)  
			var start_date_mtd = date(start_year,start_month,1)  
			var start_date_mtd_sply = date(start_year -1,start_month,1)  
			
			VAR _accts = CALCULATE(
			    [meas.ssr_target_acct_count],
			    cal_end_dates[Date] >=  start_date_qtd_sply &&  cal_end_dates[Date] <= end_date_sply
			)
			RETURN
			IF( _accts = BLANK(), 0, _accts)"
"meas.ssr_history_target_acct_count_qtd_sply_diff","KEEP","Count of ssr history target acct count qtd sply diff. Respects the current filter context.","Calculates target account count quarter-to-date same period last year difference in the current reporting context.",""
"meas.ssr_history_target_acct_count_ytd","KEEP","Count of ssr history target acct count ytd. Respects the current filter context.","Returns target account count year-to-date.","-- get the dates
			var curr_date = CALCULATE(MAX(cal_end_dates[Date])) // get the mgmt current end date
			var end_date = curr_date
			var end_date_sply = date(Year(end_date) -1,Month(end_date),day(end_date)) // get the yoy end date
			var start_year = Year(curr_date) 
			var start_qtr_month = (Quarter(curr_date) * 3) - 2  
			var start_month = Month(curr_date)
			var start_date_ytd = date(start_year,1,1)  
			var start_date_ytd_sply = date(start_year-1,1,1)  
			var start_date_qtd = date(start_year,start_qtr_month ,1)  
			var start_date_qtd_sply = date(start_year -1,start_qtr_month,1)  
			var start_date_mtd = date(start_year,start_month,1)  
			var start_date_mtd_sply = date(start_year -1,start_month,1)  
			
			VAR _accts = CALCULATE(
			    [meas.ssr_target_acct_count],
			    cal_end_dates[Date] >=  start_date_ytd &&  cal_end_dates[Date] <= end_date
			)
			RETURN
			IF( _accts = BLANK(), 0, _accts)"
"meas.ssr_history_target_acct_count_ytd_sply","KEEP","Count of ssr history target acct count ytd sply. Respects the current filter context.","Returns target account count year-to-date same period last year.","-- get the dates
			var curr_date = CALCULATE(MAX(cal_end_dates[Date])) // get the mgmt current end date
			var end_date = curr_date
			var end_date_sply = date(Year(end_date) -1,Month(end_date),day(end_date)) // get the yoy end date
			var start_year = Year(curr_date) 
			var start_qtr_month = (Quarter(curr_date) * 3) - 2  
			var start_month = Month(curr_date)
			var start_date_ytd = date(start_year,1,1)  
			var start_date_ytd_sply = date(start_year-1,1,1)  
			var start_date_qtd = date(start_year,start_qtr_month ,1)  
			var start_date_qtd_sply = date(start_year -1,start_qtr_month,1)  
			var start_date_mtd = date(start_year,start_month,1)  
			var start_date_mtd_sply = date(start_year -1,start_month,1)  
			
			VAR _accts = CALCULATE(
			    [meas.ssr_target_acct_count],
			    cal_end_dates[Date] >=  start_date_ytd_sply &&  cal_end_dates[Date] <= end_date_sply
			)
			RETURN
			IF( _accts = BLANK(), 0, _accts)"
"meas.ssr_history_target_acct_count_ytd_sply_diff","KEEP","Count of ssr history target acct count ytd sply diff. Respects the current filter context.","Calculates target account count year-to-date same period last year difference in the current reporting context.",""
"meas.ssr_history_target_acct_eng_time_spent_mtd","KEEP","Measure calculating ssr history target acct eng time spent mtd. Respects the current filter context.","Returns target account eng time spent month-to-date.","-- get the dates
			var curr_date = CALCULATE(MAX(cal_end_dates[Date])) // get the mgmt current end date
			var end_date = curr_date
			var end_date_sply = date(Year(end_date) -1,Month(end_date),day(end_date)) // get the yoy end date
			var start_year = Year(curr_date) 
			var start_qtr_month = (Quarter(curr_date) * 3) - 2  
			var start_month = Month(curr_date)
			var start_date_ytd = date(start_year,1,1)  
			var start_date_ytd_sply = date(start_year-1,1,1)  
			var start_date_qtd = date(start_year,start_qtr_month ,1)  
			var start_date_qtd_sply = date(start_year -1,start_qtr_month,1)  
			var start_date_mtd = date(start_year,start_month,1)  
			var start_date_mtd_sply = date(start_year -1,start_month,1)  
			
			
			var _mtd = CALCULATE(
			    [meas.ssr_history_total_adj_eng_duration_hrs],
			    cal_end_dates[Date] >=  start_date_mtd &&  cal_end_dates[Date] <= end_date
			)
			RETURN
			IF( _mtd = BLANK(), 0, _mtd)"
"meas.ssr_history_target_acct_eng_time_spent_mtd_sply","KEEP","Measure calculating ssr history target acct eng time spent mtd sply. Respects the current filter context.","Returns target account eng time spent month-to-date same period last year.","-- get the dates
			var curr_date = CALCULATE(MAX(cal_end_dates[Date])) // get the mgmt current end date
			var end_date = curr_date
			var end_date_sply = date(Year(end_date) -1,Month(end_date),day(end_date)) // get the yoy end date
			var start_year = Year(curr_date) 
			var start_qtr_month = (Quarter(curr_date) * 3) - 2  
			var start_month = Month(curr_date)
			var start_date_ytd = date(start_year,1,1)  
			var start_date_ytd_sply = date(start_year-1,1,1)  
			var start_date_qtd = date(start_year,start_qtr_month ,1)  
			var start_date_qtd_sply = date(start_year -1,start_qtr_month,1)  
			var start_date_mtd = date(start_year,start_month,1)  
			var start_date_mtd_sply = date(start_year -1,start_month,1)  
			
			
			var _mtd = CALCULATE(
			    [meas.ssr_history_total_adj_eng_duration_hrs],
			    cal_end_dates[Date] >=  start_date_mtd_sply &&  cal_end_dates[Date] <= end_date_sply
			)
			RETURN
			IF( _mtd = BLANK(), 0, _mtd)"
"meas.ssr_history_target_acct_eng_time_spent_mtd_sply_dif","KEEP","Measure calculating ssr history target acct eng time spent mtd sply dif. Respects the current filter context.","Returns target account eng time spent month-to-date same period last year dif.","-- get the dates
			var curr_date = CALCULATE(MAX(cal_end_dates[Date])) // get the mgmt current end date
			var end_date = curr_date
			var end_date_sply = date(Year(end_date) -1,Month(end_date),day(end_date)) // get the yoy end date
			var start_year = Year(curr_date) 
			var start_qtr_month = (Quarter(curr_date) * 3) - 2  
			var start_month = Month(curr_date)
			var start_date_ytd = date(start_year,1,1)  
			var start_date_ytd_sply = date(start_year-1,1,1)  
			var start_date_qtd = date(start_year,start_qtr_month ,1)  
			var start_date_qtd_sply = date(start_year -1,start_qtr_month,1)  
			var start_date_mtd = date(start_year,start_month,1)  
			var start_date_mtd_sply = date(start_year -1,start_month,1)  
			
			
			var _mtd = CALCULATE(
			    [meas.ssr_history_total_adj_eng_duration_hrs],   // get the mtd spent time
			    cal_end_dates[Date] >=  start_date_mtd &&  cal_end_dates[Date] <= end_date
			)
			
			var _mtd_sply = CALCULATE(
			    [meas.ssr_history_total_adj_eng_duration_hrs],
			    cal_end_dates[Date] >=  start_date_mtd_sply &&  cal_end_dates[Date] <= end_date_sply    // get the mtd sply
			)
			
			var res  = DIVIDE(_mtd - _mtd_sply, _mtd_sply)
			RETURN
			IF(res = BLANK(), 0, res)"
"meas.ssr_history_target_acct_eng_time_spent_qtd","KEEP","Measure calculating ssr history target acct eng time spent qtd. Respects the current filter context.","Returns target account eng time spent quarter-to-date.","-- get the dates
			var curr_date = CALCULATE(MAX(cal_end_dates[Date])) // get the mgmt current end date
			var end_date = curr_date
			var end_date_sply = date(Year(end_date) -1,Month(end_date),day(end_date)) // get the yoy end date
			var start_year = Year(curr_date) 
			var start_qtr_month = (Quarter(curr_date) * 3) - 2  
			var start_month = Month(curr_date)
			var start_date_ytd = date(start_year,1,1)  
			var start_date_ytd_sply = date(start_year-1,1,1)  
			var start_date_qtd = date(start_year,start_qtr_month ,1)  
			var start_date_qtd_sply = date(start_year -1,start_qtr_month,1)  
			var start_date_mtd = date(start_year,start_month,1)  
			var start_date_mtd_sply = date(start_year -1,start_month,1)  
			
			
			var _mtd = CALCULATE(
			    [meas.ssr_history_total_adj_eng_duration_hrs],
			    cal_end_dates[Date] >=  start_date_qtd &&  cal_end_dates[Date] <= end_date
			)
			RETURN
			IF( _mtd = BLANK(), 0, _mtd)"
"meas.ssr_history_target_acct_eng_time_spent_qtd_sply","KEEP","Measure calculating ssr history target acct eng time spent qtd sply. Respects the current filter context.","Returns target account eng time spent quarter-to-date same period last year.","-- get the dates
			var curr_date = CALCULATE(MAX(cal_end_dates[Date])) // get the mgmt current end date
			var end_date = curr_date
			var end_date_sply = date(Year(end_date) -1,Month(end_date),day(end_date)) // get the yoy end date
			var start_year = Year(curr_date) 
			var start_qtr_month = (Quarter(curr_date) * 3) - 2  
			var start_month = Month(curr_date)
			var start_date_ytd = date(start_year,1,1)  
			var start_date_ytd_sply = date(start_year-1,1,1)  
			var start_date_qtd = date(start_year,start_qtr_month ,1)  
			var start_date_qtd_sply = date(start_year -1,start_qtr_month,1)  
			var start_date_mtd = date(start_year,start_month,1)  
			var start_date_mtd_sply = date(start_year -1,start_month,1)  
			
			
			var _mtd = CALCULATE(
			    [meas.ssr_history_total_adj_eng_duration_hrs],
			    cal_end_dates[Date] >=  start_date_qtd_sply &&  cal_end_dates[Date] <= end_date_sply
			)
			RETURN
			IF( _mtd = BLANK(), 0, _mtd)"
"meas.ssr_history_target_acct_eng_time_spent_qtd_sply_dif","KEEP","Measure calculating ssr history target acct eng time spent qtd sply dif. Respects the current filter context.","Returns target account eng time spent quarter-to-date same period last year dif.","-- get the dates
			var curr_date = CALCULATE(MAX(cal_end_dates[Date])) // get the mgmt current end date
			var end_date = curr_date
			var end_date_sply = date(Year(end_date) -1,Month(end_date),day(end_date)) // get the yoy end date
			var start_year = Year(curr_date) 
			var start_qtr_month = (Quarter(curr_date) * 3) - 2  
			var start_month = Month(curr_date)
			var start_date_ytd = date(start_year,1,1)  
			var start_date_ytd_sply = date(start_year-1,1,1)  
			var start_date_qtd = date(start_year,start_qtr_month ,1)  
			var start_date_qtd_sply = date(start_year -1,start_qtr_month,1)  
			var start_date_mtd = date(start_year,start_month,1)  
			var start_date_mtd_sply = date(start_year -1,start_month,1)  
			
			
			var _qtd = CALCULATE(
			    [meas.ssr_history_total_adj_eng_duration_hrs],   // get the mtd spent time
			    cal_end_dates[Date] >=  start_date_qtd &&  cal_end_dates[Date] <= end_date
			)
			
			var _qtd_sply = CALCULATE(
			    [meas.ssr_history_total_adj_eng_duration_hrs],
			    cal_end_dates[Date] >=  start_date_qtd_sply &&  cal_end_dates[Date] <= end_date_sply    // get the mtd sply
			)
			
			var res  = DIVIDE(_qtd - _qtd_sply, _qtd_sply)
			RETURN
			IF(res = BLANK(), 0, res)"
"meas.ssr_history_target_acct_eng_time_spent_ytd","KEEP","Measure calculating ssr history target acct eng time spent ytd. Respects the current filter context.","Returns target account eng time spent year-to-date.","-- get the dates
			var curr_date = CALCULATE(MAX(cal_end_dates[Date])) // get the mgmt current end date
			var end_date = curr_date
			var end_date_sply = date(Year(end_date) -1,Month(end_date),day(end_date)) // get the yoy end date
			var start_year = Year(curr_date) 
			var start_qtr_month = (Quarter(curr_date) * 3) - 2  
			var start_month = Month(curr_date)
			var start_date_ytd = date(start_year,1,1)  
			var start_date_ytd_sply = date(start_year-1,1,1)  
			var start_date_qtd = date(start_year,start_qtr_month ,1)  
			var start_date_qtd_sply = date(start_year -1,start_qtr_month,1)  
			var start_date_mtd = date(start_year,start_month,1)  
			var start_date_mtd_sply = date(start_year -1,start_month,1)  
			
			
			var _mtd = CALCULATE(
			    [meas.ssr_history_total_adj_eng_duration_hrs],
			    cal_end_dates[Date] >=  start_date_ytd &&  cal_end_dates[Date] <= end_date
			)
			RETURN
			IF( _mtd = BLANK(), 0, _mtd)"
"meas.ssr_history_target_acct_eng_time_spent_ytd_sply","KEEP","Measure calculating ssr history target acct eng time spent ytd sply. Respects the current filter context.","Returns target account eng time spent year-to-date same period last year.","-- get the dates
			var curr_date = CALCULATE(MAX(cal_end_dates[Date])) // get the mgmt current end date
			var end_date = curr_date
			var end_date_sply = date(Year(end_date) -1,Month(end_date),day(end_date)) // get the yoy end date
			var start_year = Year(curr_date) 
			var start_qtr_month = (Quarter(curr_date) * 3) - 2  
			var start_month = Month(curr_date)
			var start_date_ytd = date(start_year,1,1)  
			var start_date_ytd_sply = date(start_year-1,1,1)  
			var start_date_qtd = date(start_year,start_qtr_month ,1)  
			var start_date_qtd_sply = date(start_year -1,start_qtr_month,1)  
			var start_date_mtd = date(start_year,start_month,1)  
			var start_date_mtd_sply = date(start_year -1,start_month,1)  
			
			
			var _mtd = CALCULATE(
			    [meas.ssr_history_total_adj_eng_duration_hrs],
			    cal_end_dates[Date] >=  start_date_ytd_sply &&  cal_end_dates[Date] <= end_date_sply
			)
			RETURN
			IF( _mtd = BLANK(), 0, _mtd)"
"meas.ssr_history_target_acct_eng_time_spent_ytd_sply_dif","KEEP","Measure calculating ssr history target acct eng time spent ytd sply dif. Respects the current filter context.","Returns target account eng time spent year-to-date same period last year dif.","-- get the dates
			var curr_date = CALCULATE(MAX(cal_end_dates[Date])) // get the mgmt current end date
			var end_date = curr_date
			var end_date_sply = date(Year(end_date) -1,Month(end_date),day(end_date)) // get the yoy end date
			var start_year = Year(curr_date) 
			var start_qtr_month = (Quarter(curr_date) * 3) - 2  
			var start_month = Month(curr_date)
			var start_date_ytd = date(start_year,1,1)  
			var start_date_ytd_sply = date(start_year-1,1,1)  
			var start_date_qtd = date(start_year,start_qtr_month ,1)  
			var start_date_qtd_sply = date(start_year -1,start_qtr_month,1)  
			var start_date_mtd = date(start_year,start_month,1)  
			var start_date_mtd_sply = date(start_year -1,start_month,1)  
			
			
			var _ytd = CALCULATE(
			    [meas.ssr_history_total_adj_eng_duration_hrs],   // get the mtd spent time
			    cal_end_dates[Date] >=  start_date_ytd &&  cal_end_dates[Date] <= end_date
			)
			
			var _ytd_sply = CALCULATE(
			    [meas.ssr_history_total_adj_eng_duration_hrs],
			    cal_end_dates[Date] >=  start_date_ytd_sply &&  cal_end_dates[Date] <= end_date_sply    // get the mtd sply
			)
			
			var res  = DIVIDE(_ytd - _ytd_sply, _ytd_sply)
			RETURN
			IF(res = BLANK(), 0, res)"
"meas.ssr_history_target_acct_time_spent_mtd","KEEP","Measure calculating ssr history target acct time spent mtd. Respects the current filter context.","Returns target account time spent month-to-date.","-- get the dates
			var curr_date = CALCULATE(MAX(cal_end_dates[Date])) // get the mgmt current end date
			var end_date = curr_date
			var end_date_sply = date(Year(end_date) -1,Month(end_date),day(end_date)) // get the yoy end date
			var start_year = Year(curr_date) 
			var start_qtr_month = (Quarter(curr_date) * 3) - 2  
			var start_month = Month(curr_date)
			var start_date_ytd = date(start_year,1,1)  
			var start_date_ytd_sply = date(start_year-1,1,1)  
			var start_date_qtd = date(start_year,start_qtr_month ,1)  
			var start_date_qtd_sply = date(start_year -1,start_qtr_month,1)  
			var start_date_mtd = date(start_year,start_month,1)  
			var start_date_mtd_sply = date(start_year -1,start_month,1)  
			
			
			var _accts = CALCULATE(
			    [meas.ssr_history_total_adj_duration_hrs],
			    cal_end_dates[Date] >=  start_date_mtd &&  cal_end_dates[Date] <= end_date
			)
			RETURN
			IF(_accts = BLANK(), 0, _accts)"
"meas.ssr_history_target_acct_time_spent_mtd_sply","KEEP","Measure calculating ssr history target acct time spent mtd sply. Respects the current filter context.","Returns target account time spent month-to-date same period last year.","-- get the dates
			var curr_date = CALCULATE(MAX(cal_end_dates[Date])) // get the mgmt current end date
			var end_date = curr_date
			var end_date_sply = date(Year(end_date) -1,Month(end_date),day(end_date)) // get the yoy end date
			var start_year = Year(curr_date) 
			var start_qtr_month = (Quarter(curr_date) * 3) - 2  
			var start_month = Month(curr_date)
			var start_date_ytd = date(start_year,1,1)  
			var start_date_ytd_sply = date(start_year-1,1,1)  
			var start_date_qtd = date(start_year,start_qtr_month ,1)  
			var start_date_qtd_sply = date(start_year -1,start_qtr_month,1)  
			var start_date_mtd = date(start_year,start_month,1)  
			var start_date_mtd_sply = date(start_year -1,start_month,1)  
			
			
			
			var _accts = CALCULATE(
			    [meas.ssr_history_total_adj_duration_hrs],
			    cal_end_dates[Date] >=  start_date_mtd_sply &&  cal_end_dates[Date] <= end_date_sply
			)
			RETURN
			_accts"
"meas.ssr_history_target_acct_time_spent_mtd_sply_dif","KEEP","Measure calculating ssr history target acct time spent mtd sply dif. Respects the current filter context.","Returns target account time spent month-to-date same period last year dif.","-- get the dates
			var curr_date = CALCULATE(MAX(cal_end_dates[Date])) // get the mgmt current end date
			var end_date = curr_date
			var end_date_sply = date(Year(end_date) -1,Month(end_date),day(end_date)) // get the yoy end date
			var start_year = Year(curr_date) 
			var start_qtr_month = (Quarter(curr_date) * 3) - 2  
			var start_month = Month(curr_date)
			var start_date_ytd = date(start_year,1,1)  
			var start_date_ytd_sply = date(start_year-1,1,1)  
			var start_date_qtd = date(start_year,start_qtr_month ,1)  
			var start_date_qtd_sply = date(start_year -1,start_qtr_month,1)  
			var start_date_mtd = date(start_year,start_month,1)  
			var start_date_mtd_sply = date(start_year -1,start_month,1)  
			
			
			var _mtd = CALCULATE(
			    [meas.ssr_history_total_adj_duration_hrs],   // get the mtd spent time
			    cal_end_dates[Date] >=  start_date_mtd &&  cal_end_dates[Date] <= end_date
			)
			
			var _mtd_sply = CALCULATE(
			    [meas.ssr_history_total_adj_duration_hrs],
			    cal_end_dates[Date] >=  start_date_mtd_sply &&  cal_end_dates[Date] <= end_date_sply    // get the mtd sply
			)
			
			var res  = DIVIDE(_mtd - _mtd_sply, _mtd_sply)
			RETURN
			res"
"meas.ssr_history_target_acct_time_spent_qtd","KEEP","Measure calculating ssr history target acct time spent qtd. Respects the current filter context.","Returns target account time spent quarter-to-date.","-- get the dates
			var curr_date = CALCULATE(MAX(cal_end_dates[Date])) // get the mgmt current end date
			var end_date = curr_date
			var end_date_sply = date(Year(end_date) -1,Month(end_date),day(end_date)) // get the yoy end date
			var start_year = Year(curr_date) 
			var start_qtr_month = (Quarter(curr_date) * 3) - 2  
			var start_month = Month(curr_date)
			var start_date_ytd = date(start_year,1,1)  
			var start_date_ytd_sply = date(start_year-1,1,1)  
			var start_date_qtd = date(start_year,start_qtr_month ,1)  
			var start_date_qtd_sply = date(start_year -1,start_qtr_month,1)  
			var start_date_mtd = date(start_year,start_month,1)  
			var start_date_mtd_sply = date(start_year -1,start_month,1)  
			
			
			
			var _accts = CALCULATE(
			    [meas.ssr_history_total_adj_duration_hrs],
			    cal_end_dates[Date] >=  start_date_qtd &&  cal_end_dates[Date] <= end_date
			)
			RETURN
			_accts"
"meas.ssr_history_target_acct_time_spent_qtd_sply","KEEP","Measure calculating ssr history target acct time spent qtd sply. Respects the current filter context.","Returns target account time spent quarter-to-date same period last year.","-- get the dates
			var curr_date = CALCULATE(MAX(cal_end_dates[Date])) // get the mgmt current end date
			var end_date = curr_date
			var end_date_sply = date(Year(end_date) -1,Month(end_date),day(end_date)) // get the yoy end date
			var start_year = Year(curr_date) 
			var start_qtr_month = (Quarter(curr_date) * 3) - 2  
			var start_month = Month(curr_date)
			var start_date_ytd = date(start_year,1,1)  
			var start_date_ytd_sply = date(start_year-1,1,1)  
			var start_date_qtd = date(start_year,start_qtr_month ,1)  
			var start_date_qtd_sply = date(start_year -1,start_qtr_month,1)  
			var start_date_mtd = date(start_year,start_month,1)  
			var start_date_mtd_sply = date(start_year -1,start_month,1)  
			
			
			
			var _accts = CALCULATE(
			    [meas.ssr_history_total_adj_duration_hrs],
			    cal_end_dates[Date] >=  start_date_qtd_sply &&  cal_end_dates[Date] <= end_date_sply
			)
			RETURN
			_accts"
"meas.ssr_history_target_acct_time_spent_qtd_sply_dif","KEEP","Measure calculating ssr history target acct time spent qtd sply dif. Respects the current filter context.","Returns target account time spent quarter-to-date same period last year dif.","-- get the dates
			var curr_date = CALCULATE(MAX(cal_end_dates[Date])) // get the mgmt current end date
			var end_date = curr_date
			var end_date_sply = date(Year(end_date) -1,Month(end_date),day(end_date)) // get the yoy end date
			var start_year = Year(curr_date) 
			var start_qtr_month = (Quarter(curr_date) * 3) - 2  
			var start_month = Month(curr_date)
			var start_date_ytd = date(start_year,1,1)  
			var start_date_ytd_sply = date(start_year-1,1,1)  
			var start_date_qtd = date(start_year,start_qtr_month ,1)  
			var start_date_qtd_sply = date(start_year -1,start_qtr_month,1)  
			var start_date_mtd = date(start_year,start_month,1)  
			var start_date_mtd_sply = date(start_year -1,start_month,1)  
			
			
			var _qtd = CALCULATE(
			    [meas.ssr_history_total_adj_duration_hrs],   // get the qtd spent time
			    cal_end_dates[Date] >=  start_date_qtd &&  cal_end_dates[Date] <= end_date
			)
			
			var _qtd_sply = CALCULATE(
			    [meas.ssr_history_total_adj_duration_hrs],
			    cal_end_dates[Date] >=  start_date_qtd_sply &&  cal_end_dates[Date] <= end_date_sply    // get the qtd sply
			)
			
			var res  = DIVIDE(_qtd - _qtd_sply, _qtd_sply)
			RETURN
			res"
"meas.ssr_history_target_acct_time_spent_ytd","KEEP","Measure calculating ssr history target acct time spent ytd. Respects the current filter context.","Returns target account time spent year-to-date.","-- get the dates
			var curr_date = CALCULATE(MAX(cal_end_dates[Date])) // get the mgmt current end date
			var end_date = curr_date
			var end_date_sply = date(Year(end_date) -1,Month(end_date),day(end_date)) // get the yoy end date
			var start_year = Year(curr_date) 
			var start_qtr_month = (Quarter(curr_date) * 3) - 2  
			var start_month = Month(curr_date)
			var start_date_ytd = date(start_year,1,1)  
			var start_date_ytd_sply = date(start_year-1,1,1)  
			var start_date_qtd = date(start_year,start_qtr_month ,1)  
			var start_date_qtd_sply = date(start_year -1,start_qtr_month,1)  
			var start_date_mtd = date(start_year,start_month,1)  
			var start_date_mtd_sply = date(start_year -1,start_month,1)  
			
			
			
			var _accts = CALCULATE(
			    [meas.ssr_history_total_adj_duration_hrs],
			    cal_end_dates[Date] >=  start_date_ytd &&  cal_end_dates[Date] <= end_date
			)
			RETURN
			_accts"
"meas.ssr_history_target_acct_time_spent_ytd_sply","KEEP","Measure calculating ssr history target acct time spent ytd sply. Respects the current filter context.","Returns target account time spent year-to-date same period last year.","-- get the dates
			var curr_date = CALCULATE(MAX(cal_end_dates[Date])) // get the mgmt current end date
			var end_date = curr_date
			var end_date_sply = date(Year(end_date) -1,Month(end_date),day(end_date)) // get the yoy end date
			var start_year = Year(curr_date) 
			var start_qtr_month = (Quarter(curr_date) * 3) - 2  
			var start_month = Month(curr_date)
			var start_date_ytd = date(start_year,1,1)  
			var start_date_ytd_sply = date(start_year-1,1,1)  
			var start_date_qtd = date(start_year,start_qtr_month ,1)  
			var start_date_qtd_sply = date(start_year -1,start_qtr_month,1)  
			var start_date_mtd = date(start_year,start_month,1)  
			var start_date_mtd_sply = date(start_year -1,start_month,1)  
			
			
			var _accts = CALCULATE(
			    [meas.ssr_history_total_adj_duration_hrs],
			    cal_end_dates[Date] >=  start_date_ytd_sply &&  cal_end_dates[Date] <= end_date_sply
			)
			RETURN
			_accts"
"meas.ssr_history_target_acct_time_spent_ytd_sply_dif","KEEP","Measure calculating ssr history target acct time spent ytd sply dif. Respects the current filter context.","Returns target account time spent year-to-date same period last year dif.","-- get the dates
			var curr_date = CALCULATE(MAX(cal_end_dates[Date])) // get the mgmt current end date
			var end_date = curr_date
			var end_date_sply = date(Year(end_date) -1,Month(end_date),day(end_date)) // get the yoy end date
			var start_year = Year(curr_date) 
			var start_qtr_month = (Quarter(curr_date) * 3) - 2  
			var start_month = Month(curr_date)
			var start_date_ytd = date(start_year,1,1)  
			var start_date_ytd_sply = date(start_year-1,1,1)  
			var start_date_qtd = date(start_year,start_qtr_month ,1)  
			var start_date_qtd_sply = date(start_year -1,start_qtr_month,1)  
			var start_date_mtd = date(start_year,start_month,1)  
			var start_date_mtd_sply = date(start_year -1,start_month,1)  
			
			
			var _mtd = CALCULATE(
			    [meas.ssr_history_total_adj_duration_hrs],   // get the mtd spent time
			    cal_end_dates[Date] >=  start_date_ytd &&  cal_end_dates[Date] <= end_date
			)
			
			var _mtd_sply = CALCULATE(
			    [meas.ssr_history_total_adj_duration_hrs],
			    cal_end_dates[Date] >=  start_date_ytd_sply &&  cal_end_dates[Date] <= end_date_sply    // get the mtd sply
			)
			
			var res  = DIVIDE(_mtd - _mtd_sply, _mtd_sply)
			RETURN
			res"
"meas.ssr_history_target_converted_acct_count_mtd","KEEP","Count of ssr history target converted acct count mtd. Respects the current filter context.","Returns target converted account count month-to-date.","-- get the dates
			var curr_date = CALCULATE(MAX(cal_end_dates[Date])) // get the mgmt current end date
			var end_date = curr_date
			var end_date_sply = date(Year(end_date) -1,Month(end_date),day(end_date)) // get the yoy end date
			var start_year = Year(curr_date) 
			var start_qtr_month = (Quarter(curr_date) * 3) - 2  
			var start_month = Month(curr_date)
			var start_date_ytd = date(start_year,1,1)  
			var start_date_ytd_sply = date(start_year-1,1,1)  
			var start_date_qtd = date(start_year,start_qtr_month ,1)  
			var start_date_qtd_sply = date(start_year -1,start_qtr_month,1)  
			var start_date_mtd = date(start_year,start_month,1)  
			var start_date_mtd_sply = date(start_year -1,start_month,1)  
			
			
			var _accts = CALCULATE(
			    [meas.ssr_target_converted_acct_count],
			    cal_end_dates[Date] >=  start_date_mtd &&  cal_end_dates[Date] <= end_date
			)
			RETURN
			_accts"
"meas.ssr_history_target_converted_acct_count_mtd_sply","KEEP","Count of ssr history target converted acct count mtd sply. Respects the current filter context.","Returns target converted account count month-to-date same period last year.","-- get the dates
			var curr_date = CALCULATE(MAX(cal_end_dates[Date])) // get the mgmt current end date
			var end_date = curr_date
			var end_date_sply = date(Year(end_date) -1,Month(end_date),day(end_date)) // get the yoy end date
			var start_year = Year(curr_date) 
			var start_qtr_month = (Quarter(curr_date) * 3) - 2  
			var start_month = Month(curr_date)
			var start_date_ytd = date(start_year,1,1)  
			var start_date_ytd_sply = date(start_year-1,1,1)  
			var start_date_qtd = date(start_year,start_qtr_month ,1)  
			var start_date_qtd_sply = date(start_year -1,start_qtr_month,1)  
			var start_date_mtd = date(start_year,start_month,1)  
			var start_date_mtd_sply = date(start_year -1,start_month,1)  
			
			
			var _accts = CALCULATE(
			    [meas.ssr_target_converted_acct_count],
			    cal_end_dates[Date] >=  start_date_mtd_sply &&  cal_end_dates[Date] <= end_date_sply
			)
			RETURN
			_accts"
"meas.ssr_history_target_converted_acct_count_mtd_sply_diff","KEEP","Count of ssr history target converted acct count mtd sply diff. Respects the current filter context.","Calculates target converted account count month-to-date same period last year difference in the current reporting context.",""
"meas.ssr_history_target_converted_acct_count_qtd","KEEP","Count of ssr history target converted acct count qtd. Respects the current filter context.","Returns target converted account count quarter-to-date.","-- get the dates
			var curr_date = CALCULATE(MAX(cal_end_dates[Date])) // get the mgmt current end date
			var end_date = curr_date
			var end_date_sply = date(Year(end_date) -1,Month(end_date),day(end_date)) // get the yoy end date
			var start_year = Year(curr_date) 
			var start_qtr_month = (Quarter(curr_date) * 3) - 2  
			var start_month = Month(curr_date)
			var start_date_ytd = date(start_year,1,1)  
			var start_date_ytd_sply = date(start_year-1,1,1)  
			var start_date_qtd = date(start_year,start_qtr_month ,1)  
			var start_date_qtd_sply = date(start_year -1,start_qtr_month,1)  
			var start_date_mtd = date(start_year,start_month,1)  
			var start_date_mtd_sply = date(start_year -1,start_month,1)  
			
			
			var _accts = CALCULATE(
			    [meas.ssr_target_converted_acct_count],
			    cal_end_dates[Date] >=  start_date_qtd &&  cal_end_dates[Date] <= end_date
			)
			RETURN
			_accts"
"meas.ssr_history_target_converted_acct_count_qtd_sply","KEEP","Count of ssr history target converted acct count qtd sply. Respects the current filter context.","Returns target converted account count quarter-to-date same period last year.","-- get the dates
			var curr_date = CALCULATE(MAX(cal_end_dates[Date])) // get the mgmt current end date
			var end_date = curr_date
			var end_date_sply = date(Year(end_date) -1,Month(end_date),day(end_date)) // get the yoy end date
			var start_year = Year(curr_date) 
			var start_qtr_month = (Quarter(curr_date) * 3) - 2  
			var start_month = Month(curr_date)
			var start_date_ytd = date(start_year,1,1)  
			var start_date_ytd_sply = date(start_year-1,1,1)  
			var start_date_qtd = date(start_year,start_qtr_month ,1)  
			var start_date_qtd_sply = date(start_year -1,start_qtr_month,1)  
			var start_date_mtd = date(start_year,start_month,1)  
			var start_date_mtd_sply = date(start_year -1,start_month,1)  
			
			
			var _accts = CALCULATE(
			    [meas.ssr_target_converted_acct_count],
			    cal_end_dates[Date] >=  start_date_qtd_sply &&  cal_end_dates[Date] <= end_date_sply
			)
			RETURN
			_accts"
"meas.ssr_history_target_converted_acct_count_qtd_sply_diff","KEEP","Count of ssr history target converted acct count qtd sply diff. Respects the current filter context.","Calculates target converted account count quarter-to-date same period last year difference in the current reporting context.",""
"meas.ssr_history_target_converted_acct_count_ytd","KEEP","Count of ssr history target converted acct count ytd. Respects the current filter context.","Returns target converted account count year-to-date.","-- get the dates
			var curr_date = CALCULATE(MAX(cal_end_dates[Date])) // get the mgmt current end date
			var end_date = curr_date
			var end_date_sply = date(Year(end_date) -1,Month(end_date),day(end_date)) // get the yoy end date
			var start_year = Year(curr_date) 
			var start_qtr_month = (Quarter(curr_date) * 3) - 2  
			var start_month = Month(curr_date)
			var start_date_ytd = date(start_year,1,1)  
			var start_date_ytd_sply = date(start_year-1,1,1)  
			var start_date_qtd = date(start_year,start_qtr_month ,1)  
			var start_date_qtd_sply = date(start_year -1,start_qtr_month,1)  
			var start_date_mtd = date(start_year,start_month,1)  
			var start_date_mtd_sply = date(start_year -1,start_month,1)  
			
			
			var _accts = CALCULATE(
			    [meas.ssr_target_converted_acct_count],
			    cal_end_dates[Date] >=  start_date_ytd &&  cal_end_dates[Date] <= end_date
			)
			RETURN
			_accts"
"meas.ssr_history_target_converted_acct_count_ytd_sply","KEEP","Count of ssr history target converted acct count ytd sply. Respects the current filter context.","Returns target converted account count year-to-date same period last year.","-- get the dates
			var curr_date = CALCULATE(MAX(cal_end_dates[Date])) // get the mgmt current end date
			var end_date = curr_date
			var end_date_sply = date(Year(end_date) -1,Month(end_date),day(end_date)) // get the yoy end date
			var start_year = Year(curr_date) 
			var start_qtr_month = (Quarter(curr_date) * 3) - 2  
			var start_month = Month(curr_date)
			var start_date_ytd = date(start_year,1,1)  
			var start_date_ytd_sply = date(start_year-1,1,1)  
			var start_date_qtd = date(start_year,start_qtr_month ,1)  
			var start_date_qtd_sply = date(start_year -1,start_qtr_month,1)  
			var start_date_mtd = date(start_year,start_month,1)  
			var start_date_mtd_sply = date(start_year -1,start_month,1)  
			
			
			var _accts = CALCULATE(
			    [meas.ssr_target_converted_acct_count],
			    cal_end_dates[Date] >=  start_date_ytd_sply &&  cal_end_dates[Date] <= end_date_sply
			)
			RETURN
			_accts"
"meas.ssr_history_target_converted_acct_count_ytd_sply_diff","KEEP","Count of ssr history target converted acct count ytd sply diff. Respects the current filter context.","Calculates target converted account count year-to-date same period last year difference in the current reporting context.",""
"meas.ssr_history_target_disqualified_acct_count_mtd","KEEP","Count of ssr history target disqualified acct count mtd. Respects the current filter context.","Returns target disqualified account count month-to-date.","-- get the dates
			var curr_date = CALCULATE(MAX(cal_end_dates[Date])) // get the mgmt current end date
			var end_date = curr_date
			var end_date_sply = date(Year(end_date) -1,Month(end_date),day(end_date)) // get the yoy end date
			var start_year = Year(curr_date) 
			var start_qtr_month = (Quarter(curr_date) * 3) - 2  
			var start_month = Month(curr_date)
			var start_date_ytd = date(start_year,1,1)  
			var start_date_ytd_sply = date(start_year-1,1,1)  
			var start_date_qtd = date(start_year,start_qtr_month ,1)  
			var start_date_qtd_sply = date(start_year -1,start_qtr_month,1)  
			var start_date_mtd = date(start_year,start_month,1)  
			var start_date_mtd_sply = date(start_year -1,start_month,1)  
			
			
			var res = CALCULATE(
			    [meas.ssr_target_disqualified_acct_count],
			    cal_end_dates[Date] >=  start_date_mtd &&  cal_end_dates[Date] <= end_date
			)
			RETURN
			IF( res = BLANK(), 0, res)"
"meas.ssr_history_target_disqualified_acct_count_mtd_sply","KEEP","Count of ssr history target disqualified acct count mtd sply. Respects the current filter context.","Returns target disqualified account count month-to-date same period last year.","-- get the dates
			var curr_date = CALCULATE(MAX(cal_end_dates[Date])) // get the mgmt current end date
			var end_date = curr_date
			var end_date_sply = date(Year(end_date) -1,Month(end_date),day(end_date)) // get the yoy end date
			var start_year = Year(curr_date) 
			var start_qtr_month = (Quarter(curr_date) * 3) - 2  
			var start_month = Month(curr_date)
			var start_date_ytd = date(start_year,1,1)  
			var start_date_ytd_sply = date(start_year-1,1,1)  
			var start_date_qtd = date(start_year,start_qtr_month ,1)  
			var start_date_qtd_sply = date(start_year -1,start_qtr_month,1)  
			var start_date_mtd = date(start_year,start_month,1)  
			var start_date_mtd_sply = date(start_year -1,start_month,1)  
			
			
			var res = CALCULATE(
			    [meas.ssr_target_disqualified_acct_count],
			    cal_end_dates[Date] >=  start_date_mtd_sply &&  cal_end_dates[Date] <= end_date_sply
			)
			RETURN
			IF( res = BLANK(), 0, res)"
"meas.ssr_history_target_disqualified_acct_count_mtd_sply_diff","KEEP","Count of ssr history target disqualified acct count mtd sply diff. Respects the current filter context.","Calculates target disqualified account count month-to-date same period last year difference in the current reporting context.",""
"meas.ssr_history_target_disqualified_acct_count_qtd","KEEP","Count of ssr history target disqualified acct count qtd. Respects the current filter context.","Returns target disqualified account count quarter-to-date.","-- get the dates
			var curr_date = CALCULATE(MAX(cal_end_dates[Date])) // get the mgmt current end date
			var end_date = curr_date
			var end_date_sply = date(Year(end_date) -1,Month(end_date),day(end_date)) // get the yoy end date
			var start_year = Year(curr_date) 
			var start_qtr_month = (Quarter(curr_date) * 3) - 2  
			var start_month = Month(curr_date)
			var start_date_ytd = date(start_year,1,1)  
			var start_date_ytd_sply = date(start_year-1,1,1)  
			var start_date_qtd = date(start_year,start_qtr_month ,1)  
			var start_date_qtd_sply = date(start_year -1,start_qtr_month,1)  
			var start_date_mtd = date(start_year,start_month,1)  
			var start_date_mtd_sply = date(start_year -1,start_month,1)  
			
			
			var res = CALCULATE(
			    [meas.ssr_target_disqualified_acct_count],
			    cal_end_dates[Date] >=  start_date_qtd &&  cal_end_dates[Date] <= end_date
			)
			RETURN
			IF( res = BLANK(), 0, res)"
"meas.ssr_history_target_disqualified_acct_count_qtd_sply","KEEP","Count of ssr history target disqualified acct count qtd sply. Respects the current filter context.","Returns target disqualified account count quarter-to-date same period last year.","-- get the dates
			var curr_date = CALCULATE(MAX(cal_end_dates[Date])) // get the mgmt current end date
			var end_date = curr_date
			var end_date_sply = date(Year(end_date) -1,Month(end_date),day(end_date)) // get the yoy end date
			var start_year = Year(curr_date) 
			var start_qtr_month = (Quarter(curr_date) * 3) - 2  
			var start_month = Month(curr_date)
			var start_date_ytd = date(start_year,1,1)  
			var start_date_ytd_sply = date(start_year-1,1,1)  
			var start_date_qtd = date(start_year,start_qtr_month ,1)  
			var start_date_qtd_sply = date(start_year -1,start_qtr_month,1)  
			var start_date_mtd = date(start_year,start_month,1)  
			var start_date_mtd_sply = date(start_year -1,start_month,1)  
			
			
			var res = CALCULATE(
			    [meas.ssr_target_disqualified_acct_count],
			    cal_end_dates[Date] >=  start_date_qtd_sply &&  cal_end_dates[Date] <= end_date_sply
			)
			RETURN
			IF( res = BLANK(), 0, res)"
"meas.ssr_history_target_disqualified_acct_count_qtd_sply_diff","KEEP","Count of ssr history target disqualified acct count qtd sply diff. Respects the current filter context.","Calculates target disqualified account count quarter-to-date same period last year difference in the current reporting context.",""
"meas.ssr_history_target_disqualified_acct_count_ytd","KEEP","Count of ssr history target disqualified acct count ytd. Respects the current filter context.","Returns target disqualified account count year-to-date.","-- get the dates
			var curr_date = CALCULATE(MAX(cal_end_dates[Date])) // get the mgmt current end date
			var end_date = curr_date
			var end_date_sply = date(Year(end_date) -1,Month(end_date),day(end_date)) // get the yoy end date
			var start_year = Year(curr_date) 
			var start_qtr_month = (Quarter(curr_date) * 3) - 2  
			var start_month = Month(curr_date)
			var start_date_ytd = date(start_year,1,1)  
			var start_date_ytd_sply = date(start_year-1,1,1)  
			var start_date_qtd = date(start_year,start_qtr_month ,1)  
			var start_date_qtd_sply = date(start_year -1,start_qtr_month,1)  
			var start_date_mtd = date(start_year,start_month,1)  
			var start_date_mtd_sply = date(start_year -1,start_month,1)  
			
			
			var res = CALCULATE(
			    [meas.ssr_target_disqualified_acct_count],
			    cal_end_dates[Date] >=  start_date_ytd &&  cal_end_dates[Date] <= end_date
			)
			RETURN
			IF( res = BLANK(), 0, res)"
"meas.ssr_history_target_disqualified_acct_count_ytd_sply","KEEP","Count of ssr history target disqualified acct count ytd sply. Respects the current filter context.","Returns target disqualified account count year-to-date same period last year.","-- get the dates
			var curr_date = CALCULATE(MAX(cal_end_dates[Date])) // get the mgmt current end date
			var end_date = curr_date
			var end_date_sply = date(Year(end_date) -1,Month(end_date),day(end_date)) // get the yoy end date
			var start_year = Year(curr_date) 
			var start_qtr_month = (Quarter(curr_date) * 3) - 2  
			var start_month = Month(curr_date)
			var start_date_ytd = date(start_year,1,1)  
			var start_date_ytd_sply = date(start_year-1,1,1)  
			var start_date_qtd = date(start_year,start_qtr_month ,1)  
			var start_date_qtd_sply = date(start_year -1,start_qtr_month,1)  
			var start_date_mtd = date(start_year,start_month,1)  
			var start_date_mtd_sply = date(start_year -1,start_month,1)  
			
			
			var _accts = CALCULATE(
			    [meas.ssr_target_disqualified_acct_count],
			    cal_end_dates[Date] >=  start_date_ytd_sply &&  cal_end_dates[Date] <= end_date_sply
			)
			RETURN
			_accts"
"meas.ssr_history_target_disqualified_acct_count_ytd_sply_diff","KEEP","Count of ssr history target disqualified acct count ytd sply diff. Respects the current filter context.","Calculates target disqualified account count year-to-date same period last year difference in the current reporting context.",""
"meas.ssr_history_target_engagement_rate","KEEP","Rate of ssr history target engagement rate. Respects the current filter context.","Calculates target engagement rate in the current reporting context.",""
"meas.ssr_history_target_filter_screen","KEEP","Measure calculating ssr history target filter screen. Respects the current filter context.","Returns target filter screen.","VAR _maxt_date = CALCULATE(MAX(cal_end_dates[Date]))
			VAR _latest_step_end_date = 
			CALCULATE(
			    MAX(ssr_history[step_end_date]),
			    ssr_history[step_end_date]<=_maxt_date,
			    ALLEXCEPT(ssr_history, ssr[crm_name])
			)
			
			RETURN
			IF(
			    max(ssr_history[step_end_date]) =_latest_step_end_date,
			    1,
			    0
			)"
"meas.ssr_history_target_latest_outcome","KEEP","Measure calculating ssr history target latest outcome. Respects the current filter context.","Calculates target latest outcome in the current reporting context.",""
"meas.ssr_history_target_propensity","KEEP","Measure calculating ssr history target propensity. Respects the current filter context.","Calculates target propensity in the current reporting context.",""
"meas.ssr_history_target_screen_step_outcome","KEEP","Measure calculating ssr history target screen step outcome. Respects the current filter context.","Calculates target screen step outcome in the current reporting context.",""
"meas.ssr_history_target_stkhlds_tot_count","KEEP","Count of ssr history target stkhlds tot count. Respects the current filter context.","Calculates target stakeholders total count in the current reporting context.",""
"meas.ssr_history_time_effort_conf","KEEP","Measure calculating ssr history time effort conf. Respects the current filter context.","Calculates time effort confidence in the current reporting context.",""
"meas.ssr_history_time_effort_src","KEEP","Measure calculating ssr history time effort src. Respects the current filter context.","Returns time effort src.","var _str = 
			SWITCH(
			        MAX(ssr_history[stkhlds_all_adj_dur_rule]),
			        116023, ""Owner’s Deal Activities (Adj. by ACL)"",
			        116024, ""Owner & Colleagues’ Deal Activities (w. Similar Outcome/Length)"",
			        116021, ""Colleagues’ Deal Activities (w. Similar Outcome/Length)"",  // condition for the rule
			        116022, ""Industry Benchmarks (w. Similar Outcome/Length)""
			    )
			RETURN 
			 _str"
"meas.ssr_history_top_250_leads","KEEP","Measure calculating ssr history top 250 leads. Respects the current filter context.","Returns top 250 leads.","VAR sel_date = [meas.sel_date]
			VAR filtered_tbl =
			    FILTER(
			        ssr_history,
			        ssr_history[_sys_filt_start_date] < sel_date
			    )
			VAR top_250 =
			    TOPN(
			        250,
			        filtered_tbl,
			        ssr_history[_sys_filt_start_date], -- Sort by this column
			        DESC
			    )
			VAR rank_num = 
			    RANKX(
			        top_250,
			        MAX(ssr_history[_sys_filt_start_date]),
			        ,
			        DESC,
			        Skip
			    )
			RETURN
			    rank_num"
"meas.ssr_history_total_adj_duration_hrs","KEEP","Measure calculating ssr history total adj duration hrs. Respects the current filter context.","Calculates total adjusted duration hours in the current reporting context.",""
"meas.ssr_history_total_adj_eng_duration_hrs","KEEP","Measure calculating ssr history total adj eng duration hrs. Respects the current filter context.","Calculates total adjusted eng duration hours in the current reporting context.",""
"meas.ssr_history_total_all_dur_hrs","KEEP","Measure calculating ssr history total all dur hrs. Respects the current filter context.","Summarizes total all duration hours.","var dur = CALCULATE(
			    SUM(
			        ssr_history[stkhlds_all_dur]  // get the actual duration of the stkhlds 
			    )
			)/3600          // turn into hrs
			var res  = dur
			RETURN
			IF(
			    res =BLANK(),
			    0,
			    res
			)"
"meas.ssr_history_touched_accounts","KEEP","Count of ssr history touched accounts. Respects the current filter context.","Calculates the number of touched accounts where step is Prospecting.","CALCULATE(DISTINCTCOUNT(ssr_history[_sys_ssr_id]), ssr_history[step_name] =""Prospecting"")"
"meas.ssr_history_touched_accounts_rate","KEEP","Rate of ssr history touched accounts rate. Respects the current filter context.","Calculates touched accounts rate in the current reporting context.",""
"meas.ssr_history_unique_reps_avg_count","KEEP","Count of ssr history unique reps avg count. Respects the current filter context.","Calculates unique reps average count in the current reporting context.",""
"meas.ssr_history_unique_reps_count","KEEP","Count of ssr history unique reps count. Respects the current filter context.","Calculates unique reps count in the current reporting context.",""
"meas.ssr_history_unsuccessful_count","KEEP","Count of ssr history unsuccessful count. Respects the current filter context.","Calculates unsuccessful count in the current reporting context.",""
"meas.ssr_history_user_peers_avg_booking_amt_mtd","KEEP","Average of ssr history user peers avg booking amt mtd. Respects the current filter context.","Calculates the number of user peers average booking amount month-to-date where step is Existing Customer Selling or New Logo Selling, successful records.","-- get the dates
			var curr_date = CALCULATE(MAX(cal_end_dates[Date])) // get the mgmt current end date
			var end_date = curr_date
			var end_date_sply = date(Year(end_date) -1,Month(end_date),day(end_date)) // get the yoy end date
			var start_year = Year(curr_date) 
			var start_qtr_month = (Quarter(curr_date) * 3) - 2  
			var start_month = Month(curr_date)
			var start_date_ytd = date(start_year,1,1)  
			var start_date_ytd_sply = date(start_year-1,1,1)  
			var start_date_qtd = date(start_year,start_qtr_month ,1)  
			var start_date_qtd_sply = date(start_year -1,start_qtr_month,1)  
			var start_date_mtd = date(start_year,start_month,1)  
			var start_date_mtd_sply = date(start_year -1,start_month,1)  
			
			var user_role_aliased = CALCULATE(MAX(users[col.trueai_user_role_coid_aliased]))      // get the user role aliased
			var user_group = CALCULATE(MAX(users[trueai_group])) // get the step_owner_user group
			
			var reps = CALCULATE(
			    COUNTROWS(DISTINCT(SELECTCOLUMNS(FILTER(
			        users,
			        users[trueai_user_role]=user_role_aliased &&
			        users[trueai_group]=user_group
			    ),
			    [_sys_doc_id]))),
			   ALL()
			)
			var book_amt = CALCULATE(
			    SUMX(
			        FILTER(
			            ssr_history,
			            ssr_history[_sys_filt_end_date] >=  start_date_mtd &&  ssr_history[_sys_filt_end_date] <= end_date && 
			            ssr_history[step_success] = true && ssr_history[step_name] in{""Existing Customer Selling"", ""New Logo Selling""} &&
			            ssr_history[step_owner_user_role]=user_role_aliased && ssr_history[col.step_owner_group]=user_group
			        ),
			        ssr_history[opp_booking_amt]
			    ),
			    ALL()
			)
			var res = DIVIDE(
			    book_amt,
			    reps
			)
			
			return res"
"meas.ssr_history_user_peers_avg_booking_amt_qtd","KEEP","Average of ssr history user peers avg booking amt qtd. Respects the current filter context.","Calculates the number of user peers average booking amount quarter-to-date where step is Existing Customer Selling or New Logo Selling, successful records.","-- get the dates
			var curr_date = CALCULATE(MAX(cal_end_dates[Date])) // get the mgmt current end date
			var end_date = curr_date
			var end_date_sply = date(Year(end_date) -1,Month(end_date),day(end_date)) // get the yoy end date
			var start_year = Year(curr_date) 
			var start_qtr_month = (Quarter(curr_date) * 3) - 2  
			var start_month = Month(curr_date)
			var start_date_ytd = date(start_year,1,1)  
			var start_date_ytd_sply = date(start_year-1,1,1)  
			var start_date_qtd = date(start_year,start_qtr_month ,1)  
			var start_date_qtd_sply = date(start_year -1,start_qtr_month,1)  
			var start_date_mtd = date(start_year,start_month,1)  
			var start_date_mtd_sply = date(start_year -1,start_month,1)  
			
			var user_role_aliased = CALCULATE(MAX(users[col.trueai_user_role_coid_aliased]))      // get the user role aliased
			var user_group = CALCULATE(MAX(users[trueai_group])) // get the step_owner_user group
			
			var reps = CALCULATE(
			    COUNTROWS(DISTINCT(SELECTCOLUMNS(FILTER(
			        users,
			        users[trueai_user_role]=user_role_aliased &&
			        users[trueai_group]=user_group
			    ),
			    [_sys_doc_id]))),
			   ALL()
			)
			var book_amt = CALCULATE(
			    SUMX(
			        FILTER(
			            ssr_history,
			            ssr_history[_sys_filt_end_date] >=  start_date_qtd &&  ssr_history[_sys_filt_end_date] <= end_date && 
			            ssr_history[step_success] = true && ssr_history[step_name] in{""Existing Customer Selling"", ""New Logo Selling""} &&
			            ssr_history[step_owner_user_role]=user_role_aliased && ssr_history[col.step_owner_group]=user_group
			        ),
			        ssr_history[opp_booking_amt]
			    ),
			    ALL()
			)
			var res = DIVIDE(
			    book_amt,
			    reps
			)
			
			return res"
"meas.ssr_history_user_peers_avg_booking_amt_ytd","KEEP","Average of ssr history user peers avg booking amt ytd. Respects the current filter context.","Calculates the number of user peers average booking amount year-to-date where step is Existing Customer Selling or New Logo Selling, successful records.","-- get the dates
			var curr_date = CALCULATE(MAX(cal_end_dates[Date])) // get the mgmt current end date
			var end_date = curr_date
			var end_date_sply = date(Year(end_date) -1,Month(end_date),day(end_date)) // get the yoy end date
			var start_year = Year(curr_date) 
			var start_qtr_month = (Quarter(curr_date) * 3) - 2  
			var start_month = Month(curr_date)
			var start_date_ytd = date(start_year,1,1)  
			var start_date_ytd_sply = date(start_year-1,1,1)  
			var start_date_qtd = date(start_year,start_qtr_month ,1)  
			var start_date_qtd_sply = date(start_year -1,start_qtr_month,1)  
			var start_date_mtd = date(start_year,start_month,1)  
			var start_date_mtd_sply = date(start_year -1,start_month,1)  
			
			var user_role_aliased = CALCULATE(MAX(users[col.trueai_user_role_coid_aliased]))      // get the user role aliased
			var user_group = CALCULATE(MAX(users[trueai_group])) // get the step_owner_user group
			
			var reps = CALCULATE(
			    COUNTROWS(DISTINCT(SELECTCOLUMNS(FILTER(
			        users,
			        users[trueai_user_role]=user_role_aliased &&
			        users[trueai_group]=user_group
			    ),
			    [_sys_doc_id]))),
			   ALL()
			)
			var book_amt = CALCULATE(
			    SUMX(
			        FILTER(
			            ssr_history,
			            ssr_history[_sys_filt_end_date] >=  start_date_ytd &&  ssr_history[_sys_filt_end_date] <= end_date && 
			            ssr_history[step_success] = true && ssr_history[step_name] in{""Existing Customer Selling"", ""New Logo Selling""} &&
			            ssr_history[step_owner_user_role]=user_role_aliased && ssr_history[col.step_owner_group]=user_group
			        ),
			        ssr_history[opp_booking_amt]
			    ),
			    ALL()
			)
			var res = DIVIDE(
			    book_amt,
			    reps
			)
			
			return res"
"meas.ssr_history_user_peers_avg_pipeline_amt_mtd","KEEP","Average of ssr history user peers avg pipeline amt mtd. Respects the current filter context.","Calculates the number of user peers average pipeline amount month-to-date where step is Prospecting or Post-Sales Support, successful records.","-- get the dates
			var curr_date = CALCULATE(MAX(cal_end_dates[Date])) // get the mgmt current end date
			var end_date = curr_date
			var end_date_sply = date(Year(end_date) -1,Month(end_date),day(end_date)) // get the yoy end date
			var start_year = Year(curr_date) 
			var start_qtr_month = (Quarter(curr_date) * 3) - 2  
			var start_month = Month(curr_date)
			var start_date_ytd = date(start_year,1,1)  
			var start_date_ytd_sply = date(start_year-1,1,1)  
			var start_date_qtd = date(start_year,start_qtr_month ,1)  
			var start_date_qtd_sply = date(start_year -1,start_qtr_month,1)  
			var start_date_mtd = date(start_year,start_month,1)  
			var start_date_mtd_sply = date(start_year -1,start_month,1)  
			
			var user_role_aliased = CALCULATE(MAX(users[col.trueai_user_role_coid_aliased]))      // get the user role aliased
			var user_group = CALCULATE(MAX(users[trueai_group])) // get the step_owner_user group
			
			var reps = CALCULATE(
			    COUNTROWS(DISTINCT(SELECTCOLUMNS(FILTER(
			        users,
			        users[trueai_user_role]=user_role_aliased &&
			        users[trueai_group]=user_group
			    ),
			    [_sys_doc_id]))),
			   ALL()
			)
			var pipeline_amt = CALCULATE(
			    SUMX(
			        FILTER(
			            ssr_history,
			            ssr_history[_sys_filt_end_date] >=  start_date_mtd &&  ssr_history[_sys_filt_end_date] <= end_date && 
			            ssr_history[step_success] = true && ssr_history[step_name] in{""Prospecting"", ""Post-Sales Support""} &&
			            ssr_history[step_owner_user_role]=user_role_aliased && ssr_history[col.step_owner_group]=user_group
			        ),
			        ssr_history[opp_pipeline_amt]
			    ),
			    ALL()
			)
			var res = DIVIDE(
			    pipeline_amt,
			    reps
			)
			
			return res"
"meas.ssr_history_user_peers_avg_pipeline_amt_qtd","KEEP","Average of ssr history user peers avg pipeline amt qtd. Respects the current filter context.","Calculates the number of user peers average pipeline amount quarter-to-date where step is Prospecting or Post-Sales Support, successful records.","-- get the dates
			var curr_date = CALCULATE(MAX(cal_end_dates[Date])) // get the mgmt current end date
			var end_date = curr_date
			var end_date_sply = date(Year(end_date) -1,Month(end_date),day(end_date)) // get the yoy end date
			var start_year = Year(curr_date) 
			var start_qtr_month = (Quarter(curr_date) * 3) - 2  
			var start_month = Month(curr_date)
			var start_date_ytd = date(start_year,1,1)  
			var start_date_ytd_sply = date(start_year-1,1,1)  
			var start_date_qtd = date(start_year,start_qtr_month ,1)  
			var start_date_qtd_sply = date(start_year -1,start_qtr_month,1)  
			var start_date_mtd = date(start_year,start_month,1)  
			var start_date_mtd_sply = date(start_year -1,start_month,1)  
			
			var user_role_aliased = CALCULATE(MAX(users[col.trueai_user_role_coid_aliased]))      // get the user role aliased
			var user_group = CALCULATE(MAX(users[trueai_group])) // get the step_owner_user group
			
			var reps = CALCULATE(
			    COUNTROWS(DISTINCT(SELECTCOLUMNS(FILTER(
			        users,
			        users[trueai_user_role]=user_role_aliased &&
			        users[trueai_group]=user_group
			    ),
			    [_sys_doc_id]))),
			   ALL()
			)
			var pipeline_amt = CALCULATE(
			    SUMX(
			        FILTER(
			            ssr_history,
			            ssr_history[_sys_filt_end_date] >=  start_date_qtd &&  ssr_history[_sys_filt_end_date] <= end_date && 
			            ssr_history[step_success] = true && ssr_history[step_name] in{""Prospecting"", ""Post-Sales Support""} &&
			            ssr_history[step_owner_user_role]=user_role_aliased && ssr_history[col.step_owner_group]=user_group
			        ),
			        ssr_history[opp_pipeline_amt]
			    ),
			    ALL()
			)
			var res = DIVIDE(
			    pipeline_amt,
			    reps
			)
			
			return res"
"meas.ssr_history_user_peers_avg_pipeline_amt_ytd","KEEP","Average of ssr history user peers avg pipeline amt ytd. Respects the current filter context.","Calculates the number of user peers average pipeline amount year-to-date where step is Prospecting or Post-Sales Support, successful records.","-- get the dates
			var curr_date = CALCULATE(MAX(cal_end_dates[Date])) // get the mgmt current end date
			var end_date = curr_date
			var end_date_sply = date(Year(end_date) -1,Month(end_date),day(end_date)) // get the yoy end date
			var start_year = Year(curr_date) 
			var start_qtr_month = (Quarter(curr_date) * 3) - 2  
			var start_month = Month(curr_date)
			var start_date_ytd = date(start_year,1,1)  
			var start_date_ytd_sply = date(start_year-1,1,1)  
			var start_date_qtd = date(start_year,start_qtr_month ,1)  
			var start_date_qtd_sply = date(start_year -1,start_qtr_month,1)  
			var start_date_mtd = date(start_year,start_month,1)  
			var start_date_mtd_sply = date(start_year -1,start_month,1)  
			
			var user_role_aliased = CALCULATE(MAX(users[col.trueai_user_role_coid_aliased]))      // get the user role aliased
			var user_group = CALCULATE(MAX(users[trueai_group])) // get the step_owner_user group
			
			var reps = CALCULATE(
			    COUNTROWS(DISTINCT(SELECTCOLUMNS(FILTER(
			        users,
			        users[trueai_user_role]=user_role_aliased &&
			        users[trueai_group]=user_group
			    ),
			    [_sys_doc_id]))),
			   ALL()
			)
			var pipeline_amt = CALCULATE(
			    SUMX(
			        FILTER(
			            ssr_history,
			            ssr_history[_sys_filt_end_date] >=  start_date_ytd &&  ssr_history[_sys_filt_end_date] <= end_date && 
			            ssr_history[step_success] = true && ssr_history[step_name] in{""Prospecting"", ""Post-Sales Support""} &&
			            ssr_history[step_owner_user_role]=user_role_aliased && ssr_history[col.step_owner_group]=user_group
			        ),
			        ssr_history[opp_pipeline_amt]
			    ),
			    ALL()
			)
			var res = DIVIDE(
			    pipeline_amt,
			    reps
			)
			
			return res"
"meas.ssr_history_vi_value_created","KEEP","Measure calculating ssr history vi value created. Respects the current filter context.","Summarizes vi value created.","var val_created = CALCULATE(sum(ssr_history[vi_value_created]))
			var res = val_created
			return res"
"meas.ssr_history_vi_value_created_per_hr","KEEP","Measure calculating ssr history vi value created per hr. Respects the current filter context.","Summarizes vi value created per hr.","var vc = Calculate(sum(ssr_history[vi_value_created]))
			var res = divide( vc, [meas.ssr_history_duration_hrs], BLANK()) 
			return res"
"meas.ssr_history_vi_value_created_per_rep","KEEP","Measure calculating ssr history vi value created per rep. Respects the current filter context.","Calculates vi value created per rep in the current reporting context.",""
"meas.ssr_history_win_rate","KEEP","Rate of ssr history win rate. Respects the current filter context.","Calculates win rate in the current reporting context.",""
"meas.ssr_history_win_rate_diff","KEEP","Rate of ssr history win rate diff. Respects the current filter context.","Returns win rate difference.","var _selected_item = SELECTEDVALUE(time_intelligence[filt_item])
			
			-- get the dates
			var curr_date = CALCULATE(MAX(cal_end_dates[Date])) // get the mgmt current end date
			var end_date = curr_date
			var end_date_sply = date(Year(end_date) -1,Month(end_date),day(end_date)) // get the yoy end date
			var start_year = Year(curr_date) 
			var start_qtr_month = (Quarter(curr_date) * 3) - 2  
			var start_month = Month(curr_date)
			var start_date_ytd = date(start_year,1,1)  
			var start_date_ytd_sply = date(start_year-1,1,1)
			var start_date_qtd = date(start_year,start_qtr_month ,1)  
			var start_date_qtd_sply = date(start_year -1,start_qtr_month,1)
			var start_date_mtd = date(start_year,start_month,1)  
			var start_date_mtd_sply = date(start_year -1,start_month,1)
			
			-- get data for overridden date periods but still contextual
			var mtd_delta =DIVIDE(
			    (
			      CALCULATE([meas.ssr_history_win_rate],cal_end_dates[Date] >=  start_date_mtd &&  cal_end_dates[Date] <= end_date) - CALCULATE([meas.ssr_history_win_rate],cal_end_dates[Date] >=  start_date_mtd_sply &&  cal_end_dates[Date] <= end_date_sply)
			    ),          // mtd calculation
			    CALCULATE([meas.ssr_history_win_rate],cal_end_dates[Date] >=  start_date_mtd_sply &&  cal_end_dates[Date] <= end_date_sply)
			)
			
			var qtd_delta =DIVIDE(
			    (
			      CALCULATE([meas.ssr_history_win_rate],cal_end_dates[Date] >=  start_date_qtd &&  cal_end_dates[Date] <= end_date) - CALCULATE([meas.ssr_history_win_rate],cal_end_dates[Date] >=  start_date_qtd_sply &&  cal_end_dates[Date] <= end_date_sply)
			    ),          // qtd calculation
			    CALCULATE([meas.ssr_history_win_rate],cal_end_dates[Date] >=  start_date_qtd_sply &&  cal_end_dates[Date] <= end_date_sply)
			)
			
			var ytd_delta =DIVIDE(
			    (
			      CALCULATE([meas.ssr_history_win_rate],cal_end_dates[Date] >=  start_date_ytd &&  cal_end_dates[Date] <= end_date) - CALCULATE([meas.ssr_history_win_rate],cal_end_dates[Date] >=  start_date_ytd_sply &&  cal_end_dates[Date] <= end_date_sply)
			    ),      // ytd calculation
			    CALCULATE([meas.ssr_history_win_rate],cal_end_dates[Date] >=  start_date_ytd_sply &&  cal_end_dates[Date] <= end_date_sply)
			)
			
			var res = IF(
			    _selected_item=""MTD"", 
			    mtd_delta,
			    IF(
			        _selected_item=""QTD"",
			        qtd_delta,
			        IF(
			            _selected_item=""YTD"",
			            ytd_delta
			        )
			    )
			)
			
			
			RETURN
			res"
"meas.ssr_history_won_amt","KEEP","Measure calculating ssr history won amt. Respects the current filter context.","Calculates won amount in the current reporting context.",""
"meas.ssr_history_won_amt_diff","KEEP","Measure calculating ssr history won amt diff. Respects the current filter context.","Returns won amount difference.","var _selected_item = SELECTEDVALUE(time_intelligence[filt_item])
			
			-- get the dates
			var curr_date = CALCULATE(MAX(cal_end_dates[Date])) // get the mgmt current end date
			var end_date = curr_date
			var end_date_sply = date(Year(end_date) -1,Month(end_date),day(end_date)) // get the yoy end date
			var start_year = Year(curr_date) 
			var start_qtr_month = (Quarter(curr_date) * 3) - 2  
			var start_month = Month(curr_date)
			var start_date_ytd = date(start_year,1,1)  
			var start_date_ytd_sply = date(start_year-1,1,1)
			var start_date_qtd = date(start_year,start_qtr_month ,1)  
			var start_date_qtd_sply = date(start_year -1,start_qtr_month,1)
			var start_date_mtd = date(start_year,start_month,1)  
			var start_date_mtd_sply = date(start_year -1,start_month,1)
			
			-- get data for overridden date periods but still contextual
			var mtd_delta =DIVIDE(
			    (
			      CALCULATE([meas.ssr_history_won_amt],cal_end_dates[Date] >=  start_date_mtd &&  cal_end_dates[Date] <= end_date) - CALCULATE([meas.ssr_history_won_amt],cal_end_dates[Date] >=  start_date_mtd_sply &&  cal_end_dates[Date] <= end_date_sply)
			    ),          // mtd calculation
			    CALCULATE([meas.ssr_history_won_amt],cal_end_dates[Date] >=  start_date_mtd_sply &&  cal_end_dates[Date] <= end_date_sply)
			)
			
			var qtd_delta =DIVIDE(
			    (
			      CALCULATE([meas.ssr_history_won_amt],cal_end_dates[Date] >=  start_date_qtd &&  cal_end_dates[Date] <= end_date) - CALCULATE([meas.ssr_history_won_amt],cal_end_dates[Date] >=  start_date_qtd_sply &&  cal_end_dates[Date] <= end_date_sply)
			    ),          // qtd calculation
			    CALCULATE([meas.ssr_history_won_amt],cal_end_dates[Date] >=  start_date_qtd_sply &&  cal_end_dates[Date] <= end_date_sply)
			)
			
			var ytd_delta =DIVIDE(
			    (
			      CALCULATE([meas.ssr_history_won_amt],cal_end_dates[Date] >=  start_date_ytd &&  cal_end_dates[Date] <= end_date) - CALCULATE([meas.ssr_history_won_amt],cal_end_dates[Date] >=  start_date_ytd_sply &&  cal_end_dates[Date] <= end_date_sply)
			    ),      // ytd calculation
			    CALCULATE([meas.ssr_history_won_amt],cal_end_dates[Date] >=  start_date_ytd_sply &&  cal_end_dates[Date] <= end_date_sply)
			)
			
			var res = IF(
			    _selected_item=""MTD"", 
			    mtd_delta,
			    IF(
			        _selected_item=""QTD"",
			        qtd_delta,
			        IF(
			            _selected_item=""YTD"",
			            ytd_delta
			        )
			    )
			)
			
			
			RETURN
			res"
"meas.ssr_history_won_amt_existing_customer_selling","KEEP","Measure calculating ssr history won amt existing customer selling. Respects the current filter context.","Summarizes won amount existing customer selling where step is Existing Customer Selling.","CALCULATE(SUM(ssr_history[opp_won_amt]), ssr_history[step_name]=""Existing Customer Selling"")"
"meas.ssr_history_won_amt_new_logo","KEEP","Measure calculating ssr history won amt new logo. Respects the current filter context.","Summarizes won amount new logo where step is New Logo Selling.","CALCULATE(SUM(ssr_history[opp_won_amt]), ssr_history[step_name]=""New Logo Selling"")"
"meas.ssr_history_won_amt_sply_diff","KEEP","Measure calculating ssr history won amt sply diff. Respects the current filter context.","Calculates won amount same period last year difference in the current reporting context.",""
"meas.ssr_history_won_count","KEEP","Count of ssr history won count. Respects the current filter context.","Calculates won count in the current reporting context.",""
"meas.ssr_history_won_count_diff","KEEP","Count of ssr history won count diff. Respects the current filter context.","Returns won count difference.","var _selected_item = SELECTEDVALUE(time_intelligence[filt_item])
			
			-- get the dates
			var curr_date = CALCULATE(MAX(cal_end_dates[Date])) // get the mgmt current end date
			var end_date = curr_date
			var end_date_sply = date(Year(end_date) -1,Month(end_date),day(end_date)) // get the yoy end date
			var start_year = Year(curr_date) 
			var start_qtr_month = (Quarter(curr_date) * 3) - 2  
			var start_month = Month(curr_date)
			var start_date_ytd = date(start_year,1,1)  
			var start_date_ytd_sply = date(start_year-1,1,1)
			var start_date_qtd = date(start_year,start_qtr_month ,1)  
			var start_date_qtd_sply = date(start_year -1,start_qtr_month,1)
			var start_date_mtd = date(start_year,start_month,1)  
			var start_date_mtd_sply = date(start_year -1,start_month,1)
			
			-- get data for overridden date periods but still contextual
			var mtd_delta =DIVIDE(
			    (
			      CALCULATE([meas.ssr_history_won_count],cal_end_dates[Date] >=  start_date_mtd &&  cal_end_dates[Date] <= end_date) - CALCULATE([meas.ssr_history_won_count],cal_end_dates[Date] >=  start_date_mtd_sply &&  cal_end_dates[Date] <= end_date_sply)
			    ),          // mtd calculation
			    CALCULATE([meas.ssr_history_won_count],cal_end_dates[Date] >=  start_date_mtd_sply &&  cal_end_dates[Date] <= end_date_sply)
			)
			
			var qtd_delta =DIVIDE(
			    (
			      CALCULATE([meas.ssr_history_won_count],cal_end_dates[Date] >=  start_date_qtd &&  cal_end_dates[Date] <= end_date) - CALCULATE([meas.ssr_history_won_count],cal_end_dates[Date] >=  start_date_qtd_sply &&  cal_end_dates[Date] <= end_date_sply)
			    ),          // qtd calculation
			    CALCULATE([meas.ssr_history_won_count],cal_end_dates[Date] >=  start_date_qtd_sply &&  cal_end_dates[Date] <= end_date_sply)
			)
			
			var ytd_delta =DIVIDE(
			    (
			      CALCULATE([meas.ssr_history_won_count],cal_end_dates[Date] >=  start_date_ytd &&  cal_end_dates[Date] <= end_date) - CALCULATE([meas.ssr_history_won_count],cal_end_dates[Date] >=  start_date_ytd_sply &&  cal_end_dates[Date] <= end_date_sply)
			    ),      // ytd calculation
			    CALCULATE([meas.ssr_history_won_count],cal_end_dates[Date] >=  start_date_ytd_sply &&  cal_end_dates[Date] <= end_date_sply)
			)
			
			var res = IF(
			    _selected_item=""MTD"", 
			    mtd_delta,
			    IF(
			        _selected_item=""QTD"",
			        qtd_delta,
			        IF(
			            _selected_item=""YTD"",
			            ytd_delta
			        )
			    )
			)
			
			
			RETURN
			res"
"meas.ssr_leads_time_to_touch_days","KEEP","Measure calculating ssr leads time to touch days. Respects the current filter context.","Calculates ssr leads time to touch days in the current reporting context.",""
"meas.ssr_open_lead_crm_leadsource","KEEP","Measure calculating ssr open lead crm leadsource. Respects the current filter context.","Calculates ssr open lead crm leadsource in the current reporting context.",""
"meas.ssr_open_leads_accts_added_date","KEEP","Measure calculating ssr open leads accts added date. Respects the current filter context.","Calculates ssr open leads accounts added date in the current reporting context.",""
"meas.ssr_open_leads_accts_first_touch_date","KEEP","Measure calculating ssr open leads accts first touch date. Respects the current filter context.","Calculates ssr open leads accounts first touch date in the current reporting context.",""
"meas.ssr_open_leads_accts_name","KEEP","Measure calculating ssr open leads accts name. Respects the current filter context.","Calculates ssr open leads accounts name in the current reporting context.",""
"meas.ssr_open_leads_accts_potential_acv","KEEP","Measure calculating ssr open leads accts potential acv. Respects the current filter context.","Returns ssr open leads accounts potential acv.","var sel_date = [meas.sel_date] // get the selected date 
			
			var temp_tbl = CALCULATETABLE(ssr ,  cal_end_dates[Date] <= date(2100,1,1) ) // start by filtering the table to the appropriate period and override the end date to include open item,s 
			
			var filter_tbl  =
			FILTER (
			    temp_tbl,
			    ssr[_sys_doc_id] = 
			    CALCULATE (
			          MAX ( ssr[_sys_doc_id] ),
			        FILTER (
			            all(ssr),
			            ssr[_sys_doc_id] = EARLIER ( ssr[_sys_doc_id] ) // this checks all the other values if it is the relevant one
			            &&  ssr[_sys_filt_start_date] < sel_date  // this ensures that we exclude anything after the selected date - important!
			        )
			    )
			)
			Var res  = SUMX(filter_tbl,[trueai_potential_acv] )
			RETURN res"
"meas.ssr_open_leads_avg_prediction_conv_rate","KEEP","Rate of ssr open leads avg prediction conv rate. Respects the current filter context.","Calculates the number of ssr open leads average prediction conv rate.","var sel_date = [meas.sel_date] // get the selected date 
			
			var temp_tbl = CALCULATETABLE(
			        ssr_history ,   
			        cal_end_dates[Date] <= date(2100,1,1)  // start by filtering the table to the appropriate period and overrider the end date to include open item
			    )
			
			var sum_tbl1 = SUMMARIZE(
			    temp_tbl, 
			    [_sys_ssr_id], 
			    ""count_id"", Count([_sys_doc_id]), 
			    ""max_sys_doc_id"", MAX(ssr_history[_sys_doc_id]) // aggregate and get the most recent entry
			)
			
			VAR most_recent_entries = 
			    FILTER(
			        temp_tbl, // use the already filtered table to ensure correct rows
			        ssr_history[_sys_doc_id] IN SELECTCOLUMNS(sum_tbl1, ""max_sys_doc_id"", [max_sys_doc_id]) // use an in statement w/ selectcol to filter just those rows
			        )
			        
			    
			
			var res =   AVERAGEX(sum_tbl1, [meas.ssr_trueai_conversion_rate]) // COUNTX(most_recent_entries, [_sys_doc_id]) // do the agg opes 
			
			RETURN
			res"
"meas.ssr_open_leads_count","KEEP","Count of ssr open leads count. Respects the current filter context.","Calculates the number of ssr open leads count.","var sel_date = [meas.sel_date] // get the selected date 
			
			//var temp_res =  CALCULATE(COUNT(ssr_history[_sys_doc_id]))
			var temp_tbl = CALCULATETABLE(ssr_history ,  cal_end_dates[Date] <= date(2100,1,1) ) // start by filtering the table to the appropriate period and override the end date to include open item,s 
			
			var filter_tbl  =
			FILTER (
			    temp_tbl,
			    ssr_history[_sys_doc_id] = 
			    CALCULATE (
			          MAX ( ssr_history[_sys_doc_id] ),
			        FILTER (
			            all(ssr_history),
			            ssr_history[_sys_ssr_id] = EARLIER ( ssr_history[_sys_ssr_id] ) // this checks all the other values if it is the relevant one
			            &&  ssr_history[_sys_filt_start_date] < sel_date  // this ensures that we exclude anything after the selected date - important!
			        )
			    )
			)
			Var res  = countx(filter_tbl,[_sys_doc_id] )
			RETURN res"
"meas.ssr_open_trueai_industry","KEEP","Measure calculating ssr open trueai industry. Respects the current filter context.","Calculates ssr open trueai industry in the current reporting context.",""
"meas.ssr_target_abandoned_acct_count","KEEP","Count of ssr target abandoned acct count. Respects the current filter context.","Calculates ssr target abandoned account count in the current reporting context.",""
"meas.ssr_target_acct_count","KEEP","Count of ssr target acct count. Respects the current filter context.","Calculates ssr target account count in the current reporting context.",""
"meas.ssr_target_converted_acct_count","KEEP","Count of ssr target converted acct count. Respects the current filter context.","Calculates ssr target converted account count in the current reporting context.",""
"meas.ssr_target_disqualified_acct_count","KEEP","Count of ssr target disqualified acct count. Respects the current filter context.","Calculates ssr target disqualified account count in the current reporting context.",""
"meas.ssr_total_abandoned_leads_count","KEEP","Count of ssr total abandoned leads count. Respects the current filter context.","Calculates ssr total abandoned leads count in the current reporting context.",""
"meas.ssr_total_ignored_leads_count","KEEP","Count of ssr total ignored leads count. Respects the current filter context.","Calculates ssr total ignored leads count in the current reporting context.",""
"meas.ssr_total_open_leads_count","KEEP","Count of ssr total open leads count. Respects the current filter context.","Calculates the number of ssr total open leads count.","var sel_date = [meas.sel_date] // get the selected date 
			
			var temp_tbl = CALCULATETABLE(
			        ssr_history ,   
			        cal_end_dates[Date] <= date(2100,1,1)  // start by filtering the table to the appropriate period and overrider the end date to include open item
			    )
			var rpt_tbl = FILTER(
			    temp_tbl,
			    ssr_history[step_outcome] in {""Abandoned"", ""Ignored"", ""Prospecting"", ""Untouched""} && ssr_history[_sys_filt_start_date] <= sel_date
			)
			
			var sum_tbl1 = SUMMARIZE(
			    rpt_tbl, 
			    [_sys_ssr_id], 
			    ""count_id"", Count([_sys_doc_id]), 
			    ""max_sys_doc_id"", MAX(ssr_history[_sys_doc_id]) // aggregate and get the most recent entry
			)
			
			VAR most_recent_entries = 
			    FILTER(
			        rpt_tbl, // use the already filtered table to ensure correct rows
			        ssr_history[_sys_doc_id] IN SELECTCOLUMNS(sum_tbl1, ""max_sys_doc_id"", [max_sys_doc_id]) // use an in statement w/ selectcol to filter just those rows
			        )
			        
			    
			
			var res =   COUNTROWS(sum_tbl1) // COUNTX(most_recent_entries, [_sys_doc_id]) // do the agg opes 
			
			RETURN
			res"
"meas.ssr_total_untouched_leads_count","KEEP","Count of ssr total untouched leads count. Respects the current filter context.","Calculates ssr total untouched leads count in the current reporting context.",""
"meas.step_outcome","KEEP","Measure calculating step outcome. Respects the current filter context.","Returns step outcome.","VAR sel_date = CALCULATE(MAX(cal_start_dates[Date]))
			VAR res = 
			    CALCULATE (
			        MAX(ssr_history[step_outcome])
			    )
			RETURN
			res"
"meas.step_owner_group","KEEP","Measure calculating step owner group. Respects the current filter context.","Calculates step owner group in the current reporting context.",""
"meas.step_owner_role","KEEP","Measure calculating step owner role. Respects the current filter context.","Returns step owner role.","var cols = MAX(users[col.trueai_user_role_coid_aliased])           // getting the role 
			
			RETURN  cols"
"meas.step_owner_user_role_aliased","KEEP","Measure calculating step owner user role aliased. Respects the current filter context.","Helper measure used for internal calculations, dynamic formatting, or visual behavior.",""
"meas.step_users_total","KEEP","Measure calculating step users total. Respects the current filter context.","Summarizes step users total.","SUM(ssr_history[step_users_tot])"
"meas.stkhlds_all_act_count","KEEP","Count of stkhlds all act count. Respects the current filter context.","Summarizes all activities from stakeholders.","CALCULATE(sum(ssr_history[stkhlds_all_act_count]))"
"meas.stkhlds_all_act_counts","KEEP","Count of stkhlds all act counts. Respects the current filter context.","Summarizes all activities from stakeholders.",""
"meas.stkhlds_all_act_email_count","KEEP","Count of stkhlds all act email count. Respects the current filter context.","Summarizes all emails from stakeholders.","CALCULATE(MAX(ssr_history[stkhlds_all_act_type_email_count]))"
"meas.stkhlds_all_act_eng_counts","KEEP","Count of stkhlds all act eng counts. Respects the current filter context.","Summarizes all activities from stakeholders.",""
"meas.stkhlds_all_act_eng_email_count","KEEP","Count of stkhlds all act eng email count. Respects the current filter context.","Summarizes all emails from stakeholders.","CALCULATE(MAX(ssr_history[stkhlds_all_act_type_email_eng_count]))"
"meas.stkhlds_all_act_eng_meeting_count","KEEP","Count of stkhlds all act eng meeting count. Respects the current filter context.","Summarizes all meetings from stakeholders.","CALCULATE(MAX(ssr_history[stkhlds_all_act_type_meeting_eng_count]))"
"meas.stkhlds_all_act_eng_social_count","KEEP","Count of stkhlds all act eng social count. Respects the current filter context.","Summarizes all social-channel activities from stakeholders.","CALCULATE(MAX(ssr_history[stkhlds_all_act_type_social_eng_count]))"
"meas.stkhlds_all_act_meeting_count","KEEP","Count of stkhlds all act meeting count. Respects the current filter context.","Summarizes all meetings from stakeholders.","CALCULATE(MAX(ssr_history[stkhlds_all_act_type_meeting_count]))"
"meas.stkhlds_all_act_nd_count","KEEP","Count of stkhlds all act nd count. Respects the current filter context.","Summarizes all activities from stakeholders.","CALCULATE(sum(ssr_history[stkhlds_all_act_type_nd_count]))"
"meas.stkhlds_all_act_phone_calls","KEEP","Measure calculating stkhlds all act phone calls. Respects the current filter context.","Summarizes all calls from stakeholders.","CALCULATE(MAX(ssr_history[stkhlds_all_act_type_call_count]))"
"meas.stkhlds_all_act_phone_eng_calls","KEEP","Measure calculating stkhlds all act phone eng calls. Respects the current filter context.","Summarizes all calls from stakeholders.","CALCULATE(MAX(ssr_history[stkhlds_all_act_type_call_eng_count]))"
"meas.stkhlds_all_act_social_count","KEEP","Count of stkhlds all act social count. Respects the current filter context.","Summarizes all social-channel activities from stakeholders.","CALCULATE(MAX(ssr_history[stkhlds_all_social_count]))"
"meas.stkhlds_all_act_social_media_count","KEEP","Count of stkhlds all act social media count. Respects the current filter context.","Summarizes all social-channel activities from stakeholders.","CALCULATE(sum(ssr_history[stkhlds_all_social_count]))     // total social media act"
"meas.stkhlds_all_contacts_count","KEEP","Count of stkhlds all contacts count. Respects the current filter context.","Summarizes stakeholders all contacts count.","CALCULATE(SUM(ssr_history[stkhlds_all_contacts_count]))"
"meas.stkhlds_all_eng_act_count","REVIEW","Count of stkhlds all eng act count. Respects the current filter context.","Redundant measure - slated for depreciation.","CALCULATE(MAX(ssr_history[stkhlds_all_act_eng_count]))"
"meas.stkhlds_all_first_act","REVIEW","Measure calculating stkhlds all first act. Respects the current filter context.","Redundant measure - slated for depreciation.","MAX(ssr_history[stkhlds_all_first_act])"
"meas.stkhlds_all_last_act","REVIEW","Measure calculating stkhlds all last act. Respects the current filter context.","Redundant measure - slated for depreciation.","MAX(ssr_history[stkhlds_all_last_act])"
"meas.stkhlds_all_last_act_days","KEEP","Measure calculating stkhlds all last act days. Respects the current filter context.","Calculates stakeholders all last act days in the current reporting context.",""
"meas.stkhlds_all_last_eng","REVIEW","Measure calculating stkhlds all last eng. Respects the current filter context.","Redundant measure - slated for depreciation.","MAX(ssr_history[stkhlds_all_last_eng])"
"meas.stkhlds_all_non_eng_counts","KEEP","Count of stkhlds all non eng counts. Respects the current filter context.","Calculates stakeholders all non eng counts in the current reporting context.",""
"meas.stkhlds_all_non_eng_email","KEEP","Measure calculating stkhlds all non eng email. Respects the current filter context.","Returns stakeholders all non eng email.","[meas.stkhlds_all_act_email_count] - [meas.stkhlds_all_act_eng_email_count]"
"meas.stkhlds_all_non_eng_meeting","KEEP","Measure calculating stkhlds all non eng meeting. Respects the current filter context.","Returns stakeholders all non eng meeting.","[meas.stkhlds_all_act_meeting_count] - [meas.stkhlds_all_act_eng_meeting_count]"
"meas.stkhlds_all_non_eng_phone_calls","KEEP","Measure calculating stkhlds all non eng phone calls. Respects the current filter context.","Returns stakeholders all non eng phone calls.","[meas.stkhlds_all_act_phone_calls] - [meas.stkhlds_all_act_phone_eng_calls]"
"meas.stkhlds_all_non_eng_social_count","KEEP","Count of stkhlds all non eng social count. Respects the current filter context.","Returns stakeholders all non eng social count.","[meas.stkhlds_all_act_social_count] - [meas.stkhlds_all_act_eng_social_count]"
"meas.stkhlds_non_eng_act_counts","KEEP","Count of stkhlds non eng act counts. Respects the current filter context.","Returns stakeholders non eng act counts.","[meas.stkhlds_all_act_counts] - [meas.stkhlds_all_act_eng_counts]"
"meas.stkhlds_primary_contact_card_title","KEEP","Measure calculating stkhlds primary contact card title. Respects the current filter context.","Helper measure used for internal label, formatting, or visual support behavior.","[meas.stkhlds_primary_full_name] & "", "" & [meas.stkhlds_primary_contact_title_seniority]"
"meas.stkhlds_primary_contact_first_act","KEEP","Measure calculating stkhlds primary contact first act. Respects the current filter context.","Returns stakeholders primary contact first act.","Max(ssr_history[stkhlds_primary_contact_first_act])"
"meas.stkhlds_primary_contact_first_eng","REVIEW","Measure calculating stkhlds primary contact first eng. Respects the current filter context.","Redundant measure - slated for depreciation.","MAX(ssr_history[stkhlds_primary_contact_first_eng])"
"meas.stkhlds_primary_contact_last_act","REVIEW","Measure calculating stkhlds primary contact last act. Respects the current filter context.","Redundant measure - slated for depreciation.","Max(ssr_history[stkhlds_primary_contact_last_act])"
"meas.stkhlds_primary_contact_last_eng","REVIEW","Measure calculating stkhlds primary contact last eng. Respects the current filter context.","Redundant measure - slated for depreciation.","MAX(ssr_history[stkhlds_primary_contact_last_eng])"
"meas.stkhlds_primary_contact_seniority","KEEP","Measure calculating stkhlds primary contact seniority. Respects the current filter context.","Returns stakeholders primary contact seniority.","CALCULATE(MAX(ssr_history_stakeholders[trueai_title_seniority]), ssr_history_stakeholders[trueai_stkhld_ranking]=1)"
"meas.stkhlds_primary_contact_title_department","KEEP","Measure calculating stkhlds primary contact title department. Respects the current filter context.","Helper measure used for internal calculations, dynamic formatting, or visual behavior.","CALCULATE(MAX(ssr_history_stakeholders[trueai_title_department]), ssr_history_stakeholders[trueai_stkhld_ranking]=1)"
"meas.stkhlds_primary_contact_title_seniority","KEEP","Measure calculating stkhlds primary contact title seniority. Respects the current filter context.","Helper measure used for internal calculations, dynamic formatting, or visual behavior.","CALCULATE(MAX(ssr_history_stakeholders[crm_title]), ssr_history_stakeholders[trueai_stkhld_ranking]=1)"
"meas.stkhlds_primary_full_name","KEEP","Measure calculating stkhlds primary full name. Respects the current filter context.","Returns stakeholders primary full name.","CALCULATE(MAX(ssr_history_stakeholders[crm_first_name]), FILTER( ssr_history_stakeholders, [meas.stkhlds_primary_contact_first_act] = ssr_history[meas.stkhlds_primary_contact_first_act]))
			     & "" "" & 
			     CALCULATE(MAX(ssr_history_stakeholders[crm_last_name]), FILTER( ssr_history_stakeholders, [meas.stkhlds_primary_contact_first_act] = ssr_history[meas.stkhlds_primary_contact_first_act]))"
"meas.stkhlds_primary_last_act","REVIEW","Measure calculating stkhlds primary last act. Respects the current filter context.","Redundant measure - slated for depreciation.","MAX(ssr_history[stkhlds_primary_contact_last_eng])"
"meas.stkhlds_seconary_contact_title","KEEP","Measure calculating stkhlds seconary contact title. Respects the current filter context.","Helper measure used for internal label, formatting, or visual support behavior.","CALCULATE(MAX(ssr_history_stakeholders[crm_title]), ssr_history_stakeholders[trueai_stkhld_ranking]=1)"
"meas.stkhlds_secondary_contact_card_title","KEEP","Measure calculating stkhlds secondary contact card title. Respects the current filter context.","Helper measure used for internal label, formatting, or visual support behavior.","[meas.stkhlds_secondary_full_name] & "", "" & [meas.stkhlds_secondary_contact_title_seniority]"
"meas.stkhlds_secondary_contact_first_act","REVIEW","Measure calculating stkhlds secondary contact first act. Respects the current filter context.","Redundant measure - slated for depreciation.","MAX(ssr_history[stkhlds_secondary_contact_first_act])"
"meas.stkhlds_secondary_contact_first_eng","REVIEW","Measure calculating stkhlds secondary contact first eng. Respects the current filter context.","Redundant measure - slated for depreciation.","MAX(ssr_history[stkhlds_secondary_contact_first_eng])"
"meas.stkhlds_secondary_contact_last_act","REVIEW","Measure calculating stkhlds secondary contact last act. Respects the current filter context.","Redundant measure - slated for depreciation.","MAX(ssr_history[stkhlds_secondary_contact_last_act])"
"meas.stkhlds_secondary_contact_last_eng","REVIEW","Measure calculating stkhlds secondary contact last eng. Respects the current filter context.","Redundant measure - slated for depreciation.","MAX(ssr_history[stkhlds_secondary_contact_last_eng])"
"meas.stkhlds_secondary_contact_title_department","KEEP","Measure calculating stkhlds secondary contact title department. Respects the current filter context.","Helper measure used for internal calculations, dynamic formatting, or visual behavior.","CALCULATE(MAX(ssr_history_stakeholders[trueai_title_department]), ssr_history_stakeholders[trueai_stkhld_ranking]=2)"
"meas.stkhlds_secondary_contact_title_seniority","KEEP","Measure calculating stkhlds secondary contact title seniority. Respects the current filter context.","Helper measure used for internal calculations, dynamic formatting, or visual behavior.","CALCULATE(MAX(ssr_history_stakeholders[trueai_title_seniority]), ssr_history_stakeholders[trueai_stkhld_ranking]=2)"
"meas.stkhlds_secondary_full_name","KEEP","Measure calculating stkhlds secondary full name. Respects the current filter context.","Returns stakeholders secondary full name.","CALCULATE(MAX(ssr_history_stakeholders[crm_first_name]), ssr_history_stakeholders[trueai_stkhld_ranking]=2)
			     & "" "" & 
			     CALCULATE(MAX(ssr_history_stakeholders[crm_last_name]), ssr_history_stakeholders[trueai_stkhld_ranking]=2)"
"meas.stkhlds_secondary_last_act","REVIEW","Measure calculating stkhlds secondary last act. Respects the current filter context.","Redundant measure - slated for depreciation.","MAX(ssr_history[stkhlds_secondary_contact_last_eng])"
"meas.ta_ssr_history_all_activity_avg_count","KEEP","Count of ta ssr history all activity avg count. Respects the current filter context.","Calculates ta ssr history all activity average count in the current reporting context.",""
"meas.ta_ssr_history_all_activity_avg_eng_count","KEEP","Count of ta ssr history all activity avg eng count. Respects the current filter context.","Returns the average ta ssr history all activity average eng count.","var res =  CALCULATE(
			    AVERAGE(ssr_history[stkhlds_all_act_eng_count]),
			       ssr_history[step_owner_act_capt_lvl]
			)
			                  
			return res"
"meas.ta_ssr_history_all_activity_engagement_rate","KEEP","Rate of ta ssr history all activity engagement rate. Respects the current filter context.","Calculates ta ssr history all activity engagement rate in the current reporting context.",""
"meas.ta_ssr_history_all_email_avg_count","KEEP","Count of ta ssr history all email avg count. Respects the current filter context.","Calculates ta ssr history all email average count in the current reporting context.",""
"meas.ta_ssr_history_all_email_avg_eng_count","KEEP","Count of ta ssr history all email avg eng count. Respects the current filter context.","Calculates ta ssr history all email average eng count in the current reporting context.",""
"meas.ta_ssr_history_all_email_engagement_rate","KEEP","Rate of ta ssr history all email engagement rate. Respects the current filter context.","Calculates ta ssr history all email engagement rate in the current reporting context.",""
"meas.ta_ssr_history_all_meeting_avg_count","KEEP","Count of ta ssr history all meeting avg count. Respects the current filter context.","Calculates ta ssr history all meeting average count in the current reporting context.",""
"meas.ta_ssr_history_all_meeting_avg_eng_count","KEEP","Count of ta ssr history all meeting avg eng count. Respects the current filter context.","Calculates ta ssr history all meeting average eng count in the current reporting context.",""
"meas.ta_ssr_history_all_meeting_engagement_rate","KEEP","Rate of ta ssr history all meeting engagement rate. Respects the current filter context.","Calculates ta ssr history all meeting engagement rate in the current reporting context.",""
"meas.ta_ssr_history_all_phone_call_avg_count","KEEP","Count of ta ssr history all phone call avg count. Respects the current filter context.","Calculates ta ssr history all phone call average count in the current reporting context.",""
"meas.ta_ssr_history_all_phone_call_avg_eng_count","KEEP","Count of ta ssr history all phone call avg eng count. Respects the current filter context.","Calculates ta ssr history all phone call average eng count in the current reporting context.",""
"meas.ta_ssr_history_all_phone_call_engagement_rate","KEEP","Rate of ta ssr history all phone call engagement rate. Respects the current filter context.","Calculates ta ssr history all phone call engagement rate in the current reporting context.",""
"meas.ta_ssr_history_all_social_media_avg_count","KEEP","Count of ta ssr history all social media avg count. Respects the current filter context.","Calculates ta ssr history all social media average count in the current reporting context.",""
"meas.ta_ssr_history_all_social_media_avg_eng_count","KEEP","Count of ta ssr history all social media avg eng count. Respects the current filter context.","Returns ta ssr history all social media average eng count.","CALCULATE ( 
			    AVERAGE ( ssr_history[stkhlds_all_act_type_social_eng_count] ),
			    ssr_history[step_owner_act_capt_lvl]>=0.5
			)"
"meas.ta_ssr_history_all_social_media_engagement_rate","KEEP","Rate of ta ssr history all social media engagement rate. Respects the current filter context.","Calculates ta ssr history all social media engagement rate in the current reporting context.",""
"meas.test_done.average_duration_hrs","KEEP","Average of average duration hrs. Respects the current filter context.","Returns the average test done.average duration hours.","ROUND(AVERAGE(ssr_history[stkhlds_all_adj_dur])/3600,0)"
"meas.tot_lost_amt_opps","KEEP","Measure calculating tot lost amt opps. Respects the current filter context.","Calculates total booking amount for closed-lost opportunities in the current reporting context.","CALCULATE(SUM(ssr_history[opp_booking_amt]), ssr_history[step_outcome]=""Closed Lost"")"
"meas.tot_pushed_pulled_close_date","REVIEW","Measure calculating tot pushed pulled close date. Respects the current filter context.","Redundant measure - slated for depreciation.","CALCULATE(MAX(ssr_history[trueai_days_pushed_pulled]))"
"meas.tot_won_amt_opps","KEEP","Measure calculating tot won amt opps. Respects the current filter context.","Calculates total booking amount for closed-won opportunities in the current reporting context.","CALCULATE(SUM(ssr_history[opp_booking_amt]), ssr_history[step_outcome]=""Closed Won"")"
"meas.total_opps_count","KEEP","Count of total opps count. Respects the current filter context.","Calculates total opportunities count in the current reporting context.",""
"meas.total_opps_count_dist","KEEP","Count of total opps count dist. Respects the current filter context.","Calculates total opportunities count dist in the current reporting context.",""
"meas.total_opps_won_amt","KEEP","Measure calculating total opps won amt. Respects the current filter context.","Calculates total opportunities won amount in the current reporting context.",""
"meas.total_won_opps","KEEP","Measure calculating total won opps. Respects the current filter context.","Calculates total won opportunities in the current reporting context.",""
"meas.trueai_addr_city","REVIEW","Measure calculating trueai addr city. Respects the current filter context.","Redundant measure - slated for depreciation.","MAX(ssr[trueai_addr_city])"
"meas.trueai_addr_state","REVIEW","Measure calculating trueai addr state. Respects the current filter context.","Redundant measure - slated for depreciation.","MAX(ssr[trueai_addr_state])"
"meas.trueai_company_size","REVIEW","Measure calculating trueai company size. Respects the current filter context.","Redundant measure - slated for depreciation.","MAX(ssr[trueai_company_size])"
"meas.trueai_curr_acv","REVIEW","Measure calculating trueai curr acv. Respects the current filter context.","Redundant measure - slated for depreciation.","MAX(ssr[trueai_curr_acv])"
"meas.trueai_first_purchase","REVIEW","Measure calculating trueai first purchase. Respects the current filter context.","Redundant measure - slated for depreciation.","MAX(ssr[trueai_first_purchase])"
"meas.trueai_leadsource_name","REVIEW","Measure calculating trueai leadsource name. Respects the current filter context.","Redundant measure - slated for depreciation.","CALCULATE(MAX(ssr[trueai_leadsource]))"
"meas.trueai_potential_acv","REVIEW","Measure calculating trueai potential acv. Respects the current filter context.","Redundant measure - slated for depreciation.","CALCULATE(MAX(ssr[trueai_potential_acv]))"
"meas.trueai_potential_acv_per_step_avg","KEEP","Average of trueai potential acv per step avg. Respects the current filter context.","Calculates trueai potential acv per step average in the current reporting context.",""
"meas.trueai_propensity","REVIEW","Measure calculating trueai propensity. Respects the current filter context.","Redundant measure - slated for depreciation.","CALCULATE(MAX(opps[trueai_propensity]))"
"meas.user_history_active_hire_date","KEEP","Measure calculating user history active hire date. Respects the current filter context.","Returns user history active hire date.","var step_owner_id = CALCULATE(MAX(ssr_history[step_owner_id]))     // get the step owner id 
			var res = CALCULATE(MAX(users_history[trueai_hire_date]), users_history[_sys_user_id] = step_owner_id)
			RETURN res"
"meas.user_involvement_per_opp","KEEP","Measure calculating user involvement per opp. Respects the current filter context.","Returns user involvement per opportunity.","[meas.user_involvement_per_opp_ae] + [meas.user_involvement_per_opp_am] + [meas.user_involvement_per_opp_mgmt] + [meas.user_involvement_per_opp_sdr] + [meas.user_involvement_per_opp_other]"
"meas.user_involvement_per_opp_avg","KEEP","Average of user involvement per opp avg. Respects the current filter context.","Returns user involvement per opportunity average.","DIVIDE([meas.user_involvement_per_opp], [meas.total_opps_count_dist])"
"meas.users_full_name","REVIEW","Measure calculating users full name. Respects the current filter context.","Redundant measure - slated for depreciation.","CALCULATE(MAX(users[trueai_full_name]))"
"meas.users_overview_avg_pred_conv_rate","KEEP","Rate of users overview avg pred conv rate. Respects the current filter context.","Calculates users overview average pred conv rate in the current reporting context.",""
"meas.users_overview_avg_pred_conv_rate_diff","KEEP","Rate of users overview avg pred conv rate diff. Respects the current filter context.","Returns users overview average pred conv rate difference.","var _selected_item = SELECTEDVALUE(time_intelligence[filt_item])
			
			-- get the dates
			var curr_date = CALCULATE(MAX(cal_end_dates[Date])) // get the mgmt current end date
			var end_date = curr_date
			var end_date_sply = date(Year(end_date) -1,Month(end_date),day(end_date)) // get the yoy end date
			var start_year = Year(curr_date) 
			var start_qtr_month = (Quarter(curr_date) * 3) - 2  
			var start_month = Month(curr_date)
			var start_date_ytd = date(start_year,1,1)  
			var start_date_ytd_sply = date(start_year-1,1,1)
			var start_date_qtd = date(start_year,start_qtr_month ,1)  
			var start_date_qtd_sply = date(start_year -1,start_qtr_month,1)
			var start_date_mtd = date(start_year,start_month,1)  
			var start_date_mtd_sply = date(start_year -1,start_month,1)
			
			-- get data for overridden date periods but still contextual
			var mtd_delta =DIVIDE(
			    (
			      CALCULATE([meas.users_overview_avg_pred_conv_rate],cal_end_dates[Date] >=  start_date_mtd &&  cal_end_dates[Date] <= end_date) - CALCULATE([meas.users_overview_avg_pred_conv_rate],cal_end_dates[Date] >=  start_date_mtd_sply &&  cal_end_dates[Date] <= end_date_sply)
			    ),          // mtd calculation
			    CALCULATE([meas.users_overview_avg_pred_conv_rate],cal_end_dates[Date] >=  start_date_mtd_sply &&  cal_end_dates[Date] <= end_date_sply)
			)
			
			var qtd_delta =DIVIDE(
			    (
			      CALCULATE([meas.users_overview_avg_pred_conv_rate],cal_end_dates[Date] >=  start_date_qtd &&  cal_end_dates[Date] <= end_date) - CALCULATE([meas.users_overview_avg_pred_conv_rate],cal_end_dates[Date] >=  start_date_qtd_sply &&  cal_end_dates[Date] <= end_date_sply)
			    ),          // qtd calculation
			    CALCULATE([meas.users_overview_avg_pred_conv_rate],cal_end_dates[Date] >=  start_date_qtd_sply &&  cal_end_dates[Date] <= end_date_sply)
			)
			
			var ytd_delta =DIVIDE(
			    (
			      CALCULATE([meas.users_overview_avg_pred_conv_rate],cal_end_dates[Date] >=  start_date_ytd &&  cal_end_dates[Date] <= end_date) - CALCULATE([meas.users_overview_avg_pred_conv_rate],cal_end_dates[Date] >=  start_date_ytd_sply &&  cal_end_dates[Date] <= end_date_sply)
			    ),      // ytd calculation
			    CALCULATE([meas.users_overview_avg_pred_conv_rate],cal_end_dates[Date] >=  start_date_ytd_sply &&  cal_end_dates[Date] <= end_date_sply)
			)
			
			var res = IF(
			    _selected_item=""MTD"", 
			    mtd_delta,
			    IF(
			        _selected_item=""QTD"",
			        qtd_delta,
			        IF(
			            _selected_item=""YTD"",
			            ytd_delta
			        )
			    )
			)
			
			
			RETURN
			res"
"meas.users_overview_win_rate","KEEP","Rate of users overview win rate. Respects the current filter context.","Returns users overview win rate where step is Existing Customer Selling or New Logo Selling, successful records.","-- apply  filters by sales steps
			var success_filt_tbl = Filter(ssr_history,  ssr_history[step_success] = true && ssr_history[step_name] in{""Existing Customer Selling"", ""New Logo Selling""} ) // filter table for success steps
			
			var total_filt_tbl = Filter(ssr_history,  ssr_history[step_name] in{""Existing Customer Selling"", ""New Logo Selling""} )  // filter the table for total steps
			
			var total_steps = CALCULATE( 
			    COUNTX(
			        total_filt_tbl,
			        ssr_history[_sys_doc_id]
			    )
			)
			
			var success_steps  = CALCULATE(
			    COUNTX(
			        success_filt_tbl,
			        ssr_history[_sys_doc_id]
			    )
			)
			var res = DIVIDE(success_steps, total_steps, BLANK())
			return res+0"
"meas.users_overview_win_rate_diff","KEEP","Rate of users overview win rate diff. Respects the current filter context.","Returns users overview win rate difference.","var _selected_item = SELECTEDVALUE(time_intelligence[filt_item])
			
			-- get the dates
			var curr_date = CALCULATE(MAX(cal_end_dates[Date])) // get the mgmt current end date
			var end_date = curr_date
			var end_date_sply = date(Year(end_date) -1,Month(end_date),day(end_date)) // get the yoy end date
			var start_year = Year(curr_date) 
			var start_qtr_month = (Quarter(curr_date) * 3) - 2  
			var start_month = Month(curr_date)
			var start_date_ytd = date(start_year,1,1)  
			var start_date_ytd_sply = date(start_year-1,1,1)
			var start_date_qtd = date(start_year,start_qtr_month ,1)  
			var start_date_qtd_sply = date(start_year -1,start_qtr_month,1)
			var start_date_mtd = date(start_year,start_month,1)  
			var start_date_mtd_sply = date(start_year -1,start_month,1)
			
			-- get data for overridden date periods but still contextual
			var mtd_delta =DIVIDE(
			    (
			      CALCULATE([meas.users_overview_win_rate],cal_end_dates[Date] >=  start_date_mtd &&  cal_end_dates[Date] <= end_date) - CALCULATE([meas.users_overview_win_rate],cal_end_dates[Date] >=  start_date_mtd_sply &&  cal_end_dates[Date] <= end_date_sply)
			    ),          // mtd calculation
			    CALCULATE([meas.users_overview_win_rate],cal_end_dates[Date] >=  start_date_mtd_sply &&  cal_end_dates[Date] <= end_date_sply)
			)
			
			var qtd_delta =DIVIDE(
			    (
			      CALCULATE([meas.users_overview_win_rate],cal_end_dates[Date] >=  start_date_qtd &&  cal_end_dates[Date] <= end_date) - CALCULATE([meas.users_overview_win_rate],cal_end_dates[Date] >=  start_date_qtd_sply &&  cal_end_dates[Date] <= end_date_sply)
			    ),          // qtd calculation
			    CALCULATE([meas.users_overview_win_rate],cal_end_dates[Date] >=  start_date_qtd_sply &&  cal_end_dates[Date] <= end_date_sply)
			)
			
			var ytd_delta =DIVIDE(
			    (
			      CALCULATE([meas.users_overview_win_rate],cal_end_dates[Date] >=  start_date_ytd &&  cal_end_dates[Date] <= end_date) - CALCULATE([meas.users_overview_win_rate],cal_end_dates[Date] >=  start_date_ytd_sply &&  cal_end_dates[Date] <= end_date_sply)
			    ),      // ytd calculation
			    CALCULATE([meas.users_overview_win_rate],cal_end_dates[Date] >=  start_date_ytd_sply &&  cal_end_dates[Date] <= end_date_sply)
			)
			
			var res = IF(
			    _selected_item=""MTD"", 
			    mtd_delta,
			    IF(
			        _selected_item=""QTD"",
			        qtd_delta,
			        IF(
			            _selected_item=""YTD"",
			            ytd_delta
			        )
			    )
			)
			
			
			RETURN
			res"
"meas.users_spent_avg_dur_hr_mtd","KEEP","Average of users spent avg dur hr mtd. Respects the current filter context.","Returns the average users spent average duration hr month-to-date.","-- get the dates
			var curr_date = CALCULATE(MAX(cal_end_dates[Date])) // get the mgmt current end date
			var end_date = curr_date
			var end_date_sply = date(Year(end_date) -1,Month(end_date),day(end_date)) // get the yoy end date
			var start_year = Year(curr_date) 
			var start_qtr_month = (Quarter(curr_date) * 3) - 2  
			var start_month = Month(curr_date)
			var start_date_ytd = date(start_year,1,1)  
			var start_date_ytd_sply = date(start_year-1,1,1)  
			var start_date_qtd = date(start_year,start_qtr_month ,1)  
			var start_date_qtd_sply = date(start_year -1,start_qtr_month,1)  
			var start_date_mtd = date(start_year,start_month,1)  
			var start_date_mtd_sply = date(start_year -1,start_month,1)  
			
			
			-- get data for overridden date periods but still contextual
			var dates_tbl =  CALCULATETABLE(users_history , cal_end_dates[Date] >=  start_date_mtd &&  cal_end_dates[Date] <= end_date)
			
			
			
			
			var res = CALCULATE(
			    AVERAGEX(
			        dates_tbl,
			        users_history[ci_time_alloc_tot]
			    )
			)
			RETURN
			res"
"meas.users_spent_avg_eng_dur_hr_mtd","KEEP","Average of users spent avg eng dur hr mtd. Respects the current filter context.","Returns the average users spent average eng duration hr month-to-date.","-- get the dates
			var curr_date = CALCULATE(MAX(cal_end_dates[Date])) // get the mgmt current end date
			var end_date = curr_date
			var end_date_sply = date(Year(end_date) -1,Month(end_date),day(end_date)) // get the yoy end date
			var start_year = Year(curr_date) 
			var start_qtr_month = (Quarter(curr_date) * 3) - 2  
			var start_month = Month(curr_date)
			var start_date_ytd = date(start_year,1,1)  
			var start_date_ytd_sply = date(start_year-1,1,1)  
			var start_date_qtd = date(start_year,start_qtr_month ,1)  
			var start_date_qtd_sply = date(start_year -1,start_qtr_month,1)  
			var start_date_mtd = date(start_year,start_month,1)  
			var start_date_mtd_sply = date(start_year -1,start_month,1)  
			
			
			-- get data for overridden date periods but still contextual
			var dates_tbl =  CALCULATETABLE(users_history , cal_end_dates[Date] >=  start_date_mtd &&  cal_end_dates[Date] <= end_date)
			
			
			
			
			var res = CALCULATE(
			    AVERAGEX(
			        dates_tbl,
			        users_history[ci_time_alloc_tot_eng]
			    )
			)
			RETURN
			res"
"meas.users_spent_weekly_avg_non_eng_dur_hr_mtd","KEEP","Average of users spent weekly avg non eng dur hr mtd. Respects the current filter context.","Calculates users spent weekly average non eng duration hr month-to-date in the current reporting context.",""
"meas.users_weekly_avg_dur_hr_mtd","KEEP","Average of users weekly avg dur hr mtd. Respects the current filter context.","Returns the average users weekly average duration hr month-to-date.","-- get the dates
			var curr_date = CALCULATE(MAX(cal_end_dates[Date])) // get the mgmt current end date
			var end_date = curr_date
			var end_date_sply = date(Year(end_date) -1,Month(end_date),day(end_date)) // get the yoy end date
			var start_year = Year(curr_date) 
			var start_qtr_month = (Quarter(curr_date) * 3) - 2  
			var start_month = Month(curr_date)
			var start_date_ytd = date(start_year,1,1)  
			var start_date_ytd_sply = date(start_year-1,1,1)  
			var start_date_qtd = date(start_year,start_qtr_month ,1)  
			var start_date_qtd_sply = date(start_year -1,start_qtr_month,1)  
			var start_date_mtd = date(start_year,start_month,1) 
			var start_date_mtd_sply = date(start_year -1,start_month,1)  
			
			
			var res = CALCULATE(
			    AVERAGEX(
			        users_history,
			        users_history[ci_time_alloc_tot]
			    ),
			    users_history[_sys_filt_start_date] >=start_date_mtd && users_history[_sys_filt_start_date] <=end_date
			)
			RETURN
			res"
"meas.users_weekly_avg_dur_hr_qtd","KEEP","Average of users weekly avg dur hr qtd. Respects the current filter context.","Returns the average users weekly average duration hr quarter-to-date.","-- get the dates
			var curr_date = CALCULATE(MAX(cal_end_dates[Date])) // get the mgmt current end date
			var end_date = curr_date
			var end_date_sply = date(Year(end_date) -1,Month(end_date),day(end_date)) // get the yoy end date
			var start_year = Year(curr_date) 
			var start_qtr_month = (Quarter(curr_date) * 3) - 2  
			var start_month = Month(curr_date)
			var start_date_ytd = date(start_year,1,1)  
			var start_date_ytd_sply = date(start_year-1,1,1)  
			var start_date_qtd = date(start_year,start_qtr_month ,1)  
			var start_date_qtd_sply = date(start_year -1,start_qtr_month,1)  
			var start_date_mtd = date(start_year,start_month,1) 
			var start_date_mtd_sply = date(start_year -1,start_month,1)  
			
			
			var res = CALCULATE(
			    AVERAGEX(
			        users_history,
			        users_history[ci_time_alloc_tot]
			    ),
			    users_history[_sys_filt_start_date] >=start_date_qtd && users_history[_sys_filt_start_date] <=end_date
			)
			RETURN
			res"
"meas.users_weekly_avg_dur_hr_ytd","KEEP","Average of users weekly avg dur hr ytd. Respects the current filter context.","Returns the average users weekly average duration hr year-to-date.","-- get the dates
			var curr_date = CALCULATE(MAX(cal_end_dates[Date])) // get the mgmt current end date
			var end_date = curr_date
			var end_date_sply = date(Year(end_date) -1,Month(end_date),day(end_date)) // get the yoy end date
			var start_year = Year(curr_date) 
			var start_qtr_month = (Quarter(curr_date) * 3) - 2  
			var start_month = Month(curr_date)
			var start_date_ytd = date(start_year,1,1)  
			var start_date_ytd_sply = date(start_year-1,1,1)  
			var start_date_qtd = date(start_year,start_qtr_month ,1)  
			var start_date_qtd_sply = date(start_year -1,start_qtr_month,1)  
			var start_date_mtd = date(start_year,start_month,1) 
			var start_date_mtd_sply = date(start_year -1,start_month,1)  
			
			
			var res = CALCULATE(
			    AVERAGEX(
			        users_history,
			        users_history[ci_time_alloc_tot]
			    ),
			    users_history[_sys_filt_start_date] >=start_date_ytd && users_history[_sys_filt_start_date] <=end_date
			)
			RETURN
			res"
"meas.users_weekly_avg_eng_dur_hr_mtd","KEEP","Average of users weekly avg eng dur hr mtd. Respects the current filter context.","Returns the average users weekly average eng duration hr month-to-date.","-- get the dates
			var curr_date = CALCULATE(MAX(cal_end_dates[Date])) // get the mgmt current end date
			var end_date = curr_date
			var end_date_sply = date(Year(end_date) -1,Month(end_date),day(end_date)) // get the yoy end date
			var start_year = Year(curr_date) 
			var start_qtr_month = (Quarter(curr_date) * 3) - 2  
			var start_month = Month(curr_date)
			var start_date_ytd = date(start_year,1,1)  
			var start_date_ytd_sply = date(start_year-1,1,1)  
			var start_date_qtd = date(start_year,start_qtr_month ,1)  
			var start_date_qtd_sply = date(start_year -1,start_qtr_month,1)  
			var start_date_mtd = date(start_year,start_month,1) 
			var start_date_mtd_sply = date(start_year -1,start_month,1)  
			
			
			var res = CALCULATE(
			    AVERAGEX(
			        users_history,
			        users_history[ci_time_alloc_tot_eng]
			    ),
			    users_history[_sys_filt_start_date] >=start_date_mtd && users_history[_sys_filt_start_date] <=end_date
			)
			RETURN
			res"
"meas.users_weekly_avg_eng_dur_hr_qtd","KEEP","Average of users weekly avg eng dur hr qtd. Respects the current filter context.","Returns the average users weekly average eng duration hr quarter-to-date.","-- get the dates
			var curr_date = CALCULATE(MAX(cal_end_dates[Date])) // get the mgmt current end date
			var end_date = curr_date
			var end_date_sply = date(Year(end_date) -1,Month(end_date),day(end_date)) // get the yoy end date
			var start_year = Year(curr_date) 
			var start_qtr_month = (Quarter(curr_date) * 3) - 2  
			var start_month = Month(curr_date)
			var start_date_ytd = date(start_year,1,1)  
			var start_date_ytd_sply = date(start_year-1,1,1)  
			var start_date_qtd = date(start_year,start_qtr_month ,1)  
			var start_date_qtd_sply = date(start_year -1,start_qtr_month,1)  
			var start_date_mtd = date(start_year,start_month,1) 
			var start_date_mtd_sply = date(start_year -1,start_month,1)  
			
			
			var res = CALCULATE(
			    AVERAGEX(
			        users_history,
			        users_history[ci_time_alloc_tot_eng]
			    ),
			    users_history[_sys_filt_start_date] >=start_date_qtd && users_history[_sys_filt_start_date] <=end_date
			)
			RETURN
			res"
"meas.users_weekly_avg_eng_dur_hr_ytd","KEEP","Average of users weekly avg eng dur hr ytd. Respects the current filter context.","Returns the average users weekly average eng duration hr year-to-date.","-- get the dates
			var curr_date = CALCULATE(MAX(cal_end_dates[Date])) // get the mgmt current end date
			var end_date = curr_date
			var end_date_sply = date(Year(end_date) -1,Month(end_date),day(end_date)) // get the yoy end date
			var start_year = Year(curr_date) 
			var start_qtr_month = (Quarter(curr_date) * 3) - 2  
			var start_month = Month(curr_date)
			var start_date_ytd = date(start_year,1,1)  
			var start_date_ytd_sply = date(start_year-1,1,1)  
			var start_date_qtd = date(start_year,start_qtr_month ,1)  
			var start_date_qtd_sply = date(start_year -1,start_qtr_month,1)  
			var start_date_mtd = date(start_year,start_month,1) 
			var start_date_mtd_sply = date(start_year -1,start_month,1)  
			
			
			var res = CALCULATE(
			    AVERAGEX(
			        users_history,
			        users_history[ci_time_alloc_tot_eng]
			    ),
			    users_history[_sys_filt_start_date] >=start_date_ytd && users_history[_sys_filt_start_date] <=end_date
			)
			RETURN
			res"
"meas.users_weekly_avg_eng_rate_mtd","KEEP","Rate of users weekly avg eng rate mtd. Respects the current filter context.","Calculates users weekly average eng rate month-to-date in the current reporting context.",""
"meas.users_weekly_avg_eng_rate_qtd","KEEP","Rate of users weekly avg eng rate qtd. Respects the current filter context.","Calculates users weekly average eng rate quarter-to-date in the current reporting context.",""
"meas.users_weekly_avg_eng_rate_ytd","KEEP","Rate of users weekly avg eng rate ytd. Respects the current filter context.","Calculates users weekly average eng rate year-to-date in the current reporting context.",""
"meas.users_weekly_avg_non_eng_dur_hr_mtd","KEEP","Average of users weekly avg non eng dur hr mtd. Respects the current filter context.","Calculates users weekly average non eng duration hr month-to-date in the current reporting context.",""
"meas.users_weekly_avg_non_eng_dur_hr_qtd","KEEP","Average of users weekly avg non eng dur hr qtd. Respects the current filter context.","Calculates users weekly average non eng duration hr quarter-to-date in the current reporting context.",""
"meas.users_weekly_avg_non_eng_dur_hr_ytd","KEEP","Average of users weekly avg non eng dur hr ytd. Respects the current filter context.","Calculates users weekly average non eng duration hr year-to-date in the current reporting context.",""
"meas.users_weekly_existing_customer_selling_avg_dur_hr_mtd","KEEP","Average of users weekly existing customer selling avg dur hr mtd. Respects the current filter context.","Returns the average users weekly existing customer selling average duration hr month-to-date.","-- get the dates
			var curr_date = CALCULATE(MAX(cal_end_dates[Date])) // get the mgmt current end date
			var end_date = curr_date
			var end_date_sply = date(Year(end_date) -1,Month(end_date),day(end_date)) // get the yoy end date
			var start_year = Year(curr_date) 
			var start_qtr_month = (Quarter(curr_date) * 3) - 2  
			var start_month = Month(curr_date)
			var start_date_ytd = date(start_year,1,1)  
			var start_date_ytd_sply = date(start_year-1,1,1)  
			var start_date_qtd = date(start_year,start_qtr_month ,1)  
			var start_date_qtd_sply = date(start_year -1,start_qtr_month,1)  
			var start_date_mtd = date(start_year,start_month,1) 
			var start_date_mtd_sply = date(start_year -1,start_month,1)  
			
			
			var res = CALCULATE(
			    AVERAGEX(
			        users_history,
			        users_history[ci_time_alloc_existing_customer_selling]
			    ),
			    users_history[_sys_filt_start_date] >=start_date_mtd && users_history[_sys_filt_start_date] <=end_date
			)
			RETURN
			res"
"meas.users_weekly_existing_customer_selling_avg_dur_hr_mtd_sply","KEEP","Average of users weekly existing customer selling avg dur hr mtd sply. Respects the current filter context.","Returns the average users weekly existing customer selling average duration hr month-to-date same period last year.","-- get the dates
			var curr_date = CALCULATE(MAX(cal_end_dates[Date])) // get the mgmt current end date
			var end_date = curr_date
			var end_date_sply = date(Year(end_date) -1,Month(end_date),day(end_date)) // get the yoy end date
			var start_year = Year(curr_date) 
			var start_qtr_month = (Quarter(curr_date) * 3) - 2  
			var start_month = Month(curr_date)
			var start_date_ytd = date(start_year,1,1)  
			var start_date_ytd_sply = date(start_year-1,1,1)  
			var start_date_qtd = date(start_year,start_qtr_month ,1)  
			var start_date_qtd_sply = date(start_year -1,start_qtr_month,1)  
			var start_date_mtd = date(start_year,start_month,1) 
			var start_date_mtd_sply = date(start_year -1,start_month,1)  
			
			
			var res = CALCULATE(
			    AVERAGEX(
			        users_history,
			        users_history[ci_time_alloc_existing_customer_selling]
			    ),
			    users_history[_sys_filt_start_date] >=start_date_mtd_sply && users_history[_sys_filt_start_date] <=end_date
			)
			RETURN
			res"
"meas.users_weekly_existing_customer_selling_avg_dur_hr_qtd","KEEP","Average of users weekly existing customer selling avg dur hr qtd. Respects the current filter context.","Returns the average users weekly existing customer selling average duration hr quarter-to-date.","-- get the dates
			var curr_date = CALCULATE(MAX(cal_end_dates[Date])) // get the mgmt current end date
			var end_date = curr_date
			var end_date_sply = date(Year(end_date) -1,Month(end_date),day(end_date)) // get the yoy end date
			var start_year = Year(curr_date) 
			var start_qtr_month = (Quarter(curr_date) * 3) - 2  
			var start_month = Month(curr_date)
			var start_date_ytd = date(start_year,1,1)  
			var start_date_ytd_sply = date(start_year-1,1,1)  
			var start_date_qtd = date(start_year,start_qtr_month ,1)  
			var start_date_qtd_sply = date(start_year -1,start_qtr_month,1)  
			var start_date_mtd = date(start_year,start_month,1) 
			var start_date_mtd_sply = date(start_year -1,start_month,1)  
			
			
			var res = CALCULATE(
			    AVERAGEX(
			        users_history,
			        users_history[ci_time_alloc_existing_customer_selling]
			    ),
			    users_history[_sys_filt_start_date] >=start_date_qtd && users_history[_sys_filt_start_date] <=end_date
			)
			RETURN
			res"
"meas.users_weekly_existing_customer_selling_avg_dur_hr_qtd_sply","KEEP","Average of users weekly existing customer selling avg dur hr qtd sply. Respects the current filter context.","Returns the average users weekly existing customer selling average duration hr quarter-to-date same period last year.","-- get the dates
			var curr_date = CALCULATE(MAX(cal_end_dates[Date])) // get the mgmt current end date
			var end_date = curr_date
			var end_date_sply = date(Year(end_date) -1,Month(end_date),day(end_date)) // get the yoy end date
			var start_year = Year(curr_date) 
			var start_qtr_month = (Quarter(curr_date) * 3) - 2  
			var start_month = Month(curr_date)
			var start_date_ytd = date(start_year,1,1)  
			var start_date_ytd_sply = date(start_year-1,1,1)  
			var start_date_qtd = date(start_year,start_qtr_month ,1)  
			var start_date_qtd_sply = date(start_year -1,start_qtr_month,1)  
			var start_date_mtd = date(start_year,start_month,1) 
			var start_date_mtd_sply = date(start_year -1,start_month,1)  
			
			
			var res = CALCULATE(
			    AVERAGEX(
			        users_history,
			        users_history[ci_time_alloc_existing_customer_selling]
			    ),
			    users_history[_sys_filt_start_date] >=start_date_qtd_sply && users_history[_sys_filt_start_date] <=end_date
			)
			RETURN
			res"
"meas.users_weekly_existing_customer_selling_avg_dur_hr_ytd","KEEP","Average of users weekly existing customer selling avg dur hr ytd. Respects the current filter context.","Returns the average users weekly existing customer selling average duration hr year-to-date.","-- get the dates
			var curr_date = CALCULATE(MAX(cal_end_dates[Date])) // get the mgmt current end date
			var end_date = curr_date
			var end_date_sply = date(Year(end_date) -1,Month(end_date),day(end_date)) // get the yoy end date
			var start_year = Year(curr_date) 
			var start_qtr_month = (Quarter(curr_date) * 3) - 2  
			var start_month = Month(curr_date)
			var start_date_ytd = date(start_year,1,1)  
			var start_date_ytd_sply = date(start_year-1,1,1)  
			var start_date_qtd = date(start_year,start_qtr_month ,1)  
			var start_date_qtd_sply = date(start_year -1,start_qtr_month,1)  
			var start_date_mtd = date(start_year,start_month,1) 
			var start_date_mtd_sply = date(start_year -1,start_month,1)  
			
			
			var res = CALCULATE(
			    AVERAGEX(
			        users_history,
			        users_history[ci_time_alloc_existing_customer_selling]
			    ),
			    users_history[_sys_filt_start_date] >=start_date_ytd && users_history[_sys_filt_start_date] <=end_date
			)
			RETURN
			res"
"meas.users_weekly_existing_customer_selling_avg_dur_hr_ytd_sply","KEEP","Average of users weekly existing customer selling avg dur hr ytd sply. Respects the current filter context.","Returns the average users weekly existing customer selling average duration hr year-to-date same period last year.","-- get the dates
			var curr_date = CALCULATE(MAX(cal_end_dates[Date])) // get the mgmt current end date
			var end_date = curr_date
			var end_date_sply = date(Year(end_date) -1,Month(end_date),day(end_date)) // get the yoy end date
			var start_year = Year(curr_date) 
			var start_qtr_month = (Quarter(curr_date) * 3) - 2  
			var start_month = Month(curr_date)
			var start_date_ytd = date(start_year,1,1)  
			var start_date_ytd_sply = date(start_year-1,1,1)  
			var start_date_qtd = date(start_year,start_qtr_month ,1)  
			var start_date_qtd_sply = date(start_year -1,start_qtr_month,1)  
			var start_date_mtd = date(start_year,start_month,1) 
			var start_date_mtd_sply = date(start_year -1,start_month,1)  
			
			
			var res = CALCULATE(
			    AVERAGEX(
			        users_history,
			        users_history[ci_time_alloc_existing_customer_selling]
			    ),
			    users_history[_sys_filt_start_date] >=start_date_ytd_sply && users_history[_sys_filt_start_date] <=end_date
			)
			RETURN
			res"
"meas.users_weekly_internal_avg_dur_hr_mtd","KEEP","Average of users weekly internal avg dur hr mtd. Respects the current filter context.","Returns the average internal time-allocation value for month-to-date.","-- get the dates
			var curr_date = CALCULATE(MAX(cal_end_dates[Date])) // get the mgmt current end date
			var end_date = curr_date
			var end_date_sply = date(Year(end_date) -1,Month(end_date),day(end_date)) // get the yoy end date
			var start_year = Year(curr_date) 
			var start_qtr_month = (Quarter(curr_date) * 3) - 2  
			var start_month = Month(curr_date)
			var start_date_ytd = date(start_year,1,1)  
			var start_date_ytd_sply = date(start_year-1,1,1)  
			var start_date_qtd = date(start_year,start_qtr_month ,1)  
			var start_date_qtd_sply = date(start_year -1,start_qtr_month,1)  
			var start_date_mtd = date(start_year,start_month,1) 
			var start_date_mtd_sply = date(start_year -1,start_month,1)  
			
			
			var res = CALCULATE(
			    AVERAGEX(
			        users_history,
			        users_history[ci_time_alloc_internal]
			    ),
			    users_history[_sys_filt_start_date] >=start_date_mtd && users_history[_sys_filt_start_date] <=end_date
			)
			RETURN
			res"
"meas.users_weekly_internal_avg_dur_hr_mtd_sply","KEEP","Average of users weekly internal avg dur hr mtd sply. Respects the current filter context.","Returns the average internal time-allocation value for month-to-date in the same period last year.","-- get the dates
			var curr_date = CALCULATE(MAX(cal_end_dates[Date])) // get the mgmt current end date
			var end_date = curr_date
			var end_date_sply = date(Year(end_date) -1,Month(end_date),day(end_date)) // get the yoy end date
			var start_year = Year(curr_date) 
			var start_qtr_month = (Quarter(curr_date) * 3) - 2  
			var start_month = Month(curr_date)
			var start_date_ytd = date(start_year,1,1)  
			var start_date_ytd_sply = date(start_year-1,1,1)  
			var start_date_qtd = date(start_year,start_qtr_month ,1)  
			var start_date_qtd_sply = date(start_year -1,start_qtr_month,1)
			var end_date_mtd_qtd_sply = date(start_year -1, start_month, DAY(curr_date))
			var start_date_mtd = date(start_year,start_month,1) 
			var start_date_mtd_sply = date(start_year -1,start_month,1)
			var end_date_mtd_mtd_sply = date(start_year -1, start_month, DAY(curr_date))
			
			
			var res = CALCULATE(
			    AVERAGEX(
			        users_history,
			        users_history[ci_time_alloc_internal]
			    ),
			    users_history[_sys_filt_start_date] >=start_date_mtd_sply && users_history[_sys_filt_start_date] <=end_date
			)
			RETURN
			res"
"meas.users_weekly_internal_avg_dur_hr_qtd","KEEP","Average of users weekly internal avg dur hr qtd. Respects the current filter context.","Returns the average internal time-allocation value for quarter-to-date.","-- get the dates
			var curr_date = CALCULATE(MAX(cal_end_dates[Date])) // get the mgmt current end date
			var end_date = curr_date
			var end_date_sply = date(Year(end_date) -1,Month(end_date),day(end_date)) // get the yoy end date
			var start_year = Year(curr_date) 
			var start_qtr_month = (Quarter(curr_date) * 3) - 2  
			var start_month = Month(curr_date)
			var start_date_ytd = date(start_year,1,1)  
			var start_date_ytd_sply = date(start_year-1,1,1)  
			var start_date_qtd = date(start_year,start_qtr_month ,1)  
			var start_date_qtd_sply = date(start_year -1,start_qtr_month,1)  
			var start_date_mtd = date(start_year,start_month,1) 
			var start_date_mtd_sply = date(start_year -1,start_month,1)  
			
			
			var res = CALCULATE(
			    AVERAGEX(
			        users_history,
			        users_history[ci_time_alloc_internal]
			    ),
			    users_history[_sys_filt_start_date] >=start_date_qtd && users_history[_sys_filt_start_date] <=end_date
			)
			RETURN
			res"
"meas.users_weekly_internal_avg_dur_hr_qtd_sply","KEEP","Average of users weekly internal avg dur hr qtd sply. Respects the current filter context.","Returns the average internal time-allocation value for quarter-to-date in the same period last year.","-- get the dates
			var curr_date = CALCULATE(MAX(cal_end_dates[Date])) // get the mgmt current end date
			var end_date = curr_date
			var end_date_sply = date(Year(end_date) -1,Month(end_date),day(end_date)) // get the yoy end date
			var start_year = Year(curr_date) 
			var start_qtr_month = (Quarter(curr_date) * 3) - 2  
			var start_month = Month(curr_date)
			var start_date_ytd = date(start_year,1,1)  
			var start_date_ytd_sply = date(start_year-1,1,1)  
			var start_date_qtd = date(start_year,start_qtr_month ,1)  
			var start_date_qtd_sply = date(start_year -1,start_qtr_month,1)  
			var start_date_mtd = date(start_year,start_month,1) 
			var start_date_mtd_sply = date(start_year -1,start_month,1)  
			
			
			var res = CALCULATE(
			    AVERAGEX(
			        users_history,
			        users_history[ci_time_alloc_internal]
			    ),
			    users_history[_sys_filt_start_date] >=start_date_qtd_sply && users_history[_sys_filt_start_date] <=end_date
			)
			RETURN
			res"
"meas.users_weekly_internal_avg_dur_hr_ytd","KEEP","Average of users weekly internal avg dur hr ytd. Respects the current filter context.","Returns the average internal time-allocation value for year-to-date.","-- get the dates
			var curr_date = CALCULATE(MAX(cal_end_dates[Date])) // get the mgmt current end date
			var end_date = curr_date
			var end_date_sply = date(Year(end_date) -1,Month(end_date),day(end_date)) // get the yoy end date
			var start_year = Year(curr_date) 
			var start_qtr_month = (Quarter(curr_date) * 3) - 2  
			var start_month = Month(curr_date)
			var start_date_ytd = date(start_year,1,1)  
			var start_date_ytd_sply = date(start_year-1,1,1)  
			var start_date_qtd = date(start_year,start_qtr_month ,1)  
			var start_date_qtd_sply = date(start_year -1,start_qtr_month,1)  
			var start_date_mtd = date(start_year,start_month,1) 
			var start_date_mtd_sply = date(start_year -1,start_month,1)  
			
			
			var res = CALCULATE(
			    AVERAGEX(
			        users_history,
			        users_history[ci_time_alloc_internal]
			    ),
			    users_history[_sys_filt_start_date] >=start_date_ytd && users_history[_sys_filt_start_date] <=end_date
			)
			RETURN
			res"
"meas.users_weekly_internal_avg_dur_hr_ytd_sply","KEEP","Average of users weekly internal avg dur hr ytd sply. Respects the current filter context.","Returns the average internal time-allocation value for year-to-date in the same period last year.","-- get the dates
			var curr_date = CALCULATE(MAX(cal_end_dates[Date])) // get the mgmt current end date
			var end_date = curr_date
			var end_date_sply = date(Year(end_date) -1,Month(end_date),day(end_date)) // get the yoy end date
			var start_year = Year(curr_date) 
			var start_qtr_month = (Quarter(curr_date) * 3) - 2  
			var start_month = Month(curr_date)
			var start_date_ytd = date(start_year,1,1)  
			var start_date_ytd_sply = date(start_year-1,1,1)  
			var start_date_qtd = date(start_year,start_qtr_month ,1)  
			var start_date_qtd_sply = date(start_year -1,start_qtr_month,1)  
			var start_date_mtd = date(start_year,start_month,1) 
			var start_date_mtd_sply = date(start_year -1,start_month,1)  
			
			
			var res = CALCULATE(
			    AVERAGEX(
			        users_history,
			        users_history[ci_time_alloc_internal]
			    ),
			    users_history[_sys_filt_start_date] >=start_date_ytd_sply && users_history[_sys_filt_start_date] <=end_date
			)
			RETURN
			res"
"meas.users_weekly_new_logo_avg_dur_hr_mtd","KEEP","Average of users weekly new logo avg dur hr mtd. Respects the current filter context.","Returns the average users weekly new logo average duration hr month-to-date.","-- get the dates
			var curr_date = CALCULATE(MAX(cal_end_dates[Date])) // get the mgmt current end date
			var end_date = curr_date
			var end_date_sply = date(Year(end_date) -1,Month(end_date),day(end_date)) // get the yoy end date
			var start_year = Year(curr_date) 
			var start_qtr_month = (Quarter(curr_date) * 3) - 2  
			var start_month = Month(curr_date)
			var start_date_ytd = date(start_year,1,1)  
			var start_date_ytd_sply = date(start_year-1,1,1)  
			var start_date_qtd = date(start_year,start_qtr_month ,1)  
			var start_date_qtd_sply = date(start_year -1,start_qtr_month,1)  
			var start_date_mtd = date(start_year,start_month,1) 
			var start_date_mtd_sply = date(start_year -1,start_month,1)  
			
			
			var res = CALCULATE(
			    AVERAGEX(
			        users_history,
			        users_history[ci_time_alloc_new_logo]
			    ),
			    users_history[_sys_filt_start_date] >=start_date_mtd && users_history[_sys_filt_start_date] <=end_date
			)
			RETURN
			res"
"meas.users_weekly_new_logo_avg_dur_hr_mtd_sply","KEEP","Average of users weekly new logo avg dur hr mtd sply. Respects the current filter context.","Returns the average users weekly new logo average duration hr month-to-date same period last year.","-- get the dates
			var curr_date = CALCULATE(MAX(cal_end_dates[Date])) // get the mgmt current end date
			var end_date = curr_date
			var end_date_sply = date(Year(end_date) -1,Month(end_date),day(end_date)) // get the yoy end date
			var start_year = Year(curr_date) 
			var start_qtr_month = (Quarter(curr_date) * 3) - 2  
			var start_month = Month(curr_date)
			var start_date_ytd = date(start_year,1,1)  
			var start_date_ytd_sply = date(start_year-1,1,1)  
			var start_date_qtd = date(start_year,start_qtr_month ,1)  
			var start_date_qtd_sply = date(start_year -1,start_qtr_month,1)  
			var start_date_mtd = date(start_year,start_month,1) 
			var start_date_mtd_sply = date(start_year -1,start_month,1)  
			
			
			var res = CALCULATE(
			    AVERAGEX(
			        users_history,
			        users_history[ci_time_alloc_new_logo]
			    ),
			    users_history[_sys_filt_start_date] >=start_date_mtd_sply && users_history[_sys_filt_start_date] <=end_date
			)
			RETURN
			res"
"meas.users_weekly_new_logo_avg_dur_hr_qtd","KEEP","Average of users weekly new logo avg dur hr qtd. Respects the current filter context.","Returns the average users weekly new logo average duration hr quarter-to-date.","-- get the dates
			var curr_date = CALCULATE(MAX(cal_end_dates[Date])) // get the mgmt current end date
			var end_date = curr_date
			var end_date_sply = date(Year(end_date) -1,Month(end_date),day(end_date)) // get the yoy end date
			var start_year = Year(curr_date) 
			var start_qtr_month = (Quarter(curr_date) * 3) - 2  
			var start_month = Month(curr_date)
			var start_date_ytd = date(start_year,1,1)  
			var start_date_ytd_sply = date(start_year-1,1,1)  
			var start_date_qtd = date(start_year,start_qtr_month ,1)  
			var start_date_qtd_sply = date(start_year -1,start_qtr_month,1)  
			var start_date_mtd = date(start_year,start_month,1) 
			var start_date_mtd_sply = date(start_year -1,start_month,1)  
			
			
			var res = CALCULATE(
			    AVERAGEX(
			        users_history,
			        users_history[ci_time_alloc_new_logo]
			    ),
			    users_history[_sys_filt_start_date] >=start_date_qtd && users_history[_sys_filt_start_date] <=end_date
			)
			RETURN
			res"
"meas.users_weekly_new_logo_avg_dur_hr_qtd_sply","KEEP","Average of users weekly new logo avg dur hr qtd sply. Respects the current filter context.","Returns the average users weekly new logo average duration hr quarter-to-date same period last year.","-- get the dates
			var curr_date = CALCULATE(MAX(cal_end_dates[Date])) // get the mgmt current end date
			var end_date = curr_date
			var end_date_sply = date(Year(end_date) -1,Month(end_date),day(end_date)) // get the yoy end date
			var start_year = Year(curr_date) 
			var start_qtr_month = (Quarter(curr_date) * 3) - 2  
			var start_month = Month(curr_date)
			var start_date_ytd = date(start_year,1,1)  
			var start_date_ytd_sply = date(start_year-1,1,1)  
			var start_date_qtd = date(start_year,start_qtr_month ,1)  
			var start_date_qtd_sply = date(start_year -1,start_qtr_month,1)  
			var start_date_mtd = date(start_year,start_month,1) 
			var start_date_mtd_sply = date(start_year -1,start_month,1)  
			
			
			var res = CALCULATE(
			    AVERAGEX(
			        users_history,
			        users_history[ci_time_alloc_new_logo]
			    ),
			    users_history[_sys_filt_start_date] >=start_date_qtd_sply && users_history[_sys_filt_start_date] <=end_date
			)
			RETURN
			res"
"meas.users_weekly_new_logo_avg_dur_hr_ytd","KEEP","Average of users weekly new logo avg dur hr ytd. Respects the current filter context.","Returns the average users weekly new logo average duration hr year-to-date.","-- get the dates
			var curr_date = CALCULATE(MAX(cal_end_dates[Date])) // get the mgmt current end date
			var end_date = curr_date
			var end_date_sply = date(Year(end_date) -1,Month(end_date),day(end_date)) // get the yoy end date
			var start_year = Year(curr_date) 
			var start_qtr_month = (Quarter(curr_date) * 3) - 2  
			var start_month = Month(curr_date)
			var start_date_ytd = date(start_year,1,1)  
			var start_date_ytd_sply = date(start_year-1,1,1)  
			var start_date_qtd = date(start_year,start_qtr_month ,1)  
			var start_date_qtd_sply = date(start_year -1,start_qtr_month,1)  
			var start_date_mtd = date(start_year,start_month,1) 
			var start_date_mtd_sply = date(start_year -1,start_month,1)  
			
			
			var res = CALCULATE(
			    AVERAGEX(
			        users_history,
			        users_history[ci_time_alloc_new_logo]
			    ),
			    users_history[_sys_filt_start_date] >=start_date_ytd && users_history[_sys_filt_start_date] <=end_date
			)
			RETURN
			res"
"meas.users_weekly_new_logo_avg_dur_hr_ytd_sply","KEEP","Average of users weekly new logo avg dur hr ytd sply. Respects the current filter context.","Returns the average users weekly new logo average duration hr year-to-date same period last year.","-- get the dates
			var curr_date = CALCULATE(MAX(cal_end_dates[Date])) // get the mgmt current end date
			var end_date = curr_date
			var end_date_sply = date(Year(end_date) -1,Month(end_date),day(end_date)) // get the yoy end date
			var start_year = Year(curr_date) 
			var start_qtr_month = (Quarter(curr_date) * 3) - 2  
			var start_month = Month(curr_date)
			var start_date_ytd = date(start_year,1,1)  
			var start_date_ytd_sply = date(start_year-1,1,1)  
			var start_date_qtd = date(start_year,start_qtr_month ,1)  
			var start_date_qtd_sply = date(start_year -1,start_qtr_month,1)  
			var start_date_mtd = date(start_year,start_month,1) 
			var start_date_mtd_sply = date(start_year -1,start_month,1)  
			
			
			var res = CALCULATE(
			    AVERAGEX(
			        users_history,
			        users_history[ci_time_alloc_new_logo]
			    ),
			    users_history[_sys_filt_start_date] >=start_date_ytd_sply && users_history[_sys_filt_start_date] <=end_date
			)
			RETURN
			res"
"meas.users_weekly_peers_avg_eng_rate_mtd","KEEP","Rate of users weekly peers avg eng rate mtd. Respects the current filter context.","Returns the average users weekly peers average eng rate month-to-date.","-- get the dates
			var curr_date = CALCULATE(MAX(cal_end_dates[Date])) // get the mgmt current end date
			var end_date = curr_date
			var end_date_sply = date(Year(end_date) -1,Month(end_date),day(end_date)) // get the yoy end date
			var start_year = Year(curr_date) 
			var start_qtr_month = (Quarter(curr_date) * 3) - 2  
			var start_month = Month(curr_date)
			var start_date_ytd = date(start_year,1,1)  
			var start_date_ytd_sply = date(start_year-1,1,1)  
			var start_date_qtd = date(start_year,start_qtr_month ,1)  
			var start_date_qtd_sply = date(start_year -1,start_qtr_month,1)  
			var start_date_mtd = date(start_year,start_month,1)  
			var start_date_mtd_sply = date(start_year -1,start_month,1)  
			
			var user_role_aliased = CALCULATE(MAX(users[col.trueai_user_role_coid_aliased]))      // get the user role aliased
			var user_group = CALCULATE(MAX(users[trueai_group])) // get the step_owner_user group
			
			var _tot_dur = CALCULATE(
			    AVERAGEX(
			        users_history,
			        users_history[ci_time_alloc_tot]
			    ),
			    users_history[_sys_filt_start_date] >=start_date_mtd && users_history[_sys_filt_start_date] <=end_date,
			    users_history[col.trueai_user_role_coid_aliased]=user_role_aliased && users_history[trueai_group]=user_group,
			    ALL()
			)
			
			var _eng_dur = CALCULATE(
			    AVERAGEX(
			        users_history,
			        users_history[ci_time_alloc_tot_eng]
			    ),
			    users_history[_sys_filt_start_date] >=start_date_mtd && users_history[_sys_filt_start_date] <=end_date,
			    users_history[col.trueai_user_role_coid_aliased]=user_role_aliased && users_history[trueai_group]=user_group,
			    ALL()
			)
			var res = DIVIDE(_eng_dur, _tot_dur,0)
			
			RETURN
			IF(res=BLANK(), 0, res)"
"meas.users_weekly_peers_avg_eng_rate_qtd","KEEP","Rate of users weekly peers avg eng rate qtd. Respects the current filter context.","Returns the average users weekly peers average eng rate quarter-to-date.","-- get the dates
			var curr_date = CALCULATE(MAX(cal_end_dates[Date])) // get the mgmt current end date
			var end_date = curr_date
			var end_date_sply = date(Year(end_date) -1,Month(end_date),day(end_date)) // get the yoy end date
			var start_year = Year(curr_date) 
			var start_qtr_month = (Quarter(curr_date) * 3) - 2  
			var start_month = Month(curr_date)
			var start_date_ytd = date(start_year,1,1)  
			var start_date_ytd_sply = date(start_year-1,1,1)  
			var start_date_qtd = date(start_year,start_qtr_month ,1)  
			var start_date_qtd_sply = date(start_year -1,start_qtr_month,1)  
			var start_date_mtd = date(start_year,start_month,1)  
			var start_date_mtd_sply = date(start_year -1,start_month,1)  
			
			var user_role_aliased = CALCULATE(MAX(users[col.trueai_user_role_coid_aliased]))      // get the user role aliased
			var user_group = CALCULATE(MAX(users[trueai_group])) // get the step_owner_user group
			
			var _tot_dur = CALCULATE(
			    AVERAGEX(
			        users_history,
			        users_history[ci_time_alloc_tot]
			    ),
			    users_history[_sys_filt_start_date] >=start_date_qtd && users_history[_sys_filt_start_date] <=end_date,
			    users_history[col.trueai_user_role_coid_aliased]=user_role_aliased && users_history[trueai_group]=user_group,
			    ALL()
			)
			
			var _eng_dur = CALCULATE(
			    AVERAGEX(
			        users_history,
			        users_history[ci_time_alloc_tot_eng]
			    ),
			    users_history[_sys_filt_start_date] >=start_date_qtd && users_history[_sys_filt_start_date] <=end_date,
			    users_history[col.trueai_user_role_coid_aliased]=user_role_aliased && users_history[trueai_group]=user_group,
			    ALL()
			)
			var res = DIVIDE(_eng_dur, _tot_dur,0)
			
			RETURN
			IF(res=BLANK(), 0, res)"
"meas.users_weekly_peers_avg_eng_rate_ytd","KEEP","Rate of users weekly peers avg eng rate ytd. Respects the current filter context.","Returns the average users weekly peers average eng rate year-to-date.","-- get the dates
			var curr_date = CALCULATE(MAX(cal_end_dates[Date])) // get the mgmt current end date
			var end_date = curr_date
			var end_date_sply = date(Year(end_date) -1,Month(end_date),day(end_date)) // get the yoy end date
			var start_year = Year(curr_date) 
			var start_qtr_month = (Quarter(curr_date) * 3) - 2  
			var start_month = Month(curr_date)
			var start_date_ytd = date(start_year,1,1)  
			var start_date_ytd_sply = date(start_year-1,1,1)  
			var start_date_qtd = date(start_year,start_qtr_month ,1)  
			var start_date_qtd_sply = date(start_year -1,start_qtr_month,1)  
			var start_date_mtd = date(start_year,start_month,1)  
			var start_date_mtd_sply = date(start_year -1,start_month,1)  
			
			var user_role_aliased = CALCULATE(MAX(users[col.trueai_user_role_coid_aliased]))      // get the user role aliased
			var user_group = CALCULATE(MAX(users[trueai_group])) // get the step_owner_user group
			
			var _tot_dur = CALCULATE(
			    AVERAGEX(
			        users_history,
			        users_history[ci_time_alloc_tot]
			    ),
			    users_history[_sys_filt_start_date] >=start_date_ytd && users_history[_sys_filt_start_date] <=end_date,
			    users_history[col.trueai_user_role_coid_aliased]=user_role_aliased && users_history[trueai_group]=user_group,
			    ALL()
			)
			
			var _eng_dur = CALCULATE(
			    AVERAGEX(
			        users_history,
			        users_history[ci_time_alloc_tot_eng]
			    ),
			    users_history[_sys_filt_start_date] >=start_date_ytd && users_history[_sys_filt_start_date] <=end_date,
			    users_history[col.trueai_user_role_coid_aliased]=user_role_aliased && users_history[trueai_group]=user_group,
			    ALL()
			)
			var res = DIVIDE(_eng_dur, _tot_dur,0)
			
			RETURN
			IF(res=BLANK(), 0, res)"
"meas.users_weekly_post_sales_avg_dur_hr_mtd","KEEP","Average of users weekly post sales avg dur hr mtd. Respects the current filter context.","Returns the average users weekly post sales average duration hr month-to-date.","-- get the dates
			var curr_date = CALCULATE(MAX(cal_end_dates[Date])) // get the mgmt current end date
			var end_date = curr_date
			var end_date_sply = date(Year(end_date) -1,Month(end_date),day(end_date)) // get the yoy end date
			var start_year = Year(curr_date) 
			var start_qtr_month = (Quarter(curr_date) * 3) - 2  
			var start_month = Month(curr_date)
			var start_date_ytd = date(start_year,1,1)  
			var start_date_ytd_sply = date(start_year-1,1,1)  
			var start_date_qtd = date(start_year,start_qtr_month ,1)  
			var start_date_qtd_sply = date(start_year -1,start_qtr_month,1)  
			var start_date_mtd = date(start_year,start_month,1) 
			var start_date_mtd_sply = date(start_year -1,start_month,1)  
			
			
			var res = CALCULATE(
			    AVERAGEX(
			        users_history,
			        users_history[ci_time_alloc_post_sales]
			    ),
			    users_history[_sys_filt_start_date] >=start_date_mtd && users_history[_sys_filt_start_date] <=end_date
			)
			RETURN
			res"
"meas.users_weekly_post_sales_avg_dur_hr_mtd_sply","KEEP","Average of users weekly post sales avg dur hr mtd sply. Respects the current filter context.","Returns the average users weekly post sales average duration hr month-to-date same period last year.","-- get the dates
			var curr_date = CALCULATE(MAX(cal_end_dates[Date])) // get the mgmt current end date
			var end_date = curr_date
			var end_date_sply = date(Year(end_date) -1,Month(end_date),day(end_date)) // get the yoy end date
			var start_year = Year(curr_date) 
			var start_qtr_month = (Quarter(curr_date) * 3) - 2  
			var start_month = Month(curr_date)
			var start_date_ytd = date(start_year,1,1)  
			var start_date_ytd_sply = date(start_year-1,1,1)  
			var start_date_qtd = date(start_year,start_qtr_month ,1)  
			var start_date_qtd_sply = date(start_year -1,start_qtr_month,1)  
			var start_date_mtd = date(start_year,start_month,1) 
			var start_date_mtd_sply = date(start_year -1,start_month,1)  
			
			
			var res = CALCULATE(
			    AVERAGEX(
			        users_history,
			        users_history[ci_time_alloc_post_sales]
			    ),
			    users_history[_sys_filt_start_date] >=start_date_mtd_sply && users_history[_sys_filt_start_date] <=end_date
			)
			RETURN
			res"
"meas.users_weekly_post_sales_avg_dur_hr_qtd","KEEP","Average of users weekly post sales avg dur hr qtd. Respects the current filter context.","Returns the average users weekly post sales average duration hr quarter-to-date.","-- get the dates
			var curr_date = CALCULATE(MAX(cal_end_dates[Date])) // get the mgmt current end date
			var end_date = curr_date
			var end_date_sply = date(Year(end_date) -1,Month(end_date),day(end_date)) // get the yoy end date
			var start_year = Year(curr_date) 
			var start_qtr_month = (Quarter(curr_date) * 3) - 2  
			var start_month = Month(curr_date)
			var start_date_ytd = date(start_year,1,1)  
			var start_date_ytd_sply = date(start_year-1,1,1)  
			var start_date_qtd = date(start_year,start_qtr_month ,1)  
			var start_date_qtd_sply = date(start_year -1,start_qtr_month,1)  
			var start_date_mtd = date(start_year,start_month,1) 
			var start_date_mtd_sply = date(start_year -1,start_month,1)  
			
			
			var res = CALCULATE(
			    AVERAGEX(
			        users_history,
			        users_history[ci_time_alloc_post_sales]
			    ),
			    users_history[_sys_filt_start_date] >=start_date_qtd && users_history[_sys_filt_start_date] <=end_date
			)
			RETURN
			res"
"meas.users_weekly_post_sales_avg_dur_hr_qtd_sply","KEEP","Average of users weekly post sales avg dur hr qtd sply. Respects the current filter context.","Returns the average users weekly post sales average duration hr quarter-to-date same period last year.","-- get the dates
			var curr_date = CALCULATE(MAX(cal_end_dates[Date])) // get the mgmt current end date
			var end_date = curr_date
			var end_date_sply = date(Year(end_date) -1,Month(end_date),day(end_date)) // get the yoy end date
			var start_year = Year(curr_date) 
			var start_qtr_month = (Quarter(curr_date) * 3) - 2  
			var start_month = Month(curr_date)
			var start_date_ytd = date(start_year,1,1)  
			var start_date_ytd_sply = date(start_year-1,1,1)  
			var start_date_qtd = date(start_year,start_qtr_month ,1)  
			var start_date_qtd_sply = date(start_year -1,start_qtr_month,1)  
			var start_date_mtd = date(start_year,start_month,1) 
			var start_date_mtd_sply = date(start_year -1,start_month,1)  
			
			
			var res = CALCULATE(
			    AVERAGEX(
			        users_history,
			        users_history[ci_time_alloc_post_sales]
			    ),
			    users_history[_sys_filt_start_date] >=start_date_qtd_sply && users_history[_sys_filt_start_date] <=end_date
			)
			RETURN
			res"
"meas.users_weekly_post_sales_avg_dur_hr_ytd","KEEP","Average of users weekly post sales avg dur hr ytd. Respects the current filter context.","Returns the average users weekly post sales average duration hr year-to-date.","-- get the dates
			var curr_date = CALCULATE(MAX(cal_end_dates[Date])) // get the mgmt current end date
			var end_date = curr_date
			var end_date_sply = date(Year(end_date) -1,Month(end_date),day(end_date)) // get the yoy end date
			var start_year = Year(curr_date) 
			var start_qtr_month = (Quarter(curr_date) * 3) - 2  
			var start_month = Month(curr_date)
			var start_date_ytd = date(start_year,1,1)  
			var start_date_ytd_sply = date(start_year-1,1,1)  
			var start_date_qtd = date(start_year,start_qtr_month ,1)  
			var start_date_qtd_sply = date(start_year -1,start_qtr_month,1)  
			var start_date_mtd = date(start_year,start_month,1) 
			var start_date_mtd_sply = date(start_year -1,start_month,1)  
			
			
			var res = CALCULATE(
			    AVERAGEX(
			        users_history,
			        users_history[ci_time_alloc_post_sales]
			    ),
			    users_history[_sys_filt_start_date] >=start_date_ytd && users_history[_sys_filt_start_date] <=end_date
			)
			RETURN
			res"
"meas.users_weekly_post_sales_avg_dur_hr_ytd_sply","KEEP","Average of users weekly post sales avg dur hr ytd sply. Respects the current filter context.","Returns the average users weekly post sales average duration hr year-to-date same period last year.","-- get the dates
			var curr_date = CALCULATE(MAX(cal_end_dates[Date])) // get the mgmt current end date
			var end_date = curr_date
			var end_date_sply = date(Year(end_date) -1,Month(end_date),day(end_date)) // get the yoy end date
			var start_year = Year(curr_date) 
			var start_qtr_month = (Quarter(curr_date) * 3) - 2  
			var start_month = Month(curr_date)
			var start_date_ytd = date(start_year,1,1)  
			var start_date_ytd_sply = date(start_year-1,1,1)  
			var start_date_qtd = date(start_year,start_qtr_month ,1)  
			var start_date_qtd_sply = date(start_year -1,start_qtr_month,1)  
			var start_date_mtd = date(start_year,start_month,1) 
			var start_date_mtd_sply = date(start_year -1,start_month,1)  
			
			
			var res = CALCULATE(
			    AVERAGEX(
			        users_history,
			        users_history[ci_time_alloc_post_sales]
			    ),
			    users_history[_sys_filt_start_date] >=start_date_ytd_sply && users_history[_sys_filt_start_date] <=end_date
			)
			RETURN
			res"
"meas.users_weekly_prospecting_avg_dur_hr_mtd","KEEP","Average of users weekly prospecting avg dur hr mtd. Respects the current filter context.","Returns the average users weekly prospecting average duration hr month-to-date.","-- get the dates
			var curr_date = CALCULATE(MAX(cal_end_dates[Date])) // get the mgmt current end date
			var end_date = curr_date
			var end_date_sply = date(Year(end_date) -1,Month(end_date),day(end_date)) // get the yoy end date
			var start_year = Year(curr_date) 
			var start_qtr_month = (Quarter(curr_date) * 3) - 2  
			var start_month = Month(curr_date)
			var start_date_ytd = date(start_year,1,1)  
			var start_date_ytd_sply = date(start_year-1,1,1)  
			var start_date_qtd = date(start_year,start_qtr_month ,1)  
			var start_date_qtd_sply = date(start_year -1,start_qtr_month,1)  
			var start_date_mtd = date(start_year,start_month,1) 
			var start_date_mtd_sply = date(start_year -1,start_month,1)  
			
			
			var res = CALCULATE(
			    AVERAGEX(
			        users_history,
			        users_history[ci_time_alloc_prospecting]
			    ),
			    users_history[_sys_filt_start_date] >=start_date_mtd && users_history[_sys_filt_start_date] <=end_date
			)
			RETURN
			res"
"meas.users_weekly_prospecting_avg_dur_hr_mtd_sply","KEEP","Average of users weekly prospecting avg dur hr mtd sply. Respects the current filter context.","Returns the average users weekly prospecting average duration hr month-to-date same period last year.","-- get the dates
			var curr_date = CALCULATE(MAX(cal_end_dates[Date])) // get the mgmt current end date
			var end_date = curr_date
			var end_date_sply = date(Year(end_date) -1,Month(end_date),day(end_date)) // get the yoy end date
			var start_year = Year(curr_date) 
			var start_qtr_month = (Quarter(curr_date) * 3) - 2  
			var start_month = Month(curr_date)
			var start_date_ytd = date(start_year,1,1)  
			var start_date_ytd_sply = date(start_year-1,1,1)  
			var start_date_qtd = date(start_year,start_qtr_month ,1)  
			var start_date_qtd_sply = date(start_year -1,start_qtr_month,1)  
			var start_date_mtd = date(start_year,start_month,1) 
			var start_date_mtd_sply = date(start_year -1,start_month,1)  
			
			
			var res = CALCULATE(
			    AVERAGEX(
			        users_history,
			        users_history[ci_time_alloc_prospecting]
			    ),
			    users_history[_sys_filt_start_date] >=start_date_mtd_sply && users_history[_sys_filt_start_date] <=end_date
			)
			RETURN
			res"
"meas.users_weekly_prospecting_avg_dur_hr_qtd","KEEP","Average of users weekly prospecting avg dur hr qtd. Respects the current filter context.","Returns the average users weekly prospecting average duration hr quarter-to-date.","-- get the dates
			var curr_date = CALCULATE(MAX(cal_end_dates[Date])) // get the mgmt current end date
			var end_date = curr_date
			var end_date_sply = date(Year(end_date) -1,Month(end_date),day(end_date)) // get the yoy end date
			var start_year = Year(curr_date) 
			var start_qtr_month = (Quarter(curr_date) * 3) - 2  
			var start_month = Month(curr_date)
			var start_date_ytd = date(start_year,1,1)  
			var start_date_ytd_sply = date(start_year-1,1,1)  
			var start_date_qtd = date(start_year,start_qtr_month ,1)  
			var start_date_qtd_sply = date(start_year -1,start_qtr_month,1)  
			var start_date_mtd = date(start_year,start_month,1) 
			var start_date_mtd_sply = date(start_year -1,start_month,1)  
			
			
			var res = CALCULATE(
			    AVERAGEX(
			        users_history,
			        users_history[ci_time_alloc_prospecting]
			    ),
			    users_history[_sys_filt_start_date] >=start_date_qtd && users_history[_sys_filt_start_date] <=end_date
			)
			RETURN
			res"
"meas.users_weekly_prospecting_avg_dur_hr_qtd_sply","KEEP","Average of users weekly prospecting avg dur hr qtd sply. Respects the current filter context.","Returns the average users weekly prospecting average duration hr quarter-to-date same period last year.","-- get the dates
			var curr_date = CALCULATE(MAX(cal_end_dates[Date])) // get the mgmt current end date
			var end_date = curr_date
			var end_date_sply = date(Year(end_date) -1,Month(end_date),day(end_date)) // get the yoy end date
			var start_year = Year(curr_date) 
			var start_qtr_month = (Quarter(curr_date) * 3) - 2  
			var start_month = Month(curr_date)
			var start_date_ytd = date(start_year,1,1)  
			var start_date_ytd_sply = date(start_year-1,1,1)  
			var start_date_qtd = date(start_year,start_qtr_month ,1)  
			var start_date_qtd_sply = date(start_year -1,start_qtr_month,1)  
			var start_date_mtd = date(start_year,start_month,1) 
			var start_date_mtd_sply = date(start_year -1,start_month,1)  
			
			
			var res = CALCULATE(
			    AVERAGEX(
			        users_history,
			        users_history[ci_time_alloc_prospecting]
			    ),
			    users_history[_sys_filt_start_date] >=start_date_qtd_sply && users_history[_sys_filt_start_date] <=end_date
			)
			RETURN
			res"
"meas.users_weekly_prospecting_avg_dur_hr_ytd","KEEP","Average of users weekly prospecting avg dur hr ytd. Respects the current filter context.","Returns the average users weekly prospecting average duration hr year-to-date.","-- get the dates
			var curr_date = CALCULATE(MAX(cal_end_dates[Date])) // get the mgmt current end date
			var end_date = curr_date
			var end_date_sply = date(Year(end_date) -1,Month(end_date),day(end_date)) // get the yoy end date
			var start_year = Year(curr_date) 
			var start_qtr_month = (Quarter(curr_date) * 3) - 2  
			var start_month = Month(curr_date)
			var start_date_ytd = date(start_year,1,1)  
			var start_date_ytd_sply = date(start_year-1,1,1)  
			var start_date_qtd = date(start_year,start_qtr_month ,1)  
			var start_date_qtd_sply = date(start_year -1,start_qtr_month,1)  
			var start_date_mtd = date(start_year,start_month,1) 
			var start_date_mtd_sply = date(start_year -1,start_month,1)  
			
			
			var res = CALCULATE(
			    AVERAGEX(
			        users_history,
			        users_history[ci_time_alloc_prospecting]
			    ),
			    users_history[_sys_filt_start_date] >=start_date_ytd && users_history[_sys_filt_start_date] <=end_date
			)
			RETURN
			res"
"meas.users_weekly_prospecting_avg_dur_hr_ytd_sply","KEEP","Average of users weekly prospecting avg dur hr ytd sply. Respects the current filter context.","Returns the average users weekly prospecting average duration hr year-to-date same period last year.","-- get the dates
			var curr_date = CALCULATE(MAX(cal_end_dates[Date])) // get the mgmt current end date
			var end_date = curr_date
			var end_date_sply = date(Year(end_date) -1,Month(end_date),day(end_date)) // get the yoy end date
			var start_year = Year(curr_date) 
			var start_qtr_month = (Quarter(curr_date) * 3) - 2  
			var start_month = Month(curr_date)
			var start_date_ytd = date(start_year,1,1)  
			var start_date_ytd_sply = date(start_year-1,1,1)  
			var start_date_qtd = date(start_year,start_qtr_month ,1)  
			var start_date_qtd_sply = date(start_year -1,start_qtr_month,1)  
			var start_date_mtd = date(start_year,start_month,1) 
			var start_date_mtd_sply = date(start_year -1,start_month,1)  
			
			
			var res = CALCULATE(
			    AVERAGEX(
			        users_history,
			        users_history[ci_time_alloc_prospecting]
			    ),
			    users_history[_sys_filt_start_date] >=start_date_ytd_sply && users_history[_sys_filt_start_date] <=end_date
			)
			RETURN
			res"
"meas.ytd_sales","KEEP","Measure calculating ytd sales. Respects the current filter context.","Summarizes year-to-date sales.","var curr_date = CALCULATE(MAX(cal_end_dates[Date]))
			var start_date = date(Year(curr_date),1,1)
			var res =  CALCULATE(SUM(ssr_history[opp_won_amt]), ssr_history[_sys_filt_end_date] >=  start_date) +0
			return res"
"meas_ssr_history_target_outcome","KEEP","Measure calculating meas ssr history target outcome. Respects the current filter context.","Calculates meas ssr history target outcome in the current reporting context.",""
"meas_ssr_total_prospecting_open_leads","KEEP","Measure calculating meas ssr total prospecting open leads. Respects the current filter context.","Calculates meas ssr total prospecting open leads in the current reporting context.",""
"OLD.meas.ssr_history_duration_hrs_per_step","KEEP","Measure calculating ssr history duration hrs per step. Respects the current filter context.","Calculates OLD.meas.ssr history duration hours per step in the current reporting context.",""
